vz,ay,comp,vx,az,ax,vy,time
0.106,0.038,-81.16421340186007,-0.15,1.012,-0.01,1.288,1.3933956623077393
0.106,0.041,-80.79417649036347,-0.255,1.009,-0.011,0.868,1.3954801559448242
0.036,0.038,-80.79417649036347,-0.22,1.013,-0.015,1.113,1.3959376811981201
0.176,0.035,-80.79417649036347,-0.185,1.013,-0.018,1.008,1.3962628841400146
0.036,0.041,-80.79417649036347,-0.185,1.01,-0.012,0.938,1.3965260982513428
-0.069,0.035,-80.81397914032324,-0.185,1.013,-0.015,1.008,1.3968195915222168
-0.104,0.036,-80.81397914032324,-0.22,1.013,-0.013,1.043,1.3970692157745361
-0.069,0.035,-80.81397914032324,-0.15,1.011,-0.011,1.043,1.3972899913787842
-0.139,0.039,-80.81397914032324,-0.29,1.016,-0.015,0.973,1.3974997997283936
-0.034,0.037,-80.81397914032324,-0.255,1.011,-0.003,1.078,1.397707462310791
-0.104,0.036,-80.81397914032324,-0.08,1.012,-0.0,1.148,1.3979222774505615
-0.104,0.038,-80.81397914032324,-0.325,1.015,-0.015,0.938,1.9465699195861816
-0.104,0.033,-80.80928283611088,-0.115,1.013,-0.017,0.798,1.947134256362915
0.036,0.043,-80.80928283611088,-0.22,1.006,-0.012,1.043,1.9490711688995361
0.106,0.044,-80.80928283611088,-0.325,1.008,-0.008,1.253,1.9493460655212402
0.071,0.034,-80.80928283611088,-0.22,1.012,-0.022,1.183,1.9495937824249268
-0.034,0.043,-80.80928283611088,-0.22,1.011,-0.011,0.938,1.9498491287231445
0.141,0.034,-80.80928283611088,-0.255,1.013,-0.015,0.903,1.9501593112945557
-0.139,0.038,-80.80928283611088,-0.185,1.012,-0.011,1.008,1.9504454135894775
0.211,0.038,-80.80928283611088,-0.325,1.011,-0.012,1.043,1.950702428817749
-0.034,0.039,-80.49975868466271,-0.115,1.016,-0.009,1.008,1.9509522914886475
-0.034,0.037,-80.49975868466271,-0.185,1.014,-0.015,1.008,1.9512147903442383
0.106,0.036,-80.49975868466271,-0.22,1.007,-0.015,1.043,1.9529242515563965
-0.034,0.045,-80.49975868466271,-0.325,1.009,-0.006,0.938,2.486304521560669
-0.069,0.041,-80.90273206875621,-0.115,1.015,-0.008,0.938,2.4868223667144775
0.071,0.031,-80.90273206875621,-0.08,1.013,-0.009,0.973,2.4884698390960693
-0.069,0.032,-80.90273206875621,-0.15,1.009,-0.012,0.973,2.488713502883911
0.141,0.032,-80.90273206875621,-0.22,1.016,-0.014,1.113,2.4889373779296875
-0.069,0.038,-80.42713598004363,-0.185,1.007,-0.012,0.973,2.4891562461853027
0.071,0.04,-80.42713598004363,-0.185,1.01,-0.009,1.043,2.4893760681152344
0.036,0.034,-80.42713598004363,-0.36,1.011,-0.018,1.043,2.489591360092163
0.036,0.038,-80.42713598004363,-0.29,1.013,-0.007,1.113,2.489802837371826
-0.034,0.039,-80.42713598004363,-0.255,1.014,-0.011,1.183,2.4900145530700684
0.001,0.034,-80.42713598004363,-0.185,1.012,-0.024,1.043,2.4902729988098145
0.071,0.04,-80.42713598004363,-0.22,1.01,-0.004,0.903,2.490933656692505
-0.104,0.041,-80.42713598004363,-0.255,1.014,-0.014,1.078,2.49303936958313
0.071,0.043,-80.42713598004363,-0.36,1.016,-0.003,0.973,2.994255304336548
-17.534,0.018,-81.18100363556802,-14.395,0.931,0.043,-13.342,2.9947478771209717
-17.149,-0.057,-81.04752666584584,-14.675,1.025,0.037,-10.052,2.996647357940674
-16.134,0.003,-81.04752666584584,-11.21,1.031,0.057,-6.027,2.9969482421875
-14.489,0.021,-81.04752666584584,-8.2,0.997,0.02,-0.217,2.9972455501556396
-13.089,0.019,-81.04752666584584,-3.685,1.054,0.073,5.418,2.9975168704986572
-11.164,0.021,-81.04752666584584,1.075,1.026,0.102,9.198,2.9977407455444336
-9.134,0.031,-81.04752666584584,2.825,0.91,0.084,10.108,2.9979300498962402
-8.364,0.067,-81.04752666584584,0.83,0.828,0.048,7.448,2.998112440109253
-8.259,0.0,-81.04752666584584,0.69,1.01,0.105,8.008,2.9983065128326416
-8.994,0.037,-81.04752666584584,-4.945,1.018,0.11,9.583,2.9985272884368896
-3.884,0.049,-81.3118618856136,2.16,0.943,0.071,10.703,3.569453001022339
-0.279,-0.07,-79.40202537887752,3.805,0.843,0.059,-6.482,3.5700018405914307
-1.364,-0.128,-79.40202537887752,3.14,0.95,0.065,-3.542,3.5720973014831543
-3.149,-0.025,-79.40202537887752,-2.075,1.136,0.061,-11.277,3.5723674297332764
-5.389,-0.02,-79.62597887150235,-3.825,1.058,0.144,-5.677,3.5726242065429688
-5.774,-0.097,-78.93154872966228,-0.57,0.982,0.316,1.323,3.5728671550750732
-5.634,-0.049,-78.93154872966228,1.25,1.01,0.104,-0.707,3.5731050968170166
-4.969,-0.041,-78.93154872966228,-0.78,0.984,0.13,-2.527,3.573350429534912
-3.989,-0.04,-78.93154872966228,-1.69,1.034,0.071,-0.462,3.573585033416748
-3.849,-0.01,-78.93154872966228,-4.875,1.086,0.145,0.623,3.573814868927002
-3.569,-0.01,-78.93154872966228,-4.21,1.03,0.09,2.863,3.574124336242676
-3.814,0.024,-78.93154872966228,-5.295,0.984,0.053,2.618,3.574415922164917
-3.954,0.005,-78.93154872966228,-5.75,0.941,0.038,2.058,3.5747182369232178
-3.289,-0.038,-78.93154872966228,-8.515,0.994,-0.023,1.988,4.1058948040008545
-13.404,-0.013,-79.39324225152558,-0.605,0.944,-0.037,6.083,4.106508255004883
-12.879,0.015,-79.39324225152558,-2.355,0.966,-0.014,0.693,4.106847763061523
-10.289,0.015,-79.39324225152558,-4.315,1.103,-0.048,-5.152,4.108722448348999
-7.909,0.027,-79.39324225152558,-1.515,1.028,-0.032,-3.297,4.1090428829193115
-6.859,0.035,-79.39324225152558,0.235,0.98,-0.048,-1.547,4.109350919723511
-4.759,0.048,-79.39324225152558,-0.465,0.945,-0.004,1.148,4.109659194946289
-3.289,0.059,-79.39324225152558,-2.985,0.967,0.067,0.413,4.109957218170166
-1.679,0.034,-80.22953539409767,-3.65,0.951,0.025,1.498,4.110253095626831
-1.434,0.034,-80.22953539409767,-2.495,1.025,0.004,-1.372,4.110543727874756
-2.379,0.041,-80.22953539409767,1.215,1.11,0.027,-2.562,4.110824823379517
-3.674,0.028,-80.22953539409767,0.2,0.987,0.032,-1.442,4.624341011047363
-14.944,0.088,-80.1838852034648,-2.775,1.171,-0.055,-20.517,4.626351594924927
-11.339,0.047,-80.1838852034648,-8.62,1.097,0.058,-28.637,4.62675666809082
-5.984,0.011,-80.1838852034648,9.335,0.988,-0.045,-28.707,4.627051830291748
-7.279,-0.09,-80.1838852034648,10.665,0.919,0.023,-27.482,4.627329111099243
-6.439,0.046,-80.1838852034648,3.0,0.941,0.019,-21.672,4.627595901489258
-3.254,0.045,-81.39456782878429,7.235,1.125,0.037,-24.962,4.627857685089111
-1.644,-0.0,-81.39456782878429,15.88,1.03,0.067,-26.012,4.6281280517578125
-2.519,0.037,-81.39456782878429,18.96,0.882,0.103,-27.447,4.6283814907073975
-1.819,-0.014,-81.39456782878429,18.47,0.862,0.111,-34.692,4.628633737564087
-0.769,0.019,-81.39456782878429,16.335,1.035,0.087,-42.777,4.628883600234985
-0.139,0.03,-81.39456782878429,17.805,1.043,0.051,-43.232,4.631272554397583
-0.664,0.065,-81.39456782878429,24.77,1.078,0.076,-36.827,4.63286280632019
-1.084,-0.006,-81.39456782878429,25.295,1.001,0.041,-31.332,5.107277154922485
-2.834,0.13,-78.57055734572118,-0.29,1.003,0.148,-0.567,5.107781410217285
-2.379,0.13,-78.57055734572118,-0.29,1.003,0.148,-1.092,5.108093500137329
-1.644,0.123,-78.57055734572118,1.145,1.006,0.165,-1.372,5.108332395553589
-1.399,0.132,-78.57055734572118,3.35,1.039,0.155,-2.212,5.108582496643066
-1.504,0.147,-78.57055734572118,5.345,0.999,0.118,-2.702,5.108803987503052
-2.134,0.139,-78.40664088228652,4.785,1.0,0.134,-5.432,5.109048366546631
-3.009,0.12,-78.40664088228652,4.33,0.954,0.129,-6.272,5.1092870235443115
-4.269,0.141,-78.40664088228652,4.645,0.977,0.13,-4.977,5.111151695251465
-5.564,0.132,-78.40664088228652,4.155,0.98,0.097,-3.717,5.111447811126709
-6.719,0.115,-78.40664088228652,2.895,0.932,0.111,-3.612,5.111701965332031
-7.559,0.134,-78.40664088228652,1.11,0.975,0.123,-2.142,5.581458330154419
-5.354,0.179,-76.75033251891094,-5.225,1.023,0.163,10.283,5.583725452423096
-7.629,0.137,-76.75033251891094,-6.03,1.004,0.13,13.888,5.584122180938721
-10.849,0.156,-76.75033251891094,-6.835,0.915,0.08,18.368,5.584400415420532
-13.684,0.175,-76.75033251891094,-6.87,0.947,0.123,22.043,5.584668159484863
-17.289,0.132,-76.75033251891094,-11.0,1.031,0.156,21.343,5.584929943084717
-20.369,0.215,-76.75033251891094,-16.18,0.929,0.249,21.448,5.585187196731567
-23.344,0.175,-76.75033251891094,-19.225,0.992,0.221,20.083,5.58544135093689
-23.379,0.142,-77.35972204333144,-17.685,1.003,0.169,16.828,5.585698843002319
-22.224,0.207,-77.35972204333144,-10.79,1.045,0.168,17.633,5.585953712463379
-21.104,0.199,-77.35972204333144,-2.635,0.986,0.132,18.823,5.58621883392334
-19.634,0.185,-77.35972204333144,-2.74,1.018,0.168,18.473,6.092248916625977
-3.709,0.013,-75.96375653207353,5.73,1.141,-0.012,-2.702,6.094382047653198
0.421,0.001,-75.96375653207353,4.435,1.011,-0.038,2.303,6.094727039337158
3.816,-0.02,-75.96375653207353,5.765,0.981,-0.002,0.378,6.0949647426605225
7.666,0.035,-75.96375653207353,2.685,0.966,0.08,-2.737,6.095184803009033
14.211,0.066,-75.96375653207353,-2.635,0.904,0.041,-5.117,6.095428705215454
16.311,0.023,-75.96375653207353,-2.6,0.969,0.167,-6.062,6.095654010772705
17.991,0.112,-77.49534370341811,4.855,1.025,-0.029,-2.212,6.095865488052368
20.371,0.076,-77.49534370341811,0.48,1.083,0.159,-1.827,6.096072196960449
21.561,0.087,-77.49534370341811,0.76,0.96,0.046,3.808,6.0963029861450195
22.016,0.096,-77.49534370341811,-2.775,0.922,0.098,4.053,6.096556663513184
21.491,0.076,-77.49534370341811,-1.655,0.974,0.106,0.238,6.096771478652954
20.091,0.113,-77.49534370341811,-2.285,1.018,0.096,-1.757,6.0975189208984375
17.816,0.107,-77.49534370341811,-3.545,1.053,0.075,-1.932,6.5863847732543945
-6.999,0.071,-78.97633955963954,-23.075,1.139,0.081,-30.667,6.588494777679443
-10.499,0.029,-78.97633955963954,-23.39,1.139,0.102,-32.872,6.588940382003784
-12.879,-0.057,-78.97633955963954,-33.47,1.047,0.019,-35.847,6.589213848114014
-14.139,-0.057,-78.97633955963954,-33.47,1.047,0.019,-35.847,6.589456081390381
-13.474,0.056,-78.84984340717105,-45.895,0.943,0.019,-33.397,6.589742660522461
-10.639,0.028,-78.84984340717105,-42.43,1.031,0.106,-33.502,6.590071678161621
-7.909,-0.008,-78.84984340717105,-35.395,0.943,0.154,-34.692,6.590386867523193
-3.709,-0.008,-78.84984340717105,-29.655,0.92,0.13,-34.972,6.590695142745972
-0.209,0.133,-78.84984340717105,-23.355,0.77,0.075,-33.677,6.590995788574219
3.851,0.079,-78.84984340717105,-19.085,0.991,0.08,-25.277,6.591289043426514
8.051,0.056,-78.84984340717105,-19.785,1.037,0.091,-13.202,7.040106296539307
23.311,-0.08,-80.48018216594573,11.295,1.03,0.083,10.458,7.040670394897461
22.611,-0.077,-80.48018216594573,10.07,0.975,0.105,11.158,7.042393684387207
21.246,-0.089,-80.48018216594573,9.825,0.953,0.081,10.493,7.042707681655884
19.951,-0.102,-80.48018216594573,9.37,1.003,0.096,10.738,7.042979955673218
17.536,-0.075,-80.48018216594573,9.055,1.012,0.113,8.533,7.043264389038086
16.941,-0.111,-80.48018216594573,8.985,1.008,0.096,6.363,7.043518543243408
15.401,-0.132,-80.48018216594573,11.645,0.989,0.11,5.943,7.043772459030151
14.316,-0.06,-80.48018216594573,11.26,0.929,0.068,5.313,7.044020414352417
13.966,-0.109,-80.48018216594573,11.575,1.025,0.107,5.873,7.044267177581787
13.651,-0.115,-80.09711810614542,12.24,1.056,0.074,7.273,7.0445098876953125
14.071,-0.096,-80.09711810614542,13.045,1.042,0.035,13.013,7.044755935668945
13.546,-0.094,-80.09711810614542,17.21,1.026,0.063,19.838,7.047800779342651
11.866,-0.068,-80.09711810614542,21.83,1.04,0.081,23.338,7.547458648681641
35.351,0.009,-77.14577417297112,-0.57,0.787,-0.039,-5.467,7.548029661178589
31.396,0.014,-77.14577417297112,-7.605,0.976,0.039,-7.567,7.5499186515808105
26.566,-0.083,-77.14577417297112,1.6,1.033,0.209,-5.432,7.5502400398254395
23.031,0.058,-77.14577417297112,21.55,0.936,0.147,4.333,7.550562381744385
18.866,0.09,-77.14577417297112,7.06,0.961,0.067,-4.032,7.550906181335449
8.436,-0.106,-77.19721684068544,-7.325,1.256,0.248,-3.717,7.551258087158203
6.161,0.072,-77.19721684068544,-5.19,1.196,0.192,2.338,7.551631212234497
1.576,-0.068,-77.19721684068544,-8.655,1.098,0.189,3.668,7.551907777786255
-4.724,0.03,-77.19721684068544,-3.09,0.958,0.268,3.248,7.5521321296691895
-10.114,-0.056,-77.19721684068544,-0.5,0.872,0.148,1.848,7.552345275878906
-12.949,-0.09,-77.19721684068544,-3.545,0.904,0.15,-4.732,7.553231954574585
-15.819,-0.015,-77.19721684068544,-2.88,0.954,0.044,-2.702,8.031713724136353
-5.704,-0.023,-77.41151674356166,1.495,1.017,-0.002,-0.427,8.033814191818237
-4.899,-0.019,-77.41151674356166,0.62,1.09,0.051,2.408,8.034225225448608
-5.214,0.023,-77.41151674356166,3.385,1.003,0.017,4.298,8.03453803062439
-5.494,-0.023,-77.41151674356166,3.77,1.001,0.045,0.588,8.034862995147705
-5.319,-0.032,-77.41151674356166,8.425,1.12,-0.021,4.403,8.035148859024048
-3.954,-0.052,-77.41151674356166,8.565,0.998,0.049,3.773,8.03545618057251
-2.554,-0.018,-77.88304567248764,3.77,0.932,0.022,3.318,8.03573489189148
-2.554,-0.017,-77.88304567248764,3.77,0.972,0.048,3.318,8.03601598739624
-2.064,-0.006,-77.88304567248764,1.67,1.003,0.031,-1.477,8.036299467086792
-2.834,0.004,-77.88304567248764,1.88,0.991,0.04,-1.477,8.036579847335815
-3.884,0.001,-77.88304567248764,5.66,0.995,0.026,-4.662,8.036864519119263
-4.514,-0.001,-77.88304567248764,7.865,0.992,0.022,-5.817,8.54252552986145
-7.629,0.001,-77.36882808200123,2.965,1.061,0.119,-1.827,8.543241739273071
-12.494,0.028,-77.36882808200123,1.495,1.053,0.142,2.548,8.54513669013977
-13.754,0.044,-77.36882808200123,0.34,1.013,0.131,1.813,8.545479774475098
-16.029,0.042,-77.36882808200123,-0.85,1.032,0.172,2.373,8.545777559280396
-18.024,0.073,-77.36882808200123,0.655,1.026,0.154,0.028,8.546055793762207
-19.109,0.074,-77.30018748746528,5.94,1.039,0.171,-5.012,8.546335935592651
-19.109,0.047,-77.30018748746528,10.35,1.003,0.172,-9.282,8.546608209609985
-17.954,0.074,-77.30018748746528,14.2,1.066,0.154,-13.132,8.546875238418579
-17.779,0.073,-77.30018748746528,16.86,1.062,0.135,-14.147,8.547149419784546
-17.849,0.08,-77.30018748746528,19.065,0.987,0.15,-15.512,8.547436714172363
-17.954,0.066,-77.30018748746528,19.87,0.95,0.145,-16.247,8.547698736190796
-17.394,0.066,-77.30018748746528,16.895,0.948,0.161,-15.162,9.04634165763855
3.256,0.143,-74.79708507579316,4.68,0.981,0.191,-1.582,9.048760175704956
2.591,0.107,-74.79708507579316,4.295,0.985,0.202,-2.037,9.0491361618042
2.206,0.14,-74.79708507579316,5.485,0.956,0.163,-2.842,9.049431324005127
2.521,0.132,-74.94051636338087,3.805,0.962,0.162,-3.612,9.04971957206726
2.591,0.124,-74.94051636338087,3.245,1.027,0.182,-1.092,9.049989461898804
1.926,0.13,-74.94051636338087,1.46,1.021,0.185,0.203,9.050252199172974
1.716,0.115,-74.94051636338087,0.69,0.986,0.169,3.108,9.050506830215454
1.786,0.156,-74.94051636338087,-1.725,0.922,0.165,5.348,9.05076003074646
1.996,0.135,-74.94051636338087,-3.37,0.862,0.212,4.648,9.051012754440308
2.731,0.136,-74.94051636338087,1.53,0.864,0.231,4.088,9.051263093948364
4.621,0.171,-74.94051636338087,1.46,0.846,0.162,3.563,9.054718494415283
4.201,0.16,-74.94051636338087,-2.985,1.119,0.191,4.543,9.541467428207397
34.056,-0.005,-73.1106868451003,-14.885,1.45,0.304,38.213,9.543552875518799
27.021,0.193,-73.1106868451003,-37.985,1.282,0.088,53.753,9.54404330253601
21.911,-0.05,-73.1106868451003,-52.125,0.834,0.142,55.048,9.54435682296753
19.881,0.007,-73.63259298169908,-44.285,1.213,0.038,59.598,9.544662714004517
26.111,-0.147,-73.63259298169908,-20.45,1.344,0.033,43.813,9.544958114624023
27.546,0.291,-73.63259298169908,19.24,1.229,-0.107,15.323,9.545254230499268
23.031,0.093,-73.63259298169908,18.925,1.175,-0.176,-5.852,9.545555114746094
15.086,-0.027,-73.63259298169908,-4.28,0.975,-0.303,1.883,9.54585075378418
6.406,0.007,-73.63259298169908,-28.535,1.202,-0.015,24.983,9.546143531799316
7.596,0.192,-73.63259298169908,-11.49,1.099,-0.053,8.918,9.546450138092041
4.901,-0.188,-73.63259298169908,15.005,0.636,-0.207,-7.952,10.058216094970703
6.476,0.1,-76.09653909740105,-2.985,1.074,-0.068,0.168,10.060759782791138
9.206,0.049,-76.09653909740105,-5.505,1.021,-0.078,-3.577,10.0611732006073
11.061,0.053,-76.09653909740105,-2.565,0.99,-0.101,-1.477,10.061472415924072
12.391,0.052,-76.09653909740105,0.585,1.01,-0.077,2.198,10.061757564544678
12.636,0.06,-76.09653909740105,1.67,1.027,-0.063,2.688,10.06203317642212
12.041,0.021,-76.09653909740105,1.18,1.044,-0.039,-0.392,10.062324047088623
11.481,0.038,-76.09653909740105,1.565,1.012,-0.031,-1.967,10.06261157989502
10.466,0.099,-76.09653909740105,1.18,0.945,0.006,-4.487,10.062882423400879
8.296,0.044,-76.09653909740105,0.865,0.947,-0.009,-5.152,10.063233375549316
7.456,0.024,-76.09653909740105,0.83,0.948,-0.009,-4.067,10.063543319702148
4.166,-0.234,-75.21318275519221,-1.41,1.075,-0.122,-4.522,10.598122119903564
19.391,0.171,-74.87812372371629,2.055,0.632,0.015,2.863,10.60019063949585
18.761,-0.045,-74.87812372371629,-4.735,0.799,0.119,3.913,10.600492477416992
17.466,-0.001,-74.87812372371629,7.095,1.294,0.041,16.058,10.600722074508667
16.801,-0.107,-74.87812372371629,3.07,1.12,0.209,8.743,10.60094952583313
14.141,0.003,-74.87812372371629,7.655,0.565,0.11,0.973,10.601168870925903
11.131,0.018,-74.87812372371629,4.365,0.728,0.061,1.078,10.601383209228516
9.311,-0.079,-75.29508920579164,17.14,1.258,0.095,9.723,10.601595163345337
9.591,-0.111,-75.29508920579164,23.335,1.274,0.173,11.543,10.601811170578003
9.626,-0.031,-75.29508920579164,31.77,0.829,0.139,6.818,10.602023601531982
6.931,0.011,-75.29508920579164,27.08,0.717,0.167,5.243,10.602252721786499
4.936,0.015,-75.29508920579164,32.225,1.045,0.047,8.288,11.126777172088623
23.416,-0.08,-72.49576716806175,9.37,1.131,0.09,18.648,11.128949403762817
25.271,-0.103,-72.49576716806175,7.585,1.038,0.13,17.703,11.129394769668579
29.681,-0.046,-72.49576716806175,10.735,0.829,0.137,9.198,11.12969970703125
28.666,-0.072,-72.49576716806175,-7.57,0.968,0.127,-5.292,11.129979848861694
26.391,-0.076,-72.49576716806175,-11.21,1.096,0.05,-10.332,11.1302649974823
24.886,-0.267,-72.49576716806175,7.235,0.862,0.088,-8.722,11.130540609359741
26.391,0.175,-72.49576716806175,2.93,1.07,0.004,-1.127,11.130804777145386
25.761,-0.056,-72.49576716806175,2.93,1.077,-0.035,3.073,11.13106369972229
22.576,-0.044,-72.49576716806175,2.685,0.917,0.043,10.178,11.131392002105713
20.476,0.077,-72.49576716806175,-3.545,1.215,0.02,21.448,11.131724834442139
17.676,-0.008,-74.13900006662264,-3.685,0.883,0.031,14.343,11.641664743423462
-13.439,0.006,-75.24377585916847,0.095,0.996,0.015,2.443,11.643828630447388
-12.354,0.018,-75.24377585916847,0.34,1.014,0.003,0.903,11.6441969871521
-11.584,0.009,-75.24377585916847,0.935,1.027,-0.004,0.448,11.64449691772461
-10.709,0.048,-75.24377585916847,0.725,1.053,-0.012,0.273,11.644776344299316
-9.379,0.023,-75.24377585916847,0.2,1.036,-0.02,0.483,11.645058393478394
-8.154,0.046,-75.24377585916847,2.65,1.05,-0.001,1.638,11.64533805847168
-6.299,0.019,-75.24377585916847,3.56,1.025,-0.015,2.898,11.645658254623413
-3.674,-0.002,-75.24377585916847,0.445,0.901,-0.005,3.528,11.645968198776245
-2.974,0.063,-75.08153956062505,1.705,0.983,0.027,1.358,11.646255016326904
-1.854,0.021,-75.08153956062505,1.11,1.018,-0.03,0.098,11.64655613899231
-1.224,0.026,-75.08153956062505,1.88,0.98,0.004,-1.162,11.646831512451172
-0.979,0.052,-75.08153956062505,1.145,0.963,0.028,-2.492,12.20906376838684
-14.279,0.044,-74.21890391602341,3.455,1.058,0.094,2.723,12.211151838302612
-15.084,0.075,-74.21890391602341,1.635,1.032,0.086,0.728,12.211511373519897
-14.314,0.08,-74.21890391602341,-1.76,1.088,0.123,-0.882,12.211774587631226
-13.894,0.036,-74.21890391602341,-0.85,1.037,0.134,-3.682,12.21202039718628
-14.034,0.098,-74.21890391602341,8.53,1.032,0.1,-4.907,12.212261438369751
-13.929,0.072,-74.21890391602341,11.75,1.087,0.134,-4.942,12.21249794960022
-14.069,0.069,-74.21890391602341,13.36,1.057,0.148,-8.162,12.212730646133423
-13.894,0.033,-74.21890391602341,14.2,0.958,0.188,-13.762,12.212966918945312
-13.789,0.09,-74.21890391602341,14.83,0.964,0.102,-17.717,12.21319842338562
-15.049,0.067,-73.71934617831346,21.305,0.996,0.098,-15.477,12.213428735733032
-16.694,0.072,-73.71934617831346,22.775,1.034,0.137,-15.652,12.752416372299194
2.276,0.161,-71.46162930472099,1.74,0.934,0.173,0.413,12.754699945449829
2.801,0.156,-71.46162930472099,2.615,0.943,0.199,-0.392,12.755186796188354
3.641,0.156,-71.46162930472099,2.755,1.041,0.169,-0.532,12.755528450012207
4.166,0.116,-71.46162930472099,0.165,0.986,0.154,0.868,12.755862474441528
4.516,0.157,-71.46162930472099,0.305,0.994,0.156,1.603,12.75617527961731
5.776,0.142,-71.46162930472099,1.88,1.073,0.178,3.808,12.756477355957031
6.756,0.082,-72.45165809030038,2.23,0.908,0.154,6.363,12.756767511367798
7.036,0.122,-72.45165809030038,-2.565,0.983,0.178,2.828,12.75705099105835
8.016,0.116,-72.45165809030038,-3.02,1.014,0.212,3.843,12.75732970237732
9.206,0.14,-72.45165809030038,-1.13,0.973,0.063,6.363,12.757620096206665
8.856,0.119,-72.45165809030038,-2.215,1.061,0.138,9.198,12.761528253555298
8.751,0.198,-72.45165809030038,-0.85,0.963,0.232,7.343,13.29823112487793
-3.254,-0.004,-71.41795065429245,17.7,0.864,-0.19,3.878,13.30081558227539
-5.879,-0.022,-71.41795065429245,14.445,0.837,-0.205,0.063,13.30124831199646
-10.184,-0.011,-71.41795065429245,6.5,0.777,-0.198,-0.672,13.301511526107788
-17.639,-0.028,-71.41795065429245,10.595,1.166,-0.155,-1.687,13.30174708366394
-17.639,-0.028,-71.41795065429245,10.595,1.166,-0.145,-1.687,13.301974296569824
-20.159,-0.059,-71.41795065429245,14.69,1.12,-0.115,-2.562,13.302214860916138
-21.489,-0.071,-71.41795065429245,10.105,0.928,-0.077,-1.162,13.30246353149414
-20.719,-0.075,-71.41795065429245,7.515,0.963,-0.042,-0.427,13.302704095840454
-18.199,-0.042,-71.41795065429245,5.415,1.054,0.009,-3.892,13.303069353103638
-12.879,-0.054,-71.27870482206626,7.795,1.087,0.015,-3.227,13.303472995758057
-7.804,-0.033,-71.27870482206626,10.14,1.027,-0.022,-1.022,13.303771734237671
-1.469,-0.027,-71.27870482206626,3.455,1.005,0.03,0.553,13.855363607406616
3.676,0.045,-73.47333289324521,-1.76,0.998,0.073,-8.582,13.857400178909302
2.591,0.039,-73.47333289324521,-3.65,1.02,0.045,-9.002,13.85771918296814
0.911,0.006,-73.47333289324521,-14.395,1.051,0.072,-11.592,13.857964754104614
-0.104,-0.069,-72.78767294849591,-13.38,1.036,0.003,-17.612,13.858214378356934
-1.644,-0.061,-72.78767294849591,-25.91,1.131,0.103,-22.967,13.858454704284668
-3.184,0.01,-72.78767294849591,-26.54,1.141,0.083,-30.982,13.858684062957764
-4.024,-0.031,-72.78767294849591,-25.84,1.235,0.094,-38.402,13.858907461166382
-4.969,-0.019,-72.78767294849591,-29.585,1.21,0.09,-46.557,13.859127521514893
-7.174,0.033,-72.78767294849591,-32.35,1.063,0.055,-47.432,13.859350442886353
-7.979,0.13,-72.78767294849591,-37.81,0.942,0.065,-46.487,13.85957145690918
-5.564,0.049,-72.78767294849591,-42.78,0.953,0.085,-35.742,13.860057353973389
-3.569,0.045,-72.78767294849591,-38.3,0.971,0.074,-35.287,14.370162963867188
8.541,-0.062,-74.25796004912911,9.545,0.924,0.083,14.798,14.372565269470215
7.631,-0.04,-74.25796004912911,10.735,1.03,0.1,17.318,14.373119115829468
6.826,-0.065,-74.25796004912911,9.195,1.169,0.139,18.403,14.373480081558228
5.251,-0.092,-74.25796004912911,13.745,1.033,0.167,12.103,14.373809337615967
2.626,0.055,-74.25796004912911,10.84,0.689,-0.017,3.038,14.374120235443115
0.491,0.002,-74.25796004912911,10.77,1.015,0.069,9.933,14.374451637268066
1.086,-0.096,-74.25796004912911,17.0,1.339,0.177,8.603,14.374765157699585
0.036,-0.188,-74.25796004912911,18.295,0.964,0.073,6.678,14.37506914138794
-1.784,0.108,-74.25796004912911,24.98,0.729,0.101,3.843,14.375369548797607
-5.809,-0.007,-74.25796004912911,6.92,0.772,0.062,0.378,14.375674486160278
-10.534,-0.01,-73.74113767909967,9.405,1.33,0.003,15.918,14.375976800918579
-11.829,-0.143,-73.74113767909967,16.405,1.052,0.077,25.718,14.902652025222778
12.951,0.005,-72.13362922592637,-2.705,1.057,0.15,2.478,14.904960870742798
1.016,0.01,-72.13362922592637,-3.58,0.905,0.112,-4.137,14.905491352081299
-5.249,-0.004,-72.13362922592637,-2.81,0.863,0.117,-6.202,14.905857801437378
-9.624,0.005,-72.13362922592637,-1.445,0.924,0.111,-1.057,14.906101703643799
-14.034,0.02,-72.68690162657447,0.06,1.031,0.042,6.923,14.906342506408691
-17.429,0.032,-72.68690162657447,-0.36,1.095,0.042,9.373,14.906622648239136
-19.494,0.056,-72.68690162657447,-3.86,1.05,0.05,9.898,14.90688943862915
-20.019,0.077,-72.68690162657447,-2.145,1.028,0.036,3.143,14.907151937484741
-19.844,0.015,-72.68690162657447,-2.145,1.028,0.023,0.588,14.90742540359497
-18.584,-0.003,-72.68690162657447,0.41,0.935,-0.064,2.163,14.907695293426514
-15.259,0.038,-72.68690162657447,-0.535,0.945,-0.046,5.243,15.397320747375488
-0.909,0.034,-73.05835762255572,7.375,1.022,0.017,-0.987,15.399354696273804
-1.014,0.066,-73.05835762255572,8.18,0.928,0.031,-3.542,15.39966630935669
-0.874,0.04,-73.05835762255572,5.73,0.902,0.023,-5.537,15.39993691444397
-0.384,0.019,-73.05835762255572,3.735,1.003,0.012,-5.362,15.400192022323608
-0.489,0.037,-73.72290882606643,3.35,1.1,0.025,-4.732,15.40043044090271
-1.329,0.001,-73.72290882606643,5.59,1.06,0.021,-3.297,15.400664806365967
-1.329,0.027,-73.72290882606643,5.975,1.015,-0.015,-2.912,15.40089464187622
-2.414,0.016,-73.72290882606643,6.57,1.003,0.051,-1.512,15.401124238967896
-3.814,0.046,-73.72290882606643,6.255,0.947,0.021,-0.427,15.401352643966675
-4.864,0.025,-73.72290882606643,6.85,0.975,0.088,-0.007,15.401582479476929
-6.299,0.304,-73.72290882606643,3.875,0.877,0.515,-1.232,15.858021020889282
-8.994,0.043,-72.54303183536733,8.53,1.073,0.168,-4.102,15.860162258148193
-9.694,0.026,-72.54303183536733,10.035,0.995,0.144,-6.902,15.86064887046814
-11.759,0.056,-72.54303183536733,10.455,0.979,0.137,-7.882,15.860978126525879
-12.389,0.051,-72.54303183536733,9.02,1.025,0.099,-7.462,15.86128044128418
-14.104,0.03,-72.54303183536733,8.11,1.041,0.136,-6.972,15.861566066741943
-15.994,0.04,-72.54303183536733,8.04,1.007,0.129,-6.552,15.8618483543396
-17.919,0.058,-72.54303183536733,8.845,1.02,0.132,-6.132,15.86212706565857
-18.829,0.046,-72.19945325458441,9.755,0.966,0.19,-7.602,15.862416505813599
-19.179,0.054,-72.19945325458441,9.335,0.986,0.128,-9.492,15.862690687179565
-20.124,0.114,-72.19945325458441,10.35,1.089,0.155,-10.437,15.862955331802368
-20.194,0.056,-72.19945325458441,10.42,1.008,0.155,-10.717,16.334755420684814
3.816,0.132,-71.30672140243227,6.675,1.035,0.16,-2.177,16.33686327934265
4.481,0.063,-71.30672140243227,5.555,1.009,0.203,-1.757,16.337324380874634
4.411,0.076,-71.30672140243227,6.08,1.055,0.188,-1.162,16.33766198158264
3.921,0.181,-71.30672140243227,5.905,1.023,0.182,-2.212,16.337974548339844
4.796,0.107,-71.30672140243227,-2.775,0.883,0.184,-1.022,16.338289260864258
5.391,0.088,-71.30672140243227,1.215,0.852,0.192,-2.632,16.338589191436768
7.386,0.078,-71.30672140243227,6.675,1.001,0.208,-0.182,16.338879346847534
7.386,0.072,-71.30672140243227,6.675,1.001,0.174,-0.182,16.339167833328247
5.881,0.044,-70.45020150936404,2.195,1.035,0.147,3.878,16.339454889297485
5.076,0.114,-70.45020150936404,-1.06,0.965,0.158,4.543,16.339754819869995
6.091,0.165,-70.45020150936404,-13.765,1.059,0.251,7.623,16.344465255737305
8.156,0.07,-70.45020150936404,-5.365,0.795,0.224,1.708,16.829131603240967
4.971,0.106,-70.06121146295487,16.93,1.579,0.093,33.943,16.831363916397095
6.021,0.292,-70.06121146295487,23.58,1.064,-0.328,5.803,16.831873178482056
2.801,-0.129,-70.06121146295487,4.12,0.741,0.021,5.243,16.832214832305908
4.236,0.045,-70.06121146295487,-8.725,0.929,-0.18,23.793,16.832532167434692
3.676,-0.025,-70.06121146295487,-18.77,1.348,-0.017,14.728,16.83282971382141
3.571,0.045,-70.06121146295487,-3.335,1.026,-0.174,1.638,16.833122968673706
3.361,-0.02,-70.06121146295487,8.81,0.811,-0.102,-7.077,16.833412408828735
4.481,-0.11,-70.06121146295487,6.885,0.921,-0.205,1.393,16.833699226379395
5.741,-0.007,-70.06121146295487,-6.205,1.091,-0.159,8.778,16.83398175239563
5.321,0.021,-69.23386648354031,-7.675,1.1,-0.156,13.538,16.834273099899292
5.321,0.034,-69.23386648354031,13.99,0.933,-0.117,2.548,16.834561347961426
5.146,-0.072,-69.23386648354031,13.71,0.98,-0.087,-1.162,16.834845304489136
3.291,-0.045,-69.23386648354031,4.89,0.955,-0.11,-1.617,17.309661865234375
5.636,0.063,-69.88178958309861,-3.72,1.078,0.045,4.088,17.311890840530396
7.211,0.07,-69.88178958309861,-1.83,1.028,-0.001,3.983,17.312280416488647
9.101,0.066,-69.88178958309861,0.235,0.966,0.043,2.758,17.312546730041504
10.396,0.049,-69.88178958309861,-0.465,0.987,0.018,1.848,17.312779188156128
11.586,0.033,-69.88178958309861,-1.97,1.007,0.005,2.303,17.313004970550537
11.726,0.013,-69.88178958309861,-0.675,1.011,-0.008,3.213,17.313225746154785
11.481,0.011,-69.88178958309861,-0.255,1.043,-0.011,3.983,17.313449144363403
10.361,-0.027,-69.88178958309861,-1.375,1.024,-0.002,2.898,17.31366753578186
7.841,-0.009,-69.88178958309861,-1.34,0.975,-0.013,0.903,17.313889741897583
6.966,-0.01,-71.6229097431674,-2.145,0.977,-0.001,0.308,17.314110040664673
5.811,-0.052,-71.6229097431674,-2.075,0.953,0.022,-0.007,17.314478397369385
4.796,-0.001,-71.6229097431674,-4.315,1.0,0.007,-2.667,17.780266523361206
-3.324,0.018,-70.42899292657378,2.685,1.114,0.129,9.688,17.782411098480225
-2.239,-0.007,-70.94609783470925,3.56,0.983,0.103,6.118,17.78278684616089
-1.854,0.062,-70.94609783470925,-2.285,0.781,0.082,1.498,17.783045053482056
0.036,0.089,-70.94609783470925,0.83,0.968,0.066,8.498,17.78328013420105
0.876,-0.008,-70.94609783470925,-4.77,1.136,0.12,8.638,17.783507108688354
1.681,0.04,-70.94609783470925,-4.735,0.908,0.087,3.318,17.78373670578003
2.836,-0.012,-70.94609783470925,0.2,0.985,0.143,5.768,17.783966064453125
5.216,-0.061,-70.94609783470925,3.245,1.17,0.091,11.368,17.784192085266113
6.896,-0.02,-70.94609783470925,8.845,0.956,0.13,10.843,17.784411430358887
7.211,0.129,-70.94609783470925,1.53,0.607,0.009,6.468,17.784627676010132
8.156,0.018,-70.94609783470925,9.545,1.264,0.103,12.873,18.281896352767944
-7.349,0.106,-68.6321581343773,3.14,1.386,0.045,-3.997,18.284064054489136
-3.709,-0.01,-68.6321581343773,2.895,1.219,0.035,-4.662,18.28447151184082
2.136,-0.068,-68.6321581343773,11.75,1.04,0.036,-2.142,18.284785509109497
9.136,-0.01,-68.6321581343773,-1.69,0.875,0.039,-2.842,18.285147190093994
14.491,-0.073,-68.6321581343773,-6.31,0.915,0.033,-8.372,18.285502672195435
20.231,-0.062,-68.6321581343773,1.215,1.084,0.031,-13.167,18.2857882976532
23.906,-0.409,-68.6321581343773,7.62,0.811,0.229,-7.007,18.286085844039917
29.506,-0.027,-68.6321581343773,17.21,0.883,0.01,6.538,18.28637671470642
32.761,-0.091,-68.6321581343773,11.015,0.873,0.077,5.278,18.286667108535767
36.016,-0.091,-68.6321581343773,0.9,1.016,0.195,4.963,18.286943197250366
37.241,-0.003,-68.89740109529568,1.985,1.22,0.196,7.203,18.28721284866333
36.716,-0.07,-68.89740109529568,3.175,1.299,0.149,5.943,18.797305822372437
-0.244,-0.021,-69.58486885811203,-3.02,1.034,0.015,-1.652,18.799597024917603
-0.174,0.036,-69.58486885811203,3.42,0.976,-0.013,0.308,18.799986839294434
-1.119,0.029,-69.58486885811203,2.23,1.0,0.014,-0.462,18.800287008285522
-2.204,-0.02,-69.58486885811203,1.95,1.081,0.012,1.778,18.80059504508972
-2.134,-0.006,-69.58486885811203,0.9,1.008,0.04,4.543,18.800841093063354
-0.419,0.11,-69.58486885811203,1.425,0.981,-0.007,7.308,18.80109930038452
0.666,0.074,-69.58486885811203,3.315,0.988,-0.046,3.493,18.801342487335205
1.121,0.038,-69.58486885811203,3.28,0.989,-0.017,-0.777,18.801572799682617
1.996,-0.004,-70.30866950461487,1.18,1.019,-0.061,-2.702,18.801795721054077
1.751,-0.006,-70.30866950461487,0.9,1.093,0.139,-2.072,18.8020179271698
0.176,0.031,-70.30866950461487,-1.865,0.973,-0.002,-2.177,18.80224847793579
-0.244,-0.038,-70.30866950461487,-1.375,0.959,0.044,-1.897,18.803593397140503
-0.489,0.034,-70.30866950461487,-0.15,1.009,0.029,-0.077,19.290870666503906
-5.004,0.129,-69.41494845783554,0.865,1.125,0.024,-20.202,19.291478157043457
-1.154,-0.029,-69.41494845783554,6.08,0.942,0.456,-33.642,19.293352365493774
0.561,0.363,-69.41494845783554,-4.805,0.658,0.353,-26.257,19.293675661087036
0.946,-0.212,-69.41494845783554,-3.335,0.89,-0.045,-29.582,19.293964862823486
0.771,-0.104,-69.41494845783554,16.23,1.16,0.059,-36.267,19.29425573348999
4.621,0.201,-69.41494845783554,42.095,1.354,0.146,-38.437,19.294541597366333
6.021,0.087,-69.41494845783554,24.595,0.781,0.021,-29.092,19.294816255569458
5.496,0.077,-69.41494845783554,12.485,0.949,0.17,-21.672,19.29511260986328
5.076,0.183,-69.41494845783554,3.84,1.347,0.016,-19.712,19.29539656639099
2.906,0.092,-69.41494845783554,1.775,0.784,-0.034,-16.807,19.295690298080444
3.151,0.101,-69.16503562444667,5.135,0.852,0.092,-16.317,19.295920610427856
2.976,0.102,-69.16503562444667,0.095,0.906,0.106,-13.482,19.296135187149048
2.276,0.019,-69.16503562444667,6.745,0.883,0.022,-10.857,19.296356439590454
0.456,0.089,-69.16503562444667,10.525,1.024,0.132,-12.362,19.296577215194702
-5.004,0.024,-69.16503562444667,10.0,1.036,0.129,-7.987,19.833370685577393
-3.534,0.13,-68.19534851854539,2.44,1.047,0.085,-3.857,19.835415363311768
-2.869,0.125,-68.19534851854539,3.91,1.127,0.079,-3.927,19.835766077041626
-2.379,0.099,-67.783526649576,5.1,0.893,0.084,-7.707,19.836039781570435
-2.099,0.119,-67.783526649576,4.75,0.948,0.097,-4.732,19.836273193359375
-1.434,0.121,-67.783526649576,4.82,0.966,0.092,-4.662,19.83649182319641
-0.944,0.131,-67.783526649576,6.815,1.035,0.128,-3.647,19.836703300476074
-0.699,0.111,-67.783526649576,8.005,1.035,0.109,-2.842,19.836920499801636
0.946,0.115,-67.783526649576,4.33,0.967,0.071,-2.912,19.837129592895508
2.171,0.156,-67.783526649576,3.63,1.083,0.09,-5.152,19.837334394454956
2.801,0.093,-67.783526649576,0.025,1.004,0.086,0.798,19.837538957595825
3.186,0.1,-67.783526649576,1.04,0.996,0.075,1.218,20.291486024856567
-9.729,0.137,-69.07502505691964,-25.07,1.054,0.149,30.968,20.29334831237793
-10.849,0.137,-69.07502505691964,-22.935,0.881,0.133,19.943,20.2937114238739
-12.459,0.105,-69.07502505691964,-19.47,0.85,0.149,13.363,20.29394555091858
-13.229,0.118,-69.07502505691964,-16.075,0.986,0.134,11.683,20.29415011405945
-13.929,0.113,-69.07502505691964,-9.74,1.036,0.076,12.558,20.294448137283325
-14.664,0.094,-69.07502505691964,-9.565,1.055,0.083,13.608,20.29475450515747
-15.994,-0.012,-68.52189417934215,-4.805,0.995,0.465,20.853,20.29508328437805
-15.364,-0.104,-68.52189417934215,6.395,1.24,0.465,27.503,20.295414447784424
-8.679,-0.14,-68.52189417934215,13.64,0.581,0.278,27.993,20.295709371566772
-6.159,0.238,-68.52189417934215,22.04,0.809,-0.07,24.913,20.296021461486816
-5.109,0.082,-68.52189417934215,13.64,1.105,-0.065,24.493,20.29632019996643
-5.774,0.11,-68.52189417934215,-16.67,1.428,0.085,33.138,20.29661750793457
-6.999,0.06,-68.52189417934215,-37.495,1.047,0.041,31.353,20.753178596496582
12.216,0.092,-68.08458811822013,-1.83,0.983,0.031,1.498,20.75504493713379
10.711,0.134,-68.08458811822013,-0.36,1.03,0.036,0.938,20.755332946777344
9.556,0.155,-68.08458811822013,-1.655,1.032,0.041,-0.007,20.75556755065918
7.211,0.193,-68.08458811822013,1.215,1.012,0.008,1.498,20.755788326263428
3.641,0.173,-68.08458811822013,-0.99,1.027,0.012,2.443,20.756006717681885
0.841,0.193,-68.08458811822013,-2.425,1.002,0.042,2.058,20.756221771240234
0.841,0.197,-68.08458811822013,-1.865,0.984,0.019,1.638,20.756431341171265
-0.804,0.214,-69.29076851269174,-1.515,1.016,0.05,-2.247,20.756638050079346
-1.294,0.195,-69.29076851269174,-1.725,1.028,0.035,-1.162,20.756843328475952
-1.294,0.193,-69.29076851269174,-1.725,1.028,0.045,-1.162,20.75705575942993
0.281,0.163,-69.29076851269174,-0.99,0.998,0.063,2.023,21.219923496246338
8.751,0.051,-69.10720933784553,-15.935,1.129,0.085,-20.132,21.22195816040039
5.076,0.023,-69.10720933784553,-16.495,1.119,0.113,-23.387,21.222338438034058
2.066,0.029,-69.10720933784553,-11.385,1.09,0.086,-24.017,21.222617387771606
-1.959,-0.001,-69.10720933784553,-12.12,1.192,0.122,-25.032,21.222877025604248
-4.024,0.085,-69.10720933784553,-11.945,1.007,0.067,-24.717,21.223133325576782
-7.489,0.086,-69.10720933784553,-15.655,0.997,0.133,-22.547,21.2233943939209
-9.799,0.029,-69.10720933784553,-21.325,0.903,0.099,-17.402,21.223644733428955
-10.639,0.02,-69.10720933784553,-21.5,0.974,0.098,-13.167,21.223886966705322
-12.004,0.054,-69.10720933784553,-20.555,0.963,0.157,-16.807,21.224125623703003
-12.284,0.06,-69.10720933784553,-12.26,0.895,0.147,-18.942,21.224379777908325
-12.249,0.054,-69.29513490855955,-9.74,1.007,0.193,-18.137,21.227880477905273
-12.039,-0.003,-69.29513490855955,-12.26,1.077,0.133,-13.447,21.71098566055298
0.106,0.006,-68.69068940282739,38.665,1.052,0.077,41.188,21.713002920150757
-4.094,-0.03,-68.69068940282739,41.43,1.067,0.066,43.533,21.7133047580719
-10.604,-0.03,-68.69068940282739,29.81,1.126,-0.113,51.198,21.7135968208313
-15.014,-0.07,-68.69068940282739,21.305,1.169,-0.087,46.263,21.71387004852295
-16.974,0.11,-68.69068940282739,12.31,1.177,-0.01,27.048,21.714144229888916
-18.794,0.036,-68.69068940282739,10.175,1.0,-0.123,18.508,21.714475631713867
-22.644,-0.075,-68.69068940282739,4.715,0.771,-0.073,1.813,21.714728355407715
-28.174,0.206,-68.69068940282739,8.845,0.535,-0.023,3.423,21.715056896209717
-35.909,-0.014,-68.69068940282739,-2.915,0.732,-0.236,7.588,21.715373754501343
-39.234,0.085,-68.69068940282739,-26.785,0.895,-0.159,9.618,21.715678215026855
-42.419,0.115,-68.89573566204994,-40.225,1.022,-0.26,4.578,21.71589970588684
-45.044,0.007,-68.89573566204994,-49.71,1.035,-0.142,-6.867,22.189460277557373
-15.784,0.013,-68.15972176760916,-5.715,0.992,-0.123,-2.982,22.19149422645569
-16.554,0.028,-67.45482398408805,-0.92,1.066,-0.13,5.208,22.191784858703613
-15.469,0.038,-67.45482398408805,1.11,1.115,-0.097,7.308,22.19200372695923
-13.054,0.001,-67.45482398408805,-1.48,1.097,-0.102,5.943,22.192206382751465
-10.219,0.01,-67.45482398408805,-5.47,1.037,-0.046,0.098,22.192402839660645
-6.229,0.03,-67.45482398408805,-5.19,0.902,-0.086,-2.632,22.19259738922119
-1.119,0.019,-67.45482398408805,-0.955,0.952,-0.057,-4.872,22.192792892456055
3.851,0.046,-67.45482398408805,-0.325,0.908,-0.078,-4.067,22.192984104156494
8.226,-0.076,-67.45482398408805,-5.645,1.003,-0.102,-0.707,22.19318151473999
13.511,0.001,-67.45482398408805,-6.625,1.099,0.067,6.573,22.193374395370483
21.036,0.067,-67.45482398408805,5.975,1.18,0.002,-0.007,22.19555950164795
21.666,0.019,-67.86803543529311,11.435,0.997,0.041,-8.372,22.673299074172974
-6.614,0.015,-68.8786079632201,4.68,1.011,0.034,-0.497,22.675392389297485
-7.699,0.016,-68.5925631419045,5.275,1.035,0.038,-1.792,22.675728797912598
-7.944,0.009,-68.5925631419045,4.47,1.027,0.035,-2.282,22.675978422164917
-8.259,0.021,-68.5925631419045,1.215,1.023,0.027,-0.812,22.676209449768066
-7.944,0.007,-68.5925631419045,-0.395,1.038,0.023,0.238,22.67643165588379
-7.979,0.016,-68.5925631419045,-0.815,1.019,0.031,-0.042,22.676649570465088
-8.259,0.013,-68.5925631419045,0.375,1.001,0.039,0.483,22.676867246627808
-8.259,0.028,-68.5925631419045,1.285,1.007,0.021,-0.602,22.677085399627686
-7.944,0.002,-68.5925631419045,0.83,1.001,0.043,-0.217,22.677305221557617
-8.049,0.019,-68.5925631419045,2.72,1.008,0.032,0.168,22.677520275115967
-8.014,0.031,-68.5925631419045,3.455,1.028,-0.003,0.833,23.165310859680176
-8.399,0.063,-67.93120994958026,11.82,1.026,0.135,-3.682,23.1673481464386
-9.554,-0.016,-67.93120994958026,7.55,0.96,0.116,-4.172,23.167766094207764
-11.339,0.062,-67.93120994958026,4.19,0.962,0.104,-3.017,23.168073177337646
-12.459,0.041,-68.37485396468055,-0.395,0.923,0.105,-2.107,23.16836929321289
-13.054,0.045,-68.37485396468055,1.11,1.017,0.1,0.343,23.168644428253174
-13.474,0.05,-68.37485396468055,1.915,1.022,0.109,1.393,23.168907165527344
-13.649,0.075,-68.37485396468055,2.02,1.067,0.124,1.323,23.169169664382935
-13.684,0.029,-68.37485396468055,1.25,0.985,0.144,-0.252,23.169427633285522
-13.649,0.081,-68.37485396468055,1.565,1.078,0.128,-1.337,23.169699668884277
-14.069,0.066,-68.37485396468055,4.05,1.028,0.123,-3.332,23.169973134994507
-13.999,0.071,-68.37485396468055,8.67,0.966,0.112,-6.167,23.66637945175171
6.826,0.118,-67.20818188534255,-2.915,1.006,0.128,3.318,23.66835308074951
6.196,0.137,-67.20818188534255,2.335,0.97,0.148,0.938,23.668705463409424
6.196,0.113,-67.20818188534255,5.415,0.955,0.199,-0.322,23.669006824493408
5.811,0.087,-67.20818188534255,6.92,1.013,0.183,-1.827,23.669275283813477
5.321,0.124,-67.20818188534255,5.835,1.033,0.128,-0.357,23.6695396900177
5.041,0.124,-67.20818188534255,6.115,1.027,0.172,-1.127,23.669801235198975
4.341,0.137,-67.20818188534255,2.79,0.994,0.167,0.028,23.670061111450195
4.446,0.08,-67.20818188534255,0.27,0.938,0.16,1.848,23.6703999042511
4.831,0.091,-67.20818188534255,-1.025,0.935,0.156,3.458,23.670660495758057
4.691,0.072,-67.20818188534255,-0.325,0.955,0.152,4.613,23.670934677124023
4.236,0.134,-66.97936765003041,-2.915,0.982,0.163,6.923,24.194469451904297
6.931,-0.11,-67.32088679344045,7.41,1.071,-0.118,-1.022,24.196627855300903
4.901,-0.003,-67.32088679344045,-2.845,1.114,-0.15,3.528,24.196982860565186
3.011,-0.015,-67.32088679344045,-4.315,1.103,-0.147,5.978,24.197256565093994
0.281,-0.052,-67.32088679344045,8.355,0.995,-0.101,3.598,24.19754719734192
-4.199,-0.095,-67.32088679344045,10.525,0.89,-0.077,3.283,24.19778561592102
-5.634,-0.08,-67.32088679344045,9.37,0.897,-0.095,4.193,24.198001384735107
-8.119,-0.074,-67.32088679344045,5.555,1.054,-0.009,3.353,24.198232889175415
-11.024,-0.029,-66.88441337446075,10.21,1.134,-0.052,2.828,24.198556184768677
-12.704,-0.06,-66.88441337446075,6.99,1.036,-0.006,-2.177,24.198925495147705
-13.544,-0.062,-66.88441337446075,9.93,0.99,0.005,-1.232,24.19922137260437
-12.144,-0.059,-66.88441337446075,1.67,1.028,0.003,1.288,24.679778337478638
7.106,-0.013,-67.17055472382418,-4.245,1.03,-0.01,3.178,24.682053565979004
7.106,-0.031,-67.17055472382418,-1.97,1.098,0.013,1.743,24.6825532913208
6.896,-0.055,-67.17055472382418,-2.775,1.034,0.011,1.113,24.68290424346924
8.506,0.033,-67.17055472382418,-0.71,1.019,0.038,0.798,24.683198928833008
9.486,0.006,-67.17055472382418,-4.77,0.896,-0.014,1.708,24.6834876537323
10.151,0.034,-67.17055472382418,-3.65,0.953,0.004,3.003,24.68377161026001
12.041,-0.011,-67.17055472382418,-6.03,1.055,0.025,2.653,24.684054613113403
13.441,0.002,-67.43677540303182,-7.395,1.017,0.015,-0.952,24.684394359588623
13.756,-0.0,-67.43677540303182,-7.815,1.032,0.026,-3.332,24.684702157974243
15.226,0.006,-67.43677540303182,-10.055,1.05,0.016,-4.417,24.68498706817627
16.206,0.013,-67.43677540303182,-13.065,1.082,-0.024,-5.502,24.68526029586792
17.221,0.014,-67.43677540303182,-14.36,1.059,0.015,-5.922,25.169980764389038
15.086,-0.029,-68.26371782804051,2.965,1.189,0.169,11.508,25.17203950881958
14.631,0.062,-68.26371782804051,2.02,0.661,0.088,0.588,25.172398567199707
13.861,0.021,-68.26371782804051,-5.96,0.784,0.122,-3.472,25.172674655914307
13.616,0.036,-68.26371782804051,-1.865,1.173,0.052,8.183,25.17292618751526
17.116,-0.107,-68.26371782804051,1.88,1.234,0.138,8.638,25.173171758651733
17.221,-0.087,-68.26371782804051,-0.325,0.67,0.074,-2.002,25.17341184616089
16.521,-0.06,-68.26371782804051,1.075,0.701,0.101,-1.197,25.17365050315857
16.976,0.038,-68.5098894388878,5.59,1.121,0.128,7.378,25.17388677597046
17.501,-0.015,-68.5098894388878,9.055,1.272,0.075,13.328,25.174118518829346
16.416,-0.072,-68.5098894388878,9.16,0.911,0.148,7.868,25.174360036849976
16.031,0.017,-68.5098894388878,8.88,0.667,0.069,3.738,25.175954580307007
16.311,-0.024,-68.5098894388878,10.875,0.951,0.093,9.758,25.684815168380737
18.096,0.117,-68.0772221807241,-4.56,0.916,-0.038,-22.862,25.686835765838623
16.941,0.19,-68.0772221807241,-0.36,0.908,-0.437,-21.217,25.687177181243896
18.656,-0.034,-68.0772221807241,1.81,1.205,0.124,-20.867,25.687450170516968
21.106,-0.34,-68.38308086192774,27.605,0.935,0.36,0.483,25.68770718574524
24.291,-0.006,-67.60949296469872,25.89,0.826,0.015,21.588,25.687960147857666
23.941,-0.098,-67.60949296469872,11.82,1.1,0.215,16.443,25.68820595741272
24.186,0.006,-67.60949296469872,15.285,1.251,0.241,15.463,25.688445568084717
26.181,-0.088,-67.60949296469872,20.045,1.405,0.208,15.813,25.68868398666382
26.671,-0.143,-67.60949296469872,9.72,0.982,0.121,15.078,25.68892788887024
26.111,-0.068,-67.60949296469872,2.58,0.796,0.08,5.313,25.689164400100708
22.996,-0.107,-67.60949296469872,-1.27,0.847,0.086,0.938,26.180793046951294
5.531,0.031,-68.99619751113865,0.69,0.94,-0.01,-3.577,26.182780981063843
2.381,-0.088,-68.99619751113865,3.35,1.021,0.07,-1.967,26.183135747909546
-1.399,-0.02,-68.99619751113865,2.72,1.05,0.017,-1.057,26.183417558670044
-5.424,-0.031,-67.27634107504983,0.725,1.047,0.036,1.568,26.183688640594482
-10.534,-0.02,-68.88286517839353,-0.115,1.016,0.074,2.688,26.183905363082886
-12.074,0.003,-68.88286517839353,-0.36,0.971,0.056,2.548,26.184105396270752
-13.159,-0.022,-68.88286517839353,0.83,1.02,0.082,0.798,26.184305667877197
-14.559,-0.014,-68.88286517839353,1.32,1.011,0.053,-1.547,26.18449902534485
-15.469,-0.008,-68.88286517839353,-0.045,1.048,0.04,-1.197,26.184690713882446
-15.819,-0.008,-68.88286517839353,0.305,1.078,0.012,1.148,26.18488121032715
-15.399,-0.021,-68.88286517839353,0.445,0.991,0.031,2.128,26.186450719833374
-15.259,0.035,-68.88286517839353,0.725,0.997,0.019,2.093,26.694390296936035
-0.034,-0.241,-68.88065090682085,11.435,1.226,-0.099,-29.827,26.696495532989502
1.646,-0.04,-68.88065090682085,16.265,1.087,0.104,-26.957,26.69686985015869
2.871,0.067,-68.88065090682085,11.295,1.002,-0.029,-19.957,26.69718599319458
1.541,0.115,-68.88065090682085,3.175,1.048,0.174,-18.907,26.6974995136261
0.666,0.023,-68.88065090682085,-4.42,0.902,0.139,-21.147,26.69777512550354
-1.189,0.086,-68.88065090682085,1.11,0.918,-0.033,-17.647,26.698055505752563
-1.679,0.102,-68.88065090682085,2.755,0.925,0.093,-15.722,26.698392868041992
-0.944,0.078,-68.87298263369598,6.115,0.97,0.048,-16.142,26.69869565963745
-2.554,0.061,-68.87298263369598,10.21,1.031,0.038,-9.772,26.698962211608887
-5.424,0.05,-68.87298263369598,12.38,0.999,0.077,-9.352,26.699177503585815
-6.509,0.176,-68.87298263369598,10.56,1.119,0.117,-10.507,26.699384450912476
-7.664,-0.007,-68.87298263369598,5.45,0.953,0.119,-11.907,26.69958996772766
-7.629,0.073,-68.87298263369598,9.195,0.957,0.06,-11.417,26.70147156715393
-7.524,0.081,-68.87298263369598,16.65,1.06,0.132,-12.432,26.703140020370483
-6.964,0.047,-68.87298263369598,17.91,0.931,0.091,-11.732,27.180387258529663
-3.884,0.116,-68.10663359235429,7.025,0.986,0.086,-10.402,27.182679891586304
-1.889,0.149,-67.71943711560986,6.605,1.091,0.157,-9.492,27.18302869796753
-0.209,0.073,-67.71943711560986,4.155,1.006,0.124,-9.142,27.183315992355347
0.771,0.104,-67.71943711560986,3.035,0.977,0.11,-9.037,27.183581829071045
1.156,0.149,-67.71943711560986,1.915,0.999,0.109,-7.812,27.18386197090149
1.751,0.124,-67.71943711560986,2.37,1.03,0.1,-3.157,27.18411898612976
1.856,0.106,-67.71943711560986,4.505,0.933,0.114,-2.107,27.18437147140503
2.346,0.117,-67.71943711560986,3.7,0.914,0.129,-2.667,27.184624910354614
2.486,0.126,-67.71943711560986,0.2,0.999,0.145,-2.177,27.184877634048462
3.536,0.144,-67.71943711560986,2.23,0.983,0.131,-2.107,27.185137271881104
4.096,0.131,-67.71943711560986,3.63,0.969,0.059,0.553,27.672237157821655
0.666,0.139,-66.62257570126754,-30.075,1.236,0.155,24.493,27.674177169799805
-3.254,0.119,-66.62257570126754,-40.085,1.0,0.159,25.333,27.67449688911438
-6.614,0.103,-66.62257570126754,-33.05,0.919,0.111,30.688,27.674741506576538
-8.119,0.121,-66.62257570126754,-21.78,0.886,0.142,29.498,27.674976587295532
-10.149,0.088,-66.62257570126754,-19.505,0.852,0.144,26.173,27.675204277038574
-11.304,0.127,-67.55617726462584,-20.1,0.978,0.164,22.078,27.67544460296631
-13.999,0.076,-67.55617726462584,-19.26,0.965,0.166,20.013,27.675676107406616
-15.819,0.095,-67.55617726462584,-13.1,0.807,0.177,18.823,27.67589497566223
-12.634,0.052,-67.55617726462584,4.68,0.743,-0.069,27.853,27.67611312866211
-12.494,-0.0,-67.55617726462584,16.825,0.928,0.156,35.903,27.676330089569092
-13.054,0.222,-67.55617726462584,23.125,1.13,0.082,28.273,28.1740140914917
3.221,0.163,-67.74089514299746,0.305,0.996,0.063,0.098,28.174559354782104
1.436,0.176,-67.74089514299746,0.725,1.013,0.059,-0.287,28.176441431045532
-0.139,0.173,-67.74089514299746,-0.43,0.986,0.055,-0.637,28.176706075668335
-1.119,0.194,-67.74089514299746,0.48,0.989,0.061,0.483,28.17693829536438
-2.204,0.191,-67.74089514299746,1.88,1.03,0.059,0.483,28.177159547805786
-3.009,0.162,-67.74089514299746,2.86,1.056,0.078,1.323,28.177375078201294
-2.869,0.147,-67.74089514299746,3.245,1.037,0.085,2.268,28.177587270736694
-2.099,0.14,-67.74089514299746,2.72,0.998,0.079,2.233,28.1777982711792
-0.139,0.122,-67.74089514299746,0.48,1.014,0.112,2.968,28.17800807952881
2.101,0.115,-65.95525939192183,-0.99,0.955,0.036,1.988,28.17827010154724
3.326,0.175,-68.0860568602067,-0.08,0.951,0.018,2.653,28.752477884292603
6.161,0.037,-67.97547212441518,-4.07,0.98,0.127,5.663,28.75466251373291
9.066,-0.007,-69.09858930635879,-1.025,1.013,0.117,8.113,28.755016088485718
11.236,-0.021,-69.09858930635879,4.295,1.029,0.135,8.218,28.755345821380615
12.846,0.017,-69.09858930635879,3.525,0.881,0.106,5.383,28.755640983581543
14.176,-0.0,-69.09858930635879,-2.81,0.888,0.102,3.108,28.75592303276062
15.996,-0.011,-69.09858930635879,1.53,1.15,0.105,9.618,28.756213426589966
17.711,0.023,-69.09858930635879,2.79,1.142,0.117,8.988,28.756494998931885
18.551,0.024,-69.09858930635879,0.48,0.869,0.133,2.233,28.75676941871643
18.936,-0.037,-69.09858930635879,-2.81,0.883,0.14,2.583,28.75704026222229
19.671,-0.013,-69.09858930635879,1.04,1.146,0.111,10.073,28.75731587409973
19.356,0.077,-69.12216388099284,-3.37,0.809,-0.001,2.058,28.76062798500061
18.621,-0.022,-69.12216388099284,-1.235,0.903,0.129,-0.112,29.272562265396118
-12.004,0.065,-66.82470424011507,1.53,1.093,-0.23,2.268,29.27468180656433
-4.304,-0.043,-66.82470424011507,3.805,1.215,-0.019,3.773,29.27510094642639
0.141,-0.043,-66.82470424011507,3.805,1.215,-0.019,0.483,29.275423049926758
7.561,-0.015,-66.82470424011507,3.21,1.094,-0.038,-2.037,29.27572202682495
14.001,0.067,-66.82470424011507,-4.0,0.916,-0.051,-9.597,29.276020050048828
18.971,-0.017,-66.82470424011507,-2.845,0.88,-0.033,-13.727,29.276313543319702
23.451,0.002,-66.82470424011507,1.88,1.018,-0.04,-11.382,29.276615381240845
26.706,0.004,-67.8239417943155,-0.01,1.012,-0.039,-7.392,29.27690887451172
28.876,-0.033,-67.8239417943155,-3.405,1.062,-0.026,-4.732,29.277201414108276
28.631,-0.044,-67.8239417943155,-4.7,1.093,-0.038,-6.937,29.277486085891724
28.176,-0.096,-67.8239417943155,0.41,0.877,0.244,-14.952,29.774978160858154
-1.049,0.124,-68.70823823824664,2.79,0.933,-0.066,6.678,29.777151584625244
-1.749,-0.057,-68.70823823824664,-1.48,1.001,0.094,7.203,29.77749800682068
-1.644,0.0,-68.70823823824664,0.935,1.0,-0.013,5.663,29.77776336669922
-1.294,-0.053,-68.70823823824664,-1.41,1.032,0.109,1.183,29.778013467788696
-0.804,-0.018,-68.70823823824664,-1.13,1.071,0.062,0.063,29.778257846832275
-0.804,0.051,-68.70823823824664,1.67,1.059,0.051,-3.752,29.778491497039795
-2.064,0.013,-68.70823823824664,-0.745,0.984,0.064,-4.347,29.778718948364258
-4.024,-0.028,-68.36489160917183,-4.35,1.052,0.057,-4.172,29.77895998954773
-4.794,-0.011,-68.36489160917183,-2.775,1.043,0.025,-4.207,29.779189586639404
-5.389,-0.015,-68.36489160917183,-1.865,0.977,0.027,-2.177,29.779418230056763
-6.229,-0.017,-68.36489160917183,0.9,0.943,0.042,-1.442,29.779730558395386
-6.544,-0.037,-68.36489160917183,1.11,0.989,0.048,0.763,30.31027626991272
6.931,-0.025,-69.84304262226779,18.61,0.76,0.024,-23.737,30.31242036819458
10.046,0.067,-69.32494542484696,12.59,1.194,0.177,-28.182,30.31277847290039
-0.524,-0.014,-69.32494542484696,8.005,1.186,-0.052,-28.987,30.313037395477295
4.936,-0.045,-69.32494542484696,12.03,0.942,-0.002,-26.047,30.313276290893555
4.481,0.184,-69.32494542484696,0.795,0.979,0.168,-22.547,30.313509464263916
5.426,-0.021,-69.32494542484696,-3.895,0.903,-0.002,-16.002,30.313738107681274
4.796,0.079,-69.32494542484696,16.965,0.938,0.071,-19.502,30.31398344039917
5.251,0.049,-69.32494542484696,14.2,1.042,0.095,-20.062,30.3142991065979
4.236,-0.013,-69.32494542484696,15.005,0.955,0.098,-20.412,30.314631462097168
3.291,0.067,-69.32494542484696,17.245,0.977,0.095,-19.992,30.31495976448059
0.596,0.107,-69.32494542484696,10.7,1.083,0.135,-13.307,30.841104984283447
-1.084,0.261,-66.48593793695942,-1.585,1.063,0.193,-1.722,30.843225479125977
0.141,0.056,-66.48593793695942,-1.375,0.717,0.108,-10.017,30.84356951713562
0.106,0.189,-66.48593793695942,4.75,0.953,0.103,-2.422,30.84384775161743
-1.294,0.111,-66.48593793695942,5.345,1.194,0.175,0.413,30.844095945358276
-2.379,0.146,-66.48593793695942,5.52,0.951,0.099,-0.217,30.84433603286743
-3.744,0.192,-66.48593793695942,-1.515,0.939,0.168,-2.492,30.844607830047607
-4.409,0.123,-66.48593793695942,-6.975,1.029,0.155,1.708,30.844851970672607
-2.799,0.148,-67.18176772007465,0.095,0.837,0.214,-4.907,30.845088005065918
-0.419,0.146,-67.18176772007465,2.895,0.972,0.168,-4.767,30.845324754714966
2.066,0.127,-67.18176772007465,0.69,1.18,0.166,0.308,30.8455548286438
3.291,0.219,-67.18176772007465,6.955,1.142,0.149,2.688,30.845787525177002
3.606,0.123,-67.18176772007465,4.68,0.849,0.11,5.313,31.358887434005737
-8.154,-0.107,-66.42354999706694,9.895,0.796,0.183,17.738,31.359548330307007
-8.154,-0.041,-66.42354999706694,23.37,0.727,0.14,15.708,31.36151933670044
-7.909,0.114,-66.42354999706694,19.1,1.177,-0.019,29.288,31.36178731918335
-10.009,0.061,-66.42354999706694,5.8,1.372,0.071,37.583,31.362021446228027
-14.664,0.004,-66.73501811454479,-15.97,1.117,0.072,39.263,31.362258434295654
-14.699,0.159,-66.73501811454479,-45.405,0.924,0.205,36.638,31.362483978271484
-13.404,0.131,-66.73501811454479,-50.865,0.92,0.178,40.593,31.36270236968994
-10.919,0.118,-66.73501811454479,-52.37,1.011,0.263,36.148,31.36291790008545
-4.199,-0.031,-66.73501811454479,-33.82,1.147,0.144,31.843,31.36313772201538
3.326,0.046,-66.73501811454479,-0.08,1.191,0.065,44.268,31.363352298736572
5.671,-0.04,-66.73501811454479,19.8,1.569,0.051,25.788,31.364208698272705
1.891,-0.078,-66.73501811454479,0.41,0.675,0.102,9.233,31.901655673980713
-1.049,0.13,-67.12810048061316,0.165,0.995,0.062,0.973,31.903977632522583
-0.209,0.144,-67.12810048061316,1.145,1.001,0.056,3.563,31.904396295547485
0.981,0.109,-67.12810048061316,-1.655,1.043,-0.01,3.178,31.90465521812439
2.451,0.046,-67.12810048061316,-4.14,0.962,0.077,2.793,31.90489101409912
4.166,0.115,-67.12810048061316,-0.92,1.02,-0.013,5.208,31.905121088027954
4.621,0.146,-67.12810048061316,-1.515,1.067,0.027,4.088,31.90534520149231
6.406,0.099,-67.12810048061316,-2.635,1.057,0.006,4.298,31.90556573867798
7.736,0.079,-67.12810048061316,-2.53,0.962,0.017,3.038,31.90578556060791
8.576,0.066,-67.12810048061316,-0.815,0.936,-0.017,2.478,31.90600323677063
9.556,0.065,-67.12810048061316,-0.255,0.995,-0.001,3.178,31.906232118606567
9.416,0.055,-68.16311125818275,-1.34,1.009,0.001,2.933,31.908371686935425
9.171,0.038,-68.16311125818275,-0.955,0.998,-0.018,2.303,31.90865683555603
8.331,0.02,-68.16311125818275,-1.97,1.028,-0.018,1.708,32.432955265045166
6.231,0.047,-67.16380389962603,-7.92,1.041,0.142,4.263,32.43513345718384
7.736,0.036,-67.16380389962603,-4.84,0.998,0.138,4.543,32.43556880950928
9.591,0.041,-67.16380389962603,-0.92,0.986,0.141,4.788,32.43588995933533
10.536,0.051,-67.16380389962603,-6.485,0.938,0.091,4.018,32.43618845939636
12.216,0.001,-67.16380389962603,-9.075,0.966,0.078,3.878,32.43648648262024
13.861,0.055,-66.60690467747601,-9.775,1.026,0.123,7.098,32.43678545951843
15.611,0.028,-66.60690467747601,-11.0,1.052,0.139,8.078,32.43707466125488
17.606,0.022,-66.60690467747601,-10.37,1.045,0.149,3.808,32.437355756759644
19.566,-0.006,-66.60690467747601,-8.025,1.007,0.112,7.273,32.437652587890625
20.791,-0.012,-66.60690467747601,-5.085,1.066,0.137,9.723,32.43806195259094
22.786,0.029,-66.60690467747601,-10.65,0.993,0.11,6.188,32.43837881088257
24.641,0.014,-66.60690467747601,-7.745,0.979,0.11,8.288,32.90366554260254
-61.879,-0.195,-67.26131304095954,18.715,1.22,-0.315,-17.227,32.90600633621216
-60.584,0.007,-67.26131304095954,21.9,1.165,-0.152,-8.897,32.90653872489929
-50.399,-0.045,-67.26131304095954,14.9,1.146,-0.179,12.803,32.906864166259766
-38.954,0.164,-67.26131304095954,17.805,0.749,-0.017,-14.392,32.90715765953064
-37.589,0.054,-67.26131304095954,12.03,0.871,-0.019,-9.387,32.907466173172
-36.609,0.02,-67.26131304095954,-2.705,1.46,-0.097,-6.307,32.90775156021118
-26.144,0.084,-65.67619269896048,1.635,1.011,-0.139,-18.522,32.90806794166565
-22.084,-0.082,-65.67619269896048,1.32,1.129,-0.215,-11.977,32.90835428237915
-16.554,0.037,-65.67619269896048,17.77,0.905,-0.068,-14.042,32.90863084793091
-10.324,0.062,-65.67619269896048,14.9,1.052,-0.031,-3.367,32.90891432762146
0.946,-0.09,-65.67619269896048,-2.915,0.755,0.029,-14.987,33.385971546173096
9.276,0.004,-66.29417357848072,3.49,0.978,0.037,1.813,33.38653349876404
10.956,0.018,-66.29417357848072,0.9,1.014,0.025,1.323,33.388338804244995
10.256,0.071,-66.29417357848072,-1.235,0.941,-0.034,-3.472,33.388672828674316
9.556,-0.041,-66.29417357848072,-1.97,1.048,0.06,-4.137,33.388922929763794
9.276,0.133,-66.29417357848072,-3.02,1.021,-0.083,-4.977,33.389183044433594
9.101,-0.057,-66.29417357848072,2.545,1.089,0.042,-1.827,33.38950538635254
7.386,-0.134,-66.29417357848072,-0.185,1.027,0.165,-2.667,33.389853715896606
5.811,0.052,-66.89432399099415,-1.795,0.919,-0.055,1.848,33.3901731967926
4.026,-0.001,-66.89432399099415,4.68,1.014,-0.065,4.018,33.39042568206787
2.311,0.076,-66.89432399099415,4.33,0.966,-0.012,5.103,33.390650033950806
0.771,0.005,-66.89432399099415,4.61,0.969,0.059,3.353,33.87121915817261
-3.884,0.025,-66.36750333957654,9.09,1.005,0.075,-3.367,33.87331986427307
-4.829,0.068,-66.36750333957654,5.835,0.94,-0.025,-13.237,33.873749017715454
-5.529,0.022,-66.36750333957654,-2.88,1.072,-0.047,-16.912,33.87406349182129
-5.004,-0.272,-66.36750333957654,0.585,1.309,0.086,-21.112,33.87436246871948
-3.464,-0.096,-66.36750333957654,8.775,1.048,0.242,-28.917,33.87462377548218
-1.714,0.078,-66.36750333957654,0.585,1.057,-0.039,-26.362,33.87491750717163
-1.749,0.078,-66.36750333957654,7.165,1.057,-0.039,-32.312,33.875181436538696
-1.154,0.18,-67.6662486924439,21.27,1.279,0.07,-28.112,33.875465393066406
0.036,0.154,-67.6662486924439,22.425,0.921,0.059,-23.912,33.87574625015259
-2.519,0.021,-67.6662486924439,15.46,0.971,-0.007,-18.382,33.87601947784424
-3.254,0.143,-67.6662486924439,9.265,1.106,0.298,-19.572,34.36876964569092
-11.934,0.147,-65.66354186552292,0.41,0.992,0.128,-5.572,34.370753049850464
-11.164,0.098,-65.66354186552292,-0.885,0.978,0.135,-5.187,34.37108874320984
-11.059,0.151,-65.66354186552292,-1.48,1.12,0.129,-3.472,34.3713493347168
-11.374,0.134,-65.66354186552292,-7.185,0.992,0.092,-0.287,34.37159824371338
-9.869,0.056,-65.66354186552292,-3.79,0.838,0.097,-4.417,34.37184762954712
-7.734,0.123,-65.66354186552292,-0.64,0.968,0.112,-3.437,34.37207794189453
-6.929,0.108,-65.66354186552292,0.375,1.079,0.083,-2.317,34.3722870349884
-7.104,0.148,-65.41586519362966,1.53,1.179,0.092,-0.217,34.37254285812378
-4.689,0.079,-65.41586519362966,-2.145,0.806,0.128,-7.217,34.37280559539795
-4.689,0.113,-65.41586519362966,1.985,0.78,0.111,-10.297,34.37302613258362
-2.204,0.112,-65.41586519362966,5.94,1.111,0.114,-8.127,34.37693929672241
-1.959,0.161,-65.41586519362966,9.09,1.132,0.08,-7.567,34.88156294822693
12.566,0.042,-64.57469791797887,-4.105,0.759,0.178,5.313,34.883628606796265
8.821,0.126,-64.57469791797887,-9.005,1.166,0.176,12.593,34.88395571708679
7.526,0.126,-64.57469791797887,-19.68,1.191,0.134,12.698,34.88423180580139
5.391,0.1,-64.57469791797887,-25.945,0.854,0.086,18.298,34.884483098983765
2.521,0.1,-64.57469791797887,-27.17,0.996,0.133,24.563,34.88473081588745
-2.309,0.111,-64.88616304607652,-25.84,1.007,0.11,30.828,34.88497352600098
-3.674,0.148,-64.88616304607652,-28.395,0.912,0.052,30.618,34.88521075248718
-6.369,0.074,-64.88616304607652,-24.405,0.767,0.101,29.393,34.88544845581055
-8.084,0.14,-64.88616304607652,-26.015,1.019,0.127,25.158,34.885687589645386
-10.149,0.123,-64.88616304607652,-22.025,1.037,0.115,21.308,34.88592481613159
-11.654,0.119,-64.88616304607652,-21.64,0.958,0.077,17.808,34.88696002960205
-12.634,0.27,-64.88616304607652,2.44,1.179,-0.134,24.808,34.88728380203247
-8.154,0.056,-64.88616304607652,19.59,0.804,0.098,31.318,35.373210430145264
3.081,0.076,-64.41915190618276,1.74,1.002,0.033,5.383,35.37540864944458
6.756,0.074,-64.41915190618276,-0.675,1.017,0.046,5.628,35.37581920623779
10.431,0.097,-64.41915190618276,-0.22,0.998,0.051,3.983,35.37606477737427
12.951,0.098,-64.41915190618276,-0.57,1.021,0.017,2.723,35.37627625465393
14.771,0.127,-64.41915190618276,-1.27,1.046,0.029,2.303,35.37647581100464
16.416,0.163,-64.41915190618276,-2.04,1.031,0.009,2.443,35.37667226791382
16.976,0.142,-64.59307209592012,-2.74,1.054,0.008,0.868,35.37686514854431
17.011,0.128,-64.59307209592012,0.585,1.046,-0.009,-0.707,35.377058267593384
16.346,0.156,-64.59307209592012,-0.29,1.033,0.002,-1.722,35.37724852561951
14.386,0.188,-64.59307209592012,-1.41,0.996,0.016,-1.792,35.37743878364563
12.706,0.173,-64.59307209592012,-1.235,0.987,-0.008,-0.812,35.379936933517456
10.396,0.178,-64.59307209592012,0.13,1.006,0.028,0.448,35.86336350440979
5.951,0.008,-64.71517665080756,-20.03,1.037,0.131,-20.342,35.865509033203125
5.461,0.021,-64.71517665080756,-20.835,1.157,0.127,-20.832,35.865906953811646
4.971,0.096,-64.71517665080756,-23.425,1.155,0.04,-24.332,35.86616611480713
2.836,0.042,-64.71517665080756,-24.685,1.11,0.149,-29.862,35.86642384529114
0.911,0.051,-64.71517665080756,-17.37,1.039,0.063,-30.422,35.866658210754395
-0.349,0.144,-64.51866733020215,-14.675,1.01,0.113,-29.442,35.86688852310181
-3.954,0.036,-64.51866733020215,-22.375,0.923,0.016,-25.942,35.867119789123535
-4.409,0.03,-64.51866733020215,-21.5,0.891,0.075,-20.727,35.86734986305237
-5.039,0.061,-64.51866733020215,-20.03,0.898,0.075,-18.872,35.86757469177246
-5.949,0.04,-64.51866733020215,-22.48,1.014,0.188,-16.877,35.86779737472534
-6.299,0.083,-64.51866733020215,-16.705,0.931,0.188,-16.877,36.37272000312805
14.876,0.021,-65.35247767873302,31.665,0.969,0.078,26.103,36.37485957145691
11.096,-0.044,-65.35247767873302,31.77,1.081,0.059,32.263,36.37521934509277
5.181,0.034,-65.4409589436818,39.19,1.013,0.082,34.853,36.375489711761475
3.606,0.042,-65.4409589436818,39.295,0.963,0.065,38.388,36.37574124336243
-1.154,-0.019,-65.4409589436818,37.58,0.974,0.042,49.133,36.37598252296448
-6.439,0.123,-65.4409589436818,38.315,1.076,-0.059,52.878,36.37621808052063
-15.574,-0.006,-65.4409589436818,19.765,1.302,0.101,40.838,36.376458168029785
-17.954,0.077,-65.4409589436818,16.825,1.062,0.049,38.773,36.37669086456299
-22.819,-0.116,-65.4409589436818,3.63,1.212,-0.183,25.788,36.37692213058472
-26.704,0.06,-65.4409589436818,-12.855,0.996,0.057,1.638,36.377153158187866
-29.259,-0.013,-65.4409589436818,-8.235,0.739,-0.106,11.648,36.37738251686096
-34.999,-0.033,-65.4409589436818,-22.2,0.876,-0.114,-0.112,36.91285181045532
-7.419,0.029,-65.12054646476547,3.42,0.832,-0.004,3.598,36.915019273757935
-9.694,0.032,-65.12054646476547,-4.21,0.848,-0.002,5.208,36.91537427902222
-11.584,-0.021,-65.12054646476547,-6.17,1.004,-0.06,14.098,36.915647745132446
-8.539,0.098,-65.12054646476547,1.005,1.071,0.072,20.643,36.9158992767334
-7.384,0.071,-65.12054646476547,3.0,1.271,0.029,13.608,36.91617703437805
-6.999,0.041,-65.12054646476547,5.625,1.209,0.003,1.253,36.91647720336914
-4.269,0.048,-65.12054646476547,-3.615,0.91,-0.051,-4.032,36.91673946380615
-1.854,0.029,-65.12054646476547,-4.035,0.972,-0.102,3.108,36.91698884963989
-1.399,0.029,-65.12054646476547,1.18,1.002,-0.102,4.263,36.91723990440369
-0.209,0.038,-64.04511267705223,3.21,0.954,-0.092,5.733,36.91753172874451
1.471,0.007,-64.04511267705223,0.025,1.054,-0.066,4.963,36.92150139808655
3.011,-0.025,-64.04511267705223,-3.16,1.17,-0.104,2.058,37.458216428756714
-5.319,0.037,-65.02989101082929,5.24,1.06,0.011,-2.807,37.46038842201233
-6.649,0.039,-65.02989101082929,8.215,0.987,0.001,-3.612,37.460731506347656
-7.524,0.05,-65.72274130208173,10.56,0.944,-0.003,-9.212,37.46100187301636
-7.524,0.055,-65.72274130208173,10.56,0.981,0.012,-9.212,37.46126389503479
-10.954,0.03,-65.72274130208173,13.85,1.115,0.023,-10.052,37.46153426170349
-12.459,0.058,-65.72274130208173,12.38,1.02,-0.007,-9.947,37.461791038513184
-14.664,0.065,-65.72274130208173,10.385,0.91,0.032,-5.117,37.46208167076111
-16.904,0.086,-65.72274130208173,9.755,1.065,0.02,-6.342,37.462358474731445
-19.424,0.021,-65.72274130208173,5.24,1.022,0.036,-3.472,37.462676763534546
-20.859,0.027,-65.72274130208173,4.505,0.969,0.001,-0.427,37.462979793548584
-20.894,0.06,-65.72274130208173,1.32,1.024,0.032,1.918,37.464213848114014
-20.544,0.04,-65.72274130208173,-0.815,1.039,0.035,1.183,37.46453285217285
-17.674,0.103,-66.51519533467649,-1.725,1.051,0.061,-1.197,38.03965759277344
-15.119,0.035,-65.14926156557445,-1.795,1.009,0.115,-6.972,38.04182314872742
-14.489,0.078,-65.14926156557445,-3.09,1.147,0.015,-6.027,38.04216170310974
-14.419,0.105,-64.66633605675811,-6.625,1.17,0.077,-2.247,38.04244375228882
-13.684,0.05,-64.66633605675811,-7.43,0.823,0.119,-9.702,38.0426881313324
-12.564,-0.001,-64.66633605675811,-1.585,0.805,0.085,-10.962,38.0429208278656
-9.554,0.07,-64.66633605675811,3.14,1.058,0.074,-7.042,38.04315543174744
-8.609,0.116,-64.66633605675811,2.02,1.219,0.072,-2.702,38.043394327163696
-10.044,0.14,-64.66633605675811,-3.37,1.136,0.095,-1.617,38.043617725372314
-10.009,0.113,-64.66633605675811,-6.38,0.839,0.067,-6.027,38.043845415115356
-5.879,0.061,-64.66633605675811,3.42,0.843,0.098,-14.112,38.04407000541687
-4.969,0.048,-64.66633605675811,5.73,0.992,0.033,-12.607,38.555771350860596
12.146,0.105,-63.42704922563123,-2.6,0.887,0.13,13.328,38.55779194831848
11.901,0.016,-63.42704922563123,0.9,0.949,0.094,17.948,38.558122396469116
10.326,0.095,-63.42704922563123,-6.59,1.154,0.136,18.998,38.558395862579346
7.736,0.133,-63.42704922563123,-23.25,1.082,0.085,15.953,38.55867099761963
4.971,0.069,-63.42704922563123,-29.76,1.01,0.077,21.168,38.558911085128784
2.626,0.089,-63.42704922563123,-28.85,0.957,0.127,28.168,38.559144735336304
0.631,0.095,-63.42704922563123,-28.15,0.927,0.115,32.158,38.55937838554382
-3.079,-0.234,-63.42704922563123,-17.3,0.78,0.419,32.018,38.55960988998413
-2.379,0.013,-63.42704922563123,-6.345,1.155,0.101,32.753,38.559839725494385
0.841,-0.073,-63.42704922563123,-6.555,0.801,0.188,26.243,38.560067892074585
-2.309,0.104,-63.86718036818033,16.615,1.117,0.064,34.783,38.56413960456848
-3.009,0.032,-63.86718036818033,6.255,1.215,0.09,37.268,39.08526396751404
9.556,0.135,-63.8477579269348,-3.79,1.003,0.077,-1.512,39.08728790283203
7.141,0.156,-63.8477579269348,-1.83,1.016,0.04,-0.392,39.08771467208862
4.411,0.146,-63.8477579269348,-2.39,0.988,0.072,-0.777,39.08804416656494
1.856,0.143,-63.8477579269348,1.11,0.992,0.039,1.218,39.088292360305786
-0.489,0.14,-63.8477579269348,2.02,0.972,0.031,2.863,39.08853530883789
-11.304,0.12,-63.8477579269348,2.44,0.956,0.047,4.228,39.0888295173645
-4.094,0.148,-63.8477579269348,4.505,1.006,0.04,5.978,39.089115142822266
-4.689,0.118,-64.58288284868725,4.575,1.05,0.036,4.438,39.0894091129303
-4.794,0.119,-64.58288284868725,4.19,1.033,0.085,4.893,39.08971095085144
-4.409,0.102,-64.58288284868725,1.985,1.011,0.046,3.038,39.089988231658936
-3.674,0.14,-64.58288284868725,-1.935,0.966,0.097,2.128,39.09030818939209
-3.114,0.08,-64.58288284868725,-0.64,1.027,0.018,0.623,39.090813636779785
-1.784,0.104,-64.58288284868725,0.095,0.983,0.067,1.883,39.61904335021973
-17.429,0.094,-66.48129911558608,-33.855,0.874,0.079,-34.062,39.621172189712524
-17.324,0.032,-65.50809897176845,-35.43,0.953,0.121,-37.072,39.62156391143799
-15.644,0.051,-65.50809897176845,-29.69,0.969,0.126,-34.797,39.62190365791321
-12.739,-0.003,-65.50809897176845,-29.935,0.985,0.203,-32.347,39.62222599983215
-8.154,0.063,-65.50809897176845,-24.965,0.912,0.098,-20.832,39.6225368976593
-6.719,0.01,-65.50809897176845,-23.32,1.006,0.155,-16.457,39.622814893722534
-2.064,0.09,-65.50809897176845,-18.91,0.999,0.139,-6.972,39.6231107711792
2.066,0.041,-65.50809897176845,-13.8,0.997,0.125,0.798,39.623438119888306
8.541,0.011,-65.50809897176845,-2.53,0.95,0.183,6.713,39.623724937438965
11.901,0.014,-65.50809897176845,-2.145,0.939,0.237,5.208,39.624000787734985
14.211,-0.02,-65.07533603532757,-1.025,1.017,0.213,4.158,40.16834902763367
-36.049,0.029,-65.53469965037763,-14.64,0.668,-0.169,-5.887,40.1705265045166
-38.919,-0.107,-65.53469965037763,-25.28,0.772,-0.091,-1.512,40.17085862159729
-42.384,0.055,-65.53469965037763,-28.08,1.063,-0.016,-3.647,40.17109942436218
-46.584,-0.046,-65.53469965037763,-37.915,0.888,-0.297,-8.652,40.17136359214783
-50.609,0.033,-65.53469965037763,-36.445,0.888,-0.239,-12.047,40.171669483184814
-52.184,0.053,-63.322003191527344,-34.31,0.986,-0.227,-7.987,40.17195153236389
-53.934,0.031,-63.322003191527344,-29.725,1.207,-0.346,-5.117,40.17223000526428
-55.859,0.075,-63.322003191527344,-9.845,1.489,-0.368,5.383,40.172507762908936
-49.909,-0.015,-63.322003191527344,-1.76,1.379,-0.148,8.393,40.17278599739075
-40.669,-0.015,-63.322003191527344,-1.55,0.968,-0.18,13.713,40.17306566238403
-33.634,0.081,-63.322003191527344,-12.785,0.868,-0.319,14.658,40.70555758476257
0.386,0.044,-64.41148685868359,5.555,0.955,-0.021,2.303,40.70774817466736
4.341,0.016,-64.41148685868359,-0.08,0.958,0.006,3.108,40.70809078216553
6.161,0.04,-64.41148685868359,-2.845,0.995,-0.001,2.408,40.70836329460144
7.281,0.057,-64.41148685868359,-0.255,1.071,-0.008,-0.392,40.70860934257507
6.931,0.044,-64.41148685868359,3.245,1.035,-0.01,-3.367,40.708850622177124
5.986,0.005,-64.41148685868359,3.07,1.016,-0.001,-4.802,40.70908331871033
5.531,0.005,-64.41148685868359,1.88,1.048,-0.001,-3.122,40.70931363105774
3.676,-0.011,-64.41148685868359,-4.665,1.007,0.003,-0.602,40.70954513549805
4.026,0.026,-64.41148685868359,-2.32,0.987,-0.003,1.498,40.70977473258972
3.921,0.026,-64.87504218471818,-0.045,0.993,-0.003,1.743,40.71001052856445
2.871,-0.028,-64.77794743287346,5.065,1.005,0.028,0.518,41.270139932632446
0.841,-0.129,-65.53630219458307,0.13,1.11,-0.227,-17.507,41.27259659767151
3.291,-0.069,-65.53630219458307,1.32,1.247,-0.508,-16.807,41.27312350273132
4.376,-0.09,-64.8694481939337,2.965,0.909,-0.211,-22.407,41.27347803115845
7.421,0.029,-64.8694481939337,6.29,0.947,0.042,-25.767,41.273807525634766
6.931,0.095,-64.8694481939337,18.05,1.157,-0.026,-25.697,41.27411437034607
7.946,0.043,-64.8694481939337,17.245,1.02,0.024,-25.627,41.2744345664978
6.196,-0.019,-64.8694481939337,5.135,0.877,-0.001,-20.202,41.27473783493042
6.161,0.018,-64.8694481939337,-1.34,1.079,0.05,-16.142,41.275036334991455
4.866,-0.031,-64.8694481939337,-3.23,1.061,0.039,-13.412,41.27532768249512
3.921,0.15,-64.8694481939337,2.58,1.052,0.015,-7.497,41.27564072608948
3.781,0.142,-64.8694481939337,1.985,0.848,0.099,-4.662,41.2770721912384
1.821,0.099,-64.8694481939337,5.695,0.865,0.073,-1.057,41.828429222106934
-1.189,0.146,-63.43494882292201,7.97,0.994,0.125,-6.867,41.83060550689697
-1.329,0.184,-63.43494882292201,9.405,1.144,0.145,-6.237,41.83098363876343
-0.594,0.098,-63.43494882292201,11.4,1.049,0.062,-8.792,41.83131265640259
-0.839,0.146,-63.43494882292201,11.925,0.993,0.102,-10.892,41.831592321395874
-1.154,0.174,-63.43494882292201,12.45,0.991,0.139,-10.892,41.83184862136841
-0.559,0.089,-63.32239937975637,11.155,0.995,0.045,-9.877,41.8320996761322
-1.994,0.181,-63.32239937975637,11.33,1.083,0.141,-8.057,41.83234906196594
-3.569,0.112,-63.32239937975637,6.57,0.98,0.119,-5.082,41.83259177207947
-4.724,0.095,-63.32239937975637,4.4,0.909,0.119,-2.667,41.83283233642578
-6.054,0.134,-63.32239937975637,3.455,1.032,0.148,-0.147,41.83307194709778
-5.809,0.104,-63.32239937975637,2.475,1.01,0.171,-0.147,42.36143183708191
-10.499,0.069,-63.963192815379344,-18.385,0.788,0.136,8.253,42.36365461349487
-8.784,0.056,-62.6179953346389,-13.66,0.912,0.123,7.168,42.364012479782104
-4.899,-0.005,-62.6179953346389,-10.79,0.924,0.182,2.653,42.36428141593933
-3.359,0.446,-62.6179953346389,-0.01,1.286,0.151,9.163,42.36453580856323
3.326,-0.143,-62.6179953346389,10.91,1.09,0.279,21.833,42.3648247718811
3.256,0.164,-62.6179953346389,15.39,0.864,0.091,28.553,42.3650541305542
4.236,0.06,-62.6179953346389,17.21,1.038,-0.016,33.033,42.3652880191803
2.976,0.019,-62.6179953346389,-12.155,1.31,0.02,47.278,42.3655059337616
-0.839,0.015,-62.6179953346389,-38.72,0.784,0.116,42.203,42.365713596343994
-0.384,0.109,-62.6179953346389,-46.315,0.888,0.152,43.428,42.365920305252075
3.291,-0.058,-62.6179953346389,-40.61,0.893,0.05,44.128,42.366127014160156
9.801,0.143,-63.45913786434154,-19.645,1.38,0.214,35.203,42.91935086250305
-5.249,0.172,-64.85855542591025,1.775,0.995,0.066,3.108,42.92166495323181
-5.039,0.166,-64.85855542591025,1.88,1.013,0.071,3.178,42.9221510887146
-3.114,0.165,-64.85855542591025,2.265,0.977,0.036,3.248,42.92248845100403
-0.734,0.132,-64.85855542591025,-0.92,0.982,0.0,4.228,42.922765016555786
1.541,0.103,-64.85855542591025,-0.92,1.045,0.044,4.753,42.923019886016846
4.306,0.119,-64.85855542591025,-2.985,1.008,-0.022,2.408,42.92327380180359
7.001,0.079,-64.24572190248973,-2.11,1.067,0.03,2.968,42.923529863357544
9.556,0.092,-64.24572190248973,-0.045,1.027,0.017,2.478,42.92382073402405
12.251,0.045,-64.24572190248973,0.76,1.004,-0.022,3.458,42.924116373062134
13.231,0.041,-64.24572190248973,2.58,1.012,-0.004,3.423,42.92435312271118
13.371,0.03,-64.24572190248973,2.93,1.036,-0.002,3.528,42.92464876174927
12.741,0.006,-64.24572190248973,2.51,1.001,-0.002,2.933,42.924994230270386
11.831,0.006,-64.24572190248973,2.72,1.001,-0.002,1.778,42.92532825469971
9.486,-0.038,-64.24572190248973,1.775,1.046,-0.003,2.093,43.434420347213745
15.856,0.016,-63.81162567850545,-3.055,0.989,0.127,4.368,43.4366557598114
18.411,-0.01,-64.89475368986933,-0.64,1.009,0.132,6.083,43.43703317642212
20.826,0.01,-64.89475368986933,-2.145,0.92,0.117,6.433,43.43728828430176
21.106,-0.025,-64.89475368986933,-3.895,0.966,0.136,4.998,43.437519788742065
21.876,0.013,-64.89475368986933,-1.585,1.059,0.112,4.298,43.43773937225342
23.031,-0.037,-64.89475368986933,-2.565,1.08,0.111,3.493,43.43795871734619
24.396,-0.035,-64.89475368986933,-0.045,1.026,0.146,2.163,43.43817472457886
24.676,-0.01,-64.89475368986933,-1.025,0.993,0.103,1.673,43.438408613204956
24.361,0.0,-64.89475368986933,-1.55,0.982,0.152,0.098,43.43862581253052
23.976,-0.052,-64.89475368986933,-5.785,0.978,0.088,-0.707,43.43895101547241
23.416,0.018,-65.21001083625696,-0.15,1.081,0.119,0.588,43.98091506958008
-15.994,0.05,-64.02209725550941,1.95,1.074,-0.21,2.478,43.98285889625549
-7.174,0.048,-64.02209725550941,4.54,1.404,0.022,3.003,43.98314023017883
3.256,-0.021,-64.02209725550941,2.965,1.033,-0.111,0.308,43.983373165130615
11.831,0.021,-64.02209725550941,-7.64,0.869,-0.092,-5.677,43.98358345031738
19.146,-0.029,-64.02209725550941,-2.355,0.959,-0.116,-12.502,43.98378324508667
25.936,0.0,-64.02209725550941,2.895,1.062,-0.056,-12.817,43.98397946357727
31.711,-0.03,-64.99351657559825,2.58,1.072,-0.061,-10.052,43.984171628952026
36.576,-0.055,-64.99351657559825,0.62,1.113,-0.013,-4.242,43.98436641693115
38.746,-0.008,-64.99351657559825,-1.305,1.033,0.099,-9.597,43.98455739021301
37.381,-0.025,-64.99351657559825,2.755,1.024,0.08,-12.852,43.98475098609924
36.576,-0.042,-64.99351657559825,2.93,1.073,0.065,-13.867,44.53740429878235
-9.309,-0.026,-65.21442327918986,0.41,0.959,0.063,-1.897,44.53963351249695
-10.324,-0.066,-65.21442327918986,-0.71,1.098,0.06,-1.232,44.53996419906616
-10.639,-0.057,-65.21442327918986,-0.675,1.099,0.06,-0.217,44.540241956710815
-10.849,-0.048,-65.21442327918986,0.06,1.074,0.06,1.358,44.540486097335815
-10.849,-0.045,-65.21442327918986,-0.395,0.957,0.028,1.498,44.54072284698486
-11.059,-0.006,-65.21442327918986,1.215,0.974,0.073,1.008,44.54099416732788
-10.709,-0.033,-65.21442327918986,-0.08,0.969,0.066,0.063,44.54123663902283
-10.429,-0.003,-65.21442327918986,0.375,1.072,0.041,-0.672,44.541470527648926
-9.799,-0.032,-65.21442327918986,1.285,1.063,0.009,1.708,44.54176449775696
-9.624,-0.035,-65.21442327918986,1.005,0.929,-0.014,2.128,44.54202055931091
-8.889,-0.038,-64.4955438009374,1.495,1.028,0.02,1.778,44.5423424243927
-8.644,0.035,-64.4955438009374,1.075,1.019,0.02,1.638,44.54259920120239
-8.469,-0.012,-64.4955438009374,2.615,1.022,0.049,0.693,44.54402017593384
-7.769,-0.004,-64.4955438009374,3.28,1.071,0.013,1.148,45.03237056732178
-11.059,0.181,-65.19026535550236,15.075,0.863,0.127,-13.762,45.03438687324524
-12.144,-0.06,-65.19026535550236,2.685,0.934,0.048,-11.417,45.034833669662476
-14.279,0.077,-65.19026535550236,7.9,1.05,0.081,-13.062,45.03516912460327
-15.889,0.038,-65.19026535550236,7.305,0.965,0.094,-8.232,45.03543472290039
-14.279,-0.002,-65.19026535550236,9.02,0.994,0.081,-4.312,45.035712003707886
-11.934,0.05,-65.19026535550236,10.315,1.077,0.19,-3.717,45.035929918289185
-11.759,0.119,-65.19026535550236,7.62,1.041,0.146,-1.547,45.03613615036011
-9.729,0.068,-65.19026535550236,4.715,1.039,0.167,-6.482,45.03634023666382
-9.239,0.015,-64.3981643061069,5.31,0.949,0.068,-4.557,45.0365469455719
-7.069,0.091,-64.3981643061069,5.345,0.982,0.155,-4.452,45.036805868148804
-5.704,0.032,-64.3981643061069,10.7,1.064,0.151,-4.382,45.51736617088318
-3.884,0.155,-62.84566055629991,6.115,0.938,0.124,-6.622,45.519275426864624
-2.799,0.149,-62.84566055629991,6.115,1.014,0.09,-6.062,45.51957678794861
-2.169,0.147,-62.84566055629991,5.87,1.031,0.109,-4.942,45.51980471611023
-2.274,0.165,-62.84566055629991,5.905,1.035,0.106,-3.752,45.52003073692322
-2.624,0.154,-62.84566055629991,6.045,1.025,0.118,-3.682,45.5202419757843
-2.344,0.177,-62.84566055629991,6.92,0.987,0.094,-4.732,45.52045178413391
-2.134,0.149,-62.84566055629991,6.71,0.937,0.172,-6.237,45.520660400390625
-1.959,0.138,-62.84566055629991,7.97,1.005,0.112,-6.692,45.52087998390198
-2.169,0.157,-62.84566055629991,7.62,0.995,0.125,-7.217,45.52109503746033
-2.239,0.173,-62.82481124141587,7.2,1.002,0.138,-6.412,45.52130651473999
-2.169,0.152,-62.82481124141587,5.485,1.039,0.111,-3.472,46.01678538322449
-15.994,0.209,-63.34277961686872,-15.935,1.051,0.166,15.533,46.01876258850098
-14.244,0.138,-63.34277961686872,-18.455,0.976,0.167,14.448,46.01906418800354
-10.674,0.0,-63.34277961686872,-17.37,0.926,0.073,16.758,46.01930522918701
-7.629,0.159,-63.34277961686872,-10.055,0.866,0.126,18.193,46.01953363418579
-5.669,0.13,-63.34277961686872,-5.015,0.968,0.124,21.133,46.019753217697144
-3.989,0.096,-63.34277961686872,-10.86,1.007,0.086,25.403,46.01996994018555
-2.729,0.126,-63.34277961686872,-19.47,0.995,0.103,26.663,46.020179748535156
-1.784,0.116,-63.13786225830224,-33.96,1.043,0.086,31.528,46.020389795303345
0.456,0.108,-63.13786225830224,-38.825,1.056,0.14,32.403,46.02060794830322
2.031,0.011,-63.13786225830224,-40.085,1.011,0.145,32.718,46.02081894874573
9.766,-0.75,-63.13786225830224,-29.865,0.281,0.447,26.173,46.53729319572449
12.461,0.118,-64.79887635452492,-3.755,1.015,0.083,-0.182,46.53793978691101
10.571,0.13,-64.79887635452492,-4.35,1.04,0.094,-1.127,46.540061473846436
7.981,0.138,-64.79887635452492,-3.44,1.007,0.066,0.588,46.54042172431946
5.461,0.143,-64.79887635452492,-4.035,1.021,0.097,2.233,46.54075312614441
2.521,0.165,-64.79887635452492,-2.635,1.001,0.087,2.758,46.541035175323486
-0.314,0.16,-64.79887635452492,-4.035,1.002,0.064,2.443,46.541316747665405
-1.434,0.151,-64.69984475459276,-3.965,0.999,0.063,2.688,46.54156756401062
-4.269,0.204,-64.69984475459276,-1.935,1.004,0.05,3.633,46.54181361198425
-4.864,0.206,-64.69984475459276,-4.175,1.003,0.022,3.458,46.542059898376465
-4.549,0.162,-64.69984475459276,-5.295,0.959,0.016,3.563,46.542314767837524
-2.099,0.129,-64.69984475459276,-8.445,0.975,-0.019,1.673,46.5439715385437
-2.099,0.129,-64.69984475459276,-8.445,0.975,-0.019,1.673,46.54430818557739
0.596,0.138,-64.69984475459276,-9.075,0.987,-0.011,0.308,46.544615507125854
3.501,0.103,-64.69984475459276,-10.475,1.025,-0.033,-5.712,47.13432741165161
4.831,0.051,-65.72926630494926,-2.215,0.986,0.023,0.098,47.13503289222717
3.886,0.05,-65.72926630494926,-1.27,0.993,0.023,0.658,47.137306690216064
2.906,0.056,-65.72926630494926,-0.325,1.005,0.029,1.008,47.13761258125305
1.576,0.061,-65.72926630494926,0.34,1.008,0.023,1.813,47.137864112854004
0.071,0.049,-65.92196494593617,0.97,1.021,0.02,2.618,47.13810086250305
-1.539,0.057,-65.92196494593617,1.285,1.019,0.032,2.828,47.138344287872314
-2.869,0.051,-65.92196494593617,1.04,1.017,0.024,2.828,47.138572454452515
-3.989,0.053,-65.92196494593617,1.04,1.019,0.025,2.198,47.138792991638184
-4.829,0.05,-65.92196494593617,0.795,1.029,0.03,1.918,47.139012575149536
-5.249,0.055,-65.92196494593617,0.48,1.02,0.02,1.498,47.13923215866089
-4.969,0.056,-65.92196494593617,0.13,1.018,0.019,1.743,47.142895460128784
-4.584,0.051,-65.92196494593617,0.235,1.01,0.024,1.428,47.144367694854736
-3.359,0.051,-65.92196494593617,0.34,1.002,0.015,1.323,47.71724033355713
0.911,0.036,-65.8104858459758,-0.465,1.019,0.029,1.078,47.719725131988525
1.471,0.036,-65.8104858459758,-0.465,1.017,0.03,1.078,47.72016787528992
1.891,0.037,-65.8104858459758,-0.395,1.01,0.023,1.183,47.720536947250366
2.416,0.036,-65.8104858459758,-0.43,1.005,0.021,1.288,47.72085738182068
2.591,0.034,-66.45655513256335,-0.36,1.006,0.024,1.393,47.72116231918335
2.661,0.037,-66.45655513256335,-0.185,1.003,0.019,1.428,47.72146725654602
2.521,0.034,-66.45655513256335,-0.045,1.007,0.018,1.533,47.72177028656006
1.996,0.028,-66.45655513256335,-0.08,1.01,0.016,1.673,47.72207188606262
1.716,0.028,-66.45655513256335,0.095,1.016,0.019,1.358,47.722395181655884
1.016,0.028,-66.45655513256335,-0.08,1.013,0.017,1.778,47.722702503204346
0.386,0.021,-66.45655513256335,-0.045,1.017,0.014,1.638,48.27989959716797
-0.629,0.033,-65.48242789790632,0.025,1.007,0.014,1.288,48.282347440719604
-0.734,0.026,-65.48242789790632,0.025,1.013,0.018,1.218,48.282918214797974
-0.594,0.029,-65.48242789790632,-0.15,1.008,0.021,1.043,48.28329658508301
-0.489,0.026,-65.48242789790632,-0.22,1.01,0.022,1.218,48.2836377620697
-0.279,0.016,-65.48242789790632,-0.255,1.019,0.017,1.183,48.28396797180176
-0.069,0.021,-65.48242789790632,-0.325,1.015,0.023,0.868,48.284289836883545
0.141,0.022,-66.24982195790918,-0.255,1.023,0.018,1.078,48.284605979919434
0.386,0.018,-66.24982195790918,-0.255,1.017,0.018,0.938,48.28492474555969
0.736,0.028,-66.24982195790918,-0.36,1.013,0.022,0.868,48.28523564338684
0.736,0.027,-66.24982195790918,-0.36,1.011,0.016,1.148,48.28554606437683
0.911,0.026,-66.24982195790918,-0.605,1.012,0.023,1.078,48.28585720062256
0.666,0.04,-66.24982195790918,-0.325,1.002,0.018,0.973,48.890501737594604
-0.664,0.034,-66.48140654144457,-0.325,1.013,0.019,0.483,48.892802476882935
-0.594,0.039,-66.48140654144457,-0.01,1.021,0.018,0.728,48.89330172538757
-0.489,0.036,-66.48140654144457,-0.675,1.01,0.02,0.798,48.89366817474365
-0.384,0.041,-66.48140654144457,0.095,1.006,0.021,1.078,48.89400243759155
-0.454,0.036,-66.52675282859221,-0.745,1.017,0.028,0.553,48.8943407535553
-0.489,0.037,-66.52675282859221,-0.395,1.011,0.024,0.658,48.89466905593872
0.036,0.042,-66.52675282859221,-0.43,1.01,0.023,0.763,48.89499092102051
-0.069,0.035,-66.52675282859221,-0.64,1.014,0.022,0.868,48.89530920982361
0.281,0.042,-66.52675282859221,-0.36,1.003,0.026,0.938,48.89562511444092
0.561,0.044,-66.52675282859221,-0.29,1.012,0.022,1.078,48.895936012268066
0.561,0.044,-66.52675282859221,-0.325,1.007,0.028,0.833,48.896252393722534
0.526,0.043,-66.52675282859221,-0.08,1.008,0.025,0.833,49.46913957595825
-0.069,0.04,-66.31401645854275,-0.15,1.014,0.023,1.043,49.47167420387268
-0.104,0.034,-66.31401645854275,-0.185,1.021,0.021,0.903,49.472240924835205
-0.069,0.04,-66.31401645854275,-0.185,1.011,0.026,0.973,49.47261667251587
0.001,0.044,-66.31401645854275,-0.255,1.004,0.02,1.113,49.47295880317688
-0.104,0.04,-66.31401645854275,-0.29,1.006,0.019,1.148,49.47329068183899
-0.034,0.041,-66.42158581339717,-0.22,1.005,0.023,1.148,49.47361421585083
0.176,0.035,-66.42158581339717,-0.15,1.011,0.02,1.078,49.4739351272583
0.176,0.031,-66.42158581339717,-0.15,1.014,0.014,1.078,49.474265813827515
0.421,0.034,-66.42158581339717,-0.29,1.014,0.026,1.078,49.4745888710022
0.421,0.03,-66.42158581339717,-0.29,1.019,0.02,1.288,49.4749071598053
0.491,0.026,-66.42158581339717,-0.115,1.02,0.024,1.183,49.475221395492554
0.456,0.036,-66.42158581339717,-0.08,1.013,0.024,1.148,50.067954301834106
0.176,0.031,-66.63673906033998,-0.325,1.014,0.021,1.078,50.07017207145691
0.001,0.028,-66.63673906033998,-0.185,1.018,0.023,1.008,50.070650815963745
0.106,0.031,-66.63673906033998,-0.36,1.014,0.021,1.043,50.07098126411438
-0.209,0.027,-66.63673906033998,-0.255,1.018,0.018,0.763,50.07129263877869
0.071,0.028,-66.63673906033998,-0.36,1.018,0.02,1.043,50.0716552734375
0.211,0.025,-66.2860852935111,-0.255,1.017,0.017,1.148,50.071996212005615
0.001,0.03,-66.2860852935111,-0.22,1.015,0.019,1.218,50.07229995727539
0.071,0.029,-66.2860852935111,-0.185,1.008,0.02,1.078,50.072595834732056
0.036,0.033,-66.2860852935111,0.025,1.014,0.022,1.148,50.072882890701294
0.071,0.031,-66.2860852935111,-0.325,1.017,0.025,1.008,50.07324814796448
0.071,0.034,-66.2860852935111,-0.325,1.009,0.022,1.288,50.0735764503479
0.036,0.033,-66.2860852935111,-0.29,1.008,0.023,1.078,50.07388758659363
0.141,0.034,-66.2860852935111,-0.29,1.012,0.022,0.973,50.69462466239929
0.036,0.037,-65.16735849710315,-0.22,1.01,0.02,0.903,50.69523620605469
-0.034,0.03,-65.16735849710315,-0.255,1.02,0.017,1.148,50.69563674926758
-0.104,0.028,-65.16735849710315,-0.22,1.025,0.027,0.938,50.697869539260864
-0.069,0.032,-65.16735849710315,-0.29,1.019,0.025,1.043,50.69829297065735
-0.034,0.033,-65.16735849710315,-0.36,1.013,0.016,1.218,50.69859313964844
-0.069,0.039,-65.16735849710315,-0.255,1.009,0.022,1.078,50.69894337654114
0.036,0.04,-65.16735849710315,-0.325,1.009,0.023,1.043,50.699318170547485
0.001,0.036,-65.16735849710315,-0.22,1.012,0.017,1.008,50.69973874092102
0.141,0.035,-65.16735849710315,-0.29,1.012,0.018,0.938,50.70012664794922
0.211,0.032,-65.64234790467042,-0.43,1.013,0.017,1.253,50.70042848587036
0.246,0.038,-65.64234790467042,-0.185,1.009,0.026,1.078,51.300110816955566
0.071,0.037,-65.55451336974524,-0.115,1.016,0.025,1.323,51.30083513259888
0.211,0.033,-65.55451336974524,-0.325,1.018,0.024,1.218,51.302849769592285
0.176,0.037,-65.55451336974524,-0.29,1.008,0.025,1.148,51.30320954322815
0.141,0.038,-65.55451336974524,-0.255,1.009,0.021,1.288,51.30356454849243
0.141,0.032,-65.55451336974524,-0.22,1.016,0.022,1.008,51.30389142036438
0.106,0.033,-65.55451336974524,-0.255,1.015,0.019,1.323,51.30423307418823
0.071,0.037,-65.55451336974524,-0.325,1.008,0.019,1.043,51.304558753967285
0.106,0.035,-65.55451336974524,-0.15,1.015,0.025,1.148,51.30487537384033
0.106,0.034,-65.55451336974524,-0.325,1.01,0.021,1.183,51.30519342422485
0.211,0.036,-65.94956238170042,-0.22,1.008,0.016,1.113,51.3055100440979
0.071,0.033,-65.94956238170042,-0.255,1.012,0.024,1.253,51.30780839920044
0.141,0.03,-65.94956238170042,-0.185,1.018,0.021,1.148,51.310099363327026
0.246,0.029,-65.94956238170042,-0.22,1.021,0.02,1.113,51.88833260536194
-0.034,0.042,-65.50377928367722,-0.22,0.999,0.021,0.973,51.89079546928406
0.071,0.038,-65.50377928367722,-0.255,1.01,0.019,0.938,51.89133858680725
0.001,0.036,-65.50377928367722,-0.325,1.01,0.021,1.218,51.89191651344299
0.176,0.032,-65.50377928367722,-0.325,1.008,0.02,1.113,51.89226937294006
0.106,0.029,-65.50377928367722,-0.325,1.019,0.021,1.078,51.8925678730011
0.036,0.029,-65.50377928367722,-0.22,1.02,0.018,0.973,51.89287829399109
0.071,0.034,-65.50377928367722,-0.255,1.014,0.024,1.043,51.893174171447754
0.176,0.026,-65.50377928367722,-0.29,1.022,0.02,1.358,51.89346170425415
0.106,0.029,-66.13331699367647,-0.36,1.018,0.019,1.358,51.893768310546875
0.106,0.034,-66.13331699367647,-0.185,1.011,0.018,0.903,51.894062519073486
0.001,0.036,-66.13331699367647,-0.22,1.01,0.016,1.043,51.89435577392578
-0.139,0.037,-66.13331699367647,-0.29,1.011,0.021,0.938,52.483866691589355
0.106,0.035,-65.61295186186469,-0.395,1.013,0.02,1.323,52.48609232902527
0.071,0.035,-65.61295186186469,-0.255,1.01,0.018,0.938,52.48643636703491
0.071,0.044,-65.61295186186469,-0.29,1.006,0.028,1.148,52.48669385910034
0.141,0.038,-65.61295186186469,-0.29,1.01,0.019,0.938,52.48693132400513
0.071,0.039,-65.61295186186469,-0.22,1.01,0.026,1.113,52.48716473579407
0.281,0.036,-65.61295186186469,-0.43,1.008,0.019,1.288,52.487406730651855
0.176,0.035,-65.61295186186469,-0.115,1.012,0.02,1.008,52.48763942718506
0.036,0.032,-65.36722674860394,-0.185,1.015,0.025,0.903,52.4878671169281
0.176,0.033,-65.36722674860394,-0.29,1.013,0.019,1.253,52.48809289932251
0.141,0.036,-65.36722674860394,-0.29,1.016,0.017,1.218,52.48831605911255
0.141,0.033,-65.36722674860394,-0.395,1.016,0.023,1.113,53.089483976364136
0.106,0.03,-65.28711064406254,-0.29,1.015,0.015,1.113,53.09035611152649
0.036,0.026,-65.28711064406254,-0.22,1.017,0.02,0.973,53.09086871147156
0.106,0.029,-65.28711064406254,-0.29,1.02,0.023,1.148,53.09129571914673
0.106,0.032,-65.28711064406254,-0.255,1.016,0.018,1.008,53.091707944869995
0.141,0.026,-65.28711064406254,-0.325,1.02,0.02,1.323,53.09210276603699
0.141,0.038,-65.28711064406254,-0.325,1.007,0.02,1.148,53.092499017715454
0.176,0.034,-65.28711064406254,-0.15,1.013,0.022,1.078,53.09288573265076
-0.069,0.033,-65.41216319476766,-0.255,1.016,0.022,1.113,53.093268156051636
0.176,0.033,-65.41216319476766,-0.36,1.006,0.011,0.973,53.09365916252136
0.071,0.044,-65.41216319476766,-0.185,1.005,0.021,1.113,53.09403848648071
0.071,0.035,-65.41216319476766,-0.395,1.01,0.022,1.148,53.094558238983154
0.246,0.04,-65.41216319476766,-0.29,1.005,0.02,1.043,53.09555530548096
0.036,0.038,-65.41216319476766,-0.255,1.008,0.023,1.113,53.096057415008545
0.141,0.031,-65.41216319476766,-0.22,1.013,0.017,0.868,53.72391676902771
