vx,az,comp,ax,vz,ay,vy,time
-0.258,0.994,-85.94195289359769,-0.033,-0.052,0.039,1.173,1.4436466693878174
-0.153,1.01,-85.8372918590528,-0.03,-0.157,0.055,0.963,1.4456524848937988
-0.153,1.013,-85.8372918590528,-0.026,-0.192,0.047,0.928,1.4459455013275146
-0.118,1.017,-85.8372918590528,-0.036,-0.087,0.039,0.648,1.4461758136749268
-0.223,1.021,-86.40902106926973,-0.031,-0.332,0.043,0.998,1.4463911056518555
-0.223,1.015,-86.40902106926973,-0.029,-0.017,0.05,0.753,1.4466097354888916
-0.048,1.026,-86.40902106926973,-0.03,-0.052,0.05,0.718,1.446829080581665
-0.188,1.007,-86.40902106926973,-0.026,-0.262,0.056,0.858,1.447035551071167
-0.328,1.012,-86.40902106926973,-0.028,-0.192,0.053,1.068,1.447239637374878
-0.328,1.003,-86.40902106926973,-0.024,-0.122,0.061,0.963,1.447443962097168
-0.118,1.008,-86.40902106926973,-0.032,-0.052,0.039,0.718,1.4476454257965088
-0.153,0.997,-86.40902106926973,-0.028,-0.122,0.04,1.033,1.4518380165100098
-0.118,1.029,-86.40902106926973,-0.029,-0.262,0.05,0.858,1.9629833698272705
0.092,1.006,-85.73436313987806,-0.029,-0.087,0.04,1.068,1.9635825157165527
-0.083,1.02,-85.73436313987806,-0.03,-0.122,0.047,0.683,1.9639270305633545
-0.363,0.995,-85.73436313987806,-0.029,-0.157,0.039,1.068,1.965804100036621
-0.258,1.025,-85.73436313987806,-0.03,-0.122,0.053,0.928,1.966050386428833
-0.153,0.99,-85.73436313987806,-0.023,-0.087,0.044,0.718,1.9662775993347168
-0.048,1.02,-85.73436313987806,-0.035,-0.052,0.049,0.788,1.9664993286132812
-0.258,1.01,-85.73436313987806,-0.032,-0.192,0.044,0.858,1.9667823314666748
-0.223,1.017,-85.73436313987806,-0.033,-0.052,0.042,1.068,1.9669947624206543
-0.153,1.012,-85.73436313987806,-0.034,-0.192,0.042,0.788,1.9672009944915771
-0.223,1.014,-85.73436313987806,-0.03,-0.052,0.038,1.033,1.9673995971679688
-0.153,1.012,-85.93936424968427,-0.031,-0.157,0.046,1.173,1.9723970890045166
-0.153,1.013,-85.93936424968427,-0.029,-0.122,0.05,0.893,2.5280632972717285
-0.083,1.002,-85.8295634751579,-0.024,-0.157,0.059,0.858,2.528707981109619
-0.223,1.002,-85.8295634751579,-0.034,0.018,0.032,0.893,2.5306460857391357
-0.048,1.018,-85.8295634751579,-0.03,-0.017,0.05,0.858,2.5309572219848633
-0.118,1.01,-86.97745458706207,-0.032,-0.052,0.042,0.718,2.531238079071045
-0.223,1.015,-86.97745458706207,-0.031,-0.017,0.059,0.928,2.531486988067627
-0.153,1.005,-86.97745458706207,-0.025,-0.087,0.055,0.963,2.5317270755767822
-0.048,1.01,-86.97745458706207,-0.026,-0.052,0.05,0.893,2.531964063644409
-0.048,0.998,-86.97745458706207,-0.033,-0.227,0.031,0.998,2.5321922302246094
-0.153,1.012,-86.97745458706207,-0.032,-0.157,0.056,0.683,2.532494306564331
-0.153,1.021,-86.97745458706207,-0.025,-0.052,0.057,1.068,2.5328047275543213
-0.048,0.998,-86.97745458706207,-0.028,-0.157,0.048,0.683,2.5330841541290283
-0.118,1.01,-86.97745458706207,-0.027,0.018,0.041,0.788,3.0908396244049072
-0.153,0.998,-85.65165943923151,-0.061,0.018,0.043,0.998,3.0933127403259277
-0.013,1.014,-85.65165943923151,-0.026,-0.192,0.045,0.963,3.093791961669922
-0.223,1.02,-85.65165943923151,-0.003,-0.052,0.042,0.963,3.09413480758667
-0.258,1.017,-85.65165943923151,-0.033,-0.157,0.041,0.998,3.094438314437866
-0.223,1.015,-85.65165943923151,-0.028,-0.087,0.046,0.928,3.0947372913360596
-0.223,1.01,-85.87937684903328,-0.033,-0.122,0.047,0.998,3.095034122467041
-0.153,1.011,-85.87937684903328,-0.03,-0.087,0.055,0.998,3.095324993133545
-0.048,1.0,-85.87937684903328,-0.026,-0.122,0.049,0.823,3.095608711242676
-0.083,1.019,-85.87937684903328,-0.028,-0.122,0.048,0.928,3.0958871841430664
-0.223,1.023,-85.87937684903328,-0.031,-0.087,0.046,0.718,3.096163272857666
-0.188,1.013,-85.87937684903328,-0.03,-0.122,0.046,0.718,3.6569316387176514
-0.153,1.019,-85.86471566454341,-0.034,-0.122,0.04,0.788,3.6589767932891846
-0.188,1.016,-85.86471566454341,-0.033,0.053,0.047,1.173,3.659315347671509
-0.188,1.01,-85.86471566454341,-0.027,0.088,0.066,0.928,3.6595921516418457
-0.048,1.003,-85.86471566454341,-0.025,0.123,0.046,0.613,3.6598429679870605
-0.188,1.002,-85.86471566454341,-0.024,-0.052,0.038,0.823,3.6600844860076904
-0.223,1.016,-85.86471566454341,-0.034,-0.157,0.058,1.103,3.660334825515747
-0.363,1.004,-85.86471566454341,-0.03,-0.122,0.036,0.998,3.6605799198150635
0.022,1.021,-85.91074446863202,-0.033,-0.192,0.043,0.683,3.6608121395111084
0.057,1.005,-85.91074446863202,-0.028,-0.262,0.046,0.473,3.6610469818115234
-0.258,1.023,-85.91074446863202,-0.038,-0.087,0.04,0.998,3.661276340484619
-0.258,1.074,-85.91074446863202,-0.034,-0.087,0.039,1.383,3.6630051136016846
-3.093,0.996,-85.91074446863202,-0.009,0.333,0.105,1.698,4.279695987701416
1.212,1.457,-85.61074917113424,0.234,-17.762,0.129,-15.067,4.280367851257324
1.597,0.805,-85.61074917113424,-0.008,-14.472,0.001,-10.587,4.282307147979736
1.947,1.562,-85.61074917113424,0.108,-12.582,0.045,-10.447,4.282649517059326
0.687,0.783,-85.61074917113424,-0.015,-7.857,-0.056,-6.037,4.282958507537842
0.582,0.954,-86.89065021568103,-0.139,-4.427,-0.036,-6.597,4.283282995223999
-0.853,1.018,-86.89065021568103,0.091,-3.972,0.271,-19.477,4.283575773239136
-4.248,1.282,-86.89065021568103,0.093,-5.442,-0.285,-13.492,4.28385591506958
-6.593,1.047,-86.89065021568103,0.032,-7.822,0.028,-14.787,4.284147024154663
6.707,1.266,-86.89065021568103,-0.048,-7.822,0.02,3.413,4.284413576126099
-1.378,0.944,-86.89065021568103,0.158,-5.652,-0.053,-2.117,4.284698247909546
-3.198,0.858,-86.89065021568103,-0.009,-3.622,-0.091,-2.992,4.288473844528198
-2.113,1.138,-86.89065021568103,0.019,-3.482,0.066,-5.967,4.776297092437744
-1.693,1.039,-88.38521208557145,0.097,-5.687,-0.109,-5.722,4.778378486633301
-6.628,1.05,-88.38521208557145,0.069,-8.382,-0.054,-3.937,4.778823614120483
-5.403,1.078,-88.38521208557145,0.092,-9.957,-0.009,-2.292,4.779149055480957
-3.583,0.885,-88.90037337254702,0.127,-11.112,-0.131,-3.552,4.779451131820679
4.187,1.25,-88.90037337254702,0.045,-11.812,0.046,-4.707,4.779742240905762
4.922,0.894,-88.90037337254702,0.121,-13.842,-0.163,-9.642,4.780024528503418
0.827,0.776,-88.90037337254702,0.083,-17.692,-0.052,-4.917,4.780305862426758
-0.363,1.108,-88.90037337254702,0.088,-19.372,-0.131,-0.507,4.780584812164307
1.632,0.993,-88.90037337254702,0.086,-20.807,-0.094,-2.677,4.780854225158691
3.697,1.001,-88.90037337254702,0.069,-22.137,-0.019,-1.137,4.7811198234558105
11.607,1.13,-88.90037337254702,0.06,-22.872,0.001,-4.567,5.195150375366211
8.667,1.075,-85.16454214420186,0.154,-34.387,0.069,-8.977,5.195845603942871
11.642,0.929,-85.16454214420186,0.188,-34.212,0.149,-8.242,5.196248292922974
15.807,1.007,-85.16454214420186,0.145,-34.247,0.122,-9.047,5.196555852890015
15.807,1.057,-85.16454214420186,0.182,-34.247,0.109,-9.047,5.196866512298584
12.272,1.025,-85.16454214420186,0.175,-35.052,0.134,-8.172,5.197178363800049
11.117,1.108,-85.16454214420186,0.148,-34.247,0.12,-11.147,5.199043035507202
12.447,0.781,-85.16454214420186,0.2,-33.302,0.126,-11.882,5.1993372440338135
8.912,1.156,-85.16454214420186,0.205,-32.497,0.177,-8.977,5.1995930671691895
5.867,1.138,-85.16454214420186,0.135,-31.167,0.112,-0.752,5.199878931045532
5.867,1.138,-85.16454214420186,0.135,-30.187,0.112,0.858,5.200177192687988
3.907,0.842,-82.4096129805149,0.118,-27.492,0.115,-1.347,5.200449466705322
4.432,1.01,-82.4096129805149,0.155,-24.132,0.164,-2.502,5.648273706436157
-28.223,0.834,-83.21952433422825,0.423,15.908,-0.081,28.963,5.6502907276153564
-25.108,1.172,-83.21952433422825,0.124,13.983,0.133,26.968,5.650577068328857
-19.928,0.828,-83.21952433422825,0.141,14.193,0.004,20.528,5.650924205780029
-15.763,0.968,-83.21952433422825,0.131,12.618,0.171,15.418,5.651180028915405
-11.668,1.544,-83.21952433422825,0.28,11.673,0.389,20.633,5.651401042938232
-21.678,0.473,-83.21952433422825,0.429,12.548,-0.034,13.143,5.651617765426636
-3.828,0.951,-83.21952433422825,-0.21,10.098,0.27,26.723,5.651827335357666
-5.158,0.784,-84.08987997318526,0.132,8.873,0.084,15.558,5.652035713195801
-5.298,1.007,-84.08987997318526,-0.106,7.543,0.155,28.823,5.652252435684204
-12.718,0.791,-84.08987997318526,-0.0,5.583,0.12,28.753,5.652460098266602
-17.338,1.059,-84.08987997318526,0.011,3.588,0.148,32.148,6.100684404373169
-3.373,1.127,-81.60164616282621,0.021,-10.552,0.227,7.263,6.102597951889038
-3.723,1.033,-81.60164616282621,0.181,-11.287,0.34,6.983,6.1028923988342285
-5.683,0.916,-81.60164616282621,0.103,-10.937,0.211,5.723,6.10312557220459
-5.438,1.05,-81.60164616282621,0.058,-10.342,0.289,6.213,6.103331089019775
-4.773,0.849,-81.60164616282621,0.022,-8.382,0.316,7.298,6.103528261184692
-5.333,1.205,-81.60164616282621,0.052,-4.567,0.297,7.438,6.103720188140869
-4.913,1.0,-81.60164616282621,-0.022,-0.997,0.351,8.208,6.103910207748413
-3.828,1.06,-81.60164616282621,0.065,2.853,0.264,8.873,6.104116678237915
-1.028,1.08,-80.27792585061941,-0.002,6.353,0.288,8.138,6.1043174266815186
-0.363,0.729,-80.27792585061941,0.217,9.678,0.072,7.788,6.1045122146606445
6.182,1.228,-80.27792585061941,0.034,12.338,0.164,9.678,6.104699611663818
4.047,0.867,-80.27792585061941,0.213,14.788,-0.074,9.608,6.568552255630493
-0.188,1.12,-81.07654411184267,-0.31,-11.392,0.051,19.828,6.570479393005371
8.492,0.831,-81.07654411184267,-0.28,-16.537,0.152,15.593,6.570848703384399
-0.643,0.982,-81.07654411184267,-0.261,-19.302,0.029,12.023,6.57114577293396
-12.263,0.849,-80.78941750236264,-0.411,-24.797,0.01,9.398,6.571405649185181
-20.663,1.008,-80.78941750236264,-0.272,-30.887,0.036,9.433,6.571688413619995
-25.388,0.798,-80.78941750236264,-0.299,-36.207,0.101,12.688,6.571947813034058
-33.298,0.99,-80.78941750236264,-0.231,-41.002,0.045,8.698,6.572206258773804
-30.463,1.147,-80.78941750236264,-0.231,-44.257,0.09,2.153,6.572457790374756
-28.678,0.838,-80.78941750236264,-0.229,-47.582,0.086,-5.617,6.572716236114502
-22.553,1.079,-80.78941750236264,-0.285,-50.977,0.145,-13.877,6.572976350784302
-20.593,0.826,-80.78941750236264,-0.224,-53.777,0.074,-21.472,7.0500099658966064
3.697,1.25,-79.533508648132,-0.108,1.138,0.065,-3.587,7.052087783813477
3.172,1.232,-79.40076738543338,-0.094,0.963,-0.05,-7.017,7.052389860153198
-3.443,0.727,-79.40076738543338,0.18,2.153,-0.187,-7.402,7.052635908126831
-8.378,1.131,-79.40076738543338,-0.042,3.343,-0.073,-7.367,7.0528693199157715
-3.723,0.833,-79.40076738543338,-0.002,6.668,0.032,-11.812,7.053095579147339
-4.388,1.206,-79.40076738543338,0.027,9.678,0.034,-20.002,7.053319931030273
-0.713,0.776,-79.40076738543338,0.053,12.303,-0.173,-22.872,7.053570985794067
4.222,1.208,-79.40076738543338,0.152,15.278,0.084,-31.202,7.053792238235474
5.552,0.95,-79.40076738543338,0.106,17.693,0.055,-30.467,7.05401086807251
3.697,1.03,-79.40076738543338,0.135,19.023,0.027,-30.677,7.054229974746704
3.417,0.904,-79.40076738543338,0.146,22.838,-0.06,-26.967,7.524217367172241
5.482,1.105,-81.16961120284515,0.131,-30.747,0.031,-0.787,7.526230812072754
-1.728,0.859,-81.16961120284515,0.075,-30.957,-0.107,-8.242,7.526537179946899
6.917,1.017,-79.90451055821273,0.163,-32.497,0.023,-12.407,7.526776313781738
9.262,0.783,-79.90451055821273,0.094,-33.862,-0.035,-6.562,7.527001857757568
10.837,1.07,-79.90451055821273,0.104,-34.772,0.038,-6.772,7.527218580245972
10.382,0.907,-79.90451055821273,0.136,-35.997,0.06,-5.197,7.5274338722229
10.347,1.104,-79.90451055821273,0.08,-37.502,0.026,-6.142,7.527660369873047
10.697,0.951,-79.90451055821273,0.095,-38.132,-0.004,-7.122,7.527904987335205
13.637,1.068,-79.90451055821273,0.114,-38.937,0.046,-8.872,7.528161287307739
15.072,1.032,-79.90451055821273,0.146,-39.252,0.085,-12.582,7.528393268585205
15.422,1.025,-79.90451055821273,0.079,-39.252,0.086,-15.277,7.530886173248291
14.302,1.064,-79.90451055821273,0.169,-38.797,0.015,-16.327,7.971574544906616
4.887,1.133,-75.7685416843574,-0.087,31.343,0.137,-3.377,7.973512172698975
-9.358,1.601,-75.7685416843574,0.1,30.188,0.129,10.938,7.9738171100616455
-23.358,1.226,-75.7685416843574,0.289,26.863,0.246,32.918,7.97405743598938
-13.698,0.394,-75.7685416843574,0.182,31.378,0.021,22.383,7.974287271499634
-15.273,1.393,-75.7685416843574,0.269,31.413,0.212,14.998,7.974512815475464
-16.113,0.947,-75.7685416843574,0.074,28.053,0.08,23.188,7.974732875823975
-9.743,0.648,-75.7685416843574,-0.083,30.293,-0.189,14.788,7.974950790405273
7.337,0.953,-77.42526806776681,0.194,31.938,0.013,9.433,7.975180149078369
-8.273,1.179,-77.42526806776681,0.203,30.643,0.127,19.058,7.97540020942688
-11.458,0.977,-77.42526806776681,0.144,31.553,0.102,22.698,7.9756224155426025
-13.243,1.329,-77.42526806776681,0.098,31.868,0.134,23.923,8.44063401222229
-4.563,1.071,-75.60451609060658,0.136,11.113,0.131,1.348,8.442785501480103
-11.423,1.123,-75.60451609060658,0.138,14.508,0.25,1.383,8.443112850189209
-20.908,0.788,-75.60451609060658,0.151,18.568,0.152,4.078,8.443346500396729
-18.808,0.837,-75.60451609060658,0.148,18.428,-0.07,1.628,8.443556547164917
-14.608,0.832,-75.60451609060658,0.103,16.258,0.084,2.713,8.443771839141846
-15.273,1.6,-75.60451609060658,-0.05,12.128,0.125,1.453,8.443979024887085
-8.518,0.724,-75.60451609060658,0.183,8.313,0.114,-1.032,8.44418478012085
5.097,1.004,-75.60451609060658,0.126,5.023,0.212,3.903,8.444387912750244
-0.433,1.152,-75.94436053433337,0.188,0.998,0.157,3.448,8.444589138031006
4.362,0.747,-75.94436053433337,0.11,-4.007,0.205,13.563,8.444794654846191
2.402,1.321,-75.94436053433337,0.086,-7.192,0.145,17.028,8.962478399276733
13.497,0.717,-77.16237099438918,-0.238,19.723,-0.088,25.498,8.964771747589111
1.072,1.385,-77.16237099438918,-0.1,14.473,-0.088,19.933,8.96527647972107
1.072,1.385,-77.16237099438918,-0.1,11.533,-0.088,19.933,8.965694904327393
4.992,0.456,-77.16237099438918,-0.372,8.418,0.272,27.598,8.966072082519531
6.357,1.529,-77.16237099438918,-0.18,1.103,0.022,19.968,8.966432571411133
-1.868,1.02,-76.19546320448923,-0.344,-13.527,0.098,16.643,8.966805219650269
-11.878,0.861,-76.19546320448923,-0.335,-20.107,0.049,11.953,8.967174530029297
-13.348,0.625,-76.19546320448923,-0.281,-25.567,-0.1,15.173,8.96752381324768
-13.348,0.625,-76.19546320448923,-0.281,-27.702,-0.1,15.173,8.967862606048584
-42.328,0.893,-76.19546320448923,-0.124,-32.672,0.043,11.848,8.96818208694458
-47.438,0.98,-76.19546320448923,-0.295,-37.467,-0.034,10.098,8.971272706985474
-41.593,0.966,-76.19546320448923,-0.174,-42.717,0.041,9.223,9.42284607887268
2.402,1.484,-72.51071460548884,-0.06,17.938,-0.111,-0.822,9.424776315689087
-0.503,0.928,-72.51071460548884,0.036,19.688,0.023,-2.082,9.42509412765503
-10.933,1.237,-72.91699122016205,0.067,20.563,-0.248,-0.297,9.425357580184937
-9.813,1.127,-72.91699122016205,-0.007,20.283,0.059,0.018,9.425633907318115
-6.978,1.061,-72.91699122016205,-0.298,21.053,-0.01,-1.907,9.425863981246948
-2.078,0.763,-72.91699122016205,0.085,23.223,-0.001,0.473,9.426136016845703
1.142,0.883,-72.91699122016205,-0.054,24.483,0.116,-4.707,9.426350116729736
2.892,0.802,-72.91699122016205,-0.059,22.733,-0.125,-8.172,9.426544666290283
-0.993,1.255,-72.91699122016205,0.204,19.618,-0.367,-9.292,9.426734924316406
-5.928,1.49,-72.91699122016205,-0.107,16.468,0.05,-5.512,9.426919221878052
-6.103,1.23,-72.91699122016205,-0.106,14.648,0.002,-1.662,9.914533138275146
20.357,0.996,-76.57760168285836,0.019,-25.812,-0.124,-10.377,9.91685152053833
18.852,1.292,-76.57760168285836,0.012,-26.092,0.116,-10.902,9.91725468635559
9.682,1.142,-76.57760168285836,0.086,-26.477,-0.028,-8.102,9.917577028274536
12.482,0.767,-76.57760168285836,0.068,-26.652,-0.117,-13.142,9.917810678482056
17.487,0.954,-76.57760168285836,0.091,-27.037,0.046,-14.472,9.91802716255188
16.717,1.089,-76.57760168285836,0.01,-28.262,0.079,-11.952,9.918257474899292
11.747,1.038,-76.57760168285836,0.086,-29.767,0.027,-8.417,9.918538808822632
6.077,1.017,-76.57760168285836,0.109,-30.992,0.033,-4.637,9.918776035308838
5.727,1.043,-73.96227725716275,-0.023,-31.797,0.056,-3.412,9.919020175933838
3.102,1.082,-73.96227725716275,0.076,-32.567,0.029,-3.097,9.91925573348999
1.352,1.024,-73.96227725716275,0.033,-32.952,0.008,-1.767,9.92056655883789
-1.028,1.062,-73.96227725716275,0.135,-32.287,-0.003,-3.902,10.420056581497192
-7.013,1.083,-72.00717960128472,0.075,30.118,0.009,11.988,10.42218017578125
-16.393,1.663,-72.00717960128472,0.093,27.738,0.248,30.398,10.422701120376587
-19.788,1.032,-72.00717960128472,0.254,26.548,0.178,32.393,10.423036336898804
-18.003,0.335,-72.00717960128472,-0.076,26.268,0.089,28.753,10.42335295677185
-19.858,0.986,-72.00717960128472,0.203,16.118,0.175,22.138,10.423646450042725
-18.003,1.139,-72.00717960128472,0.061,23.188,0.104,25.498,10.42392897605896
-20.593,0.756,-72.968848257015,0.219,22.278,0.007,18.463,10.42423129081726
-15.413,1.229,-72.968848257015,0.092,20.773,0.101,18.603,10.424538612365723
-13.488,0.75,-72.968848257015,0.234,18.953,0.137,24.378,10.424823760986328
-21.608,1.027,-72.968848257015,0.07,19.863,0.065,23.328,10.425110340118408
-11.108,1.24,-72.968848257015,-0.098,16.398,0.151,30.678,10.91448187828064
-7.048,1.106,-71.97930425866656,0.113,6.388,0.123,7.053,10.915034294128418
-6.978,0.889,-71.97930425866656,0.172,2.048,0.154,7.508,10.916843175888062
-11.773,1.095,-71.97930425866656,0.131,-2.537,0.166,10.833,10.9171781539917
-1.623,1.076,-71.97930425866656,0.167,-6.072,0.208,3.168,10.91754412651062
-1.063,1.077,-71.97930425866656,0.086,-6.807,0.092,5.373,10.917894124984741
-0.958,0.964,-71.97930425866656,0.088,-6.492,0.265,4.113,10.918245315551758
-3.758,1.0,-71.54969175125173,0.195,-5.897,0.078,2.503,10.918506145477295
-3.618,0.941,-71.54969175125173,0.065,-5.967,0.252,4.673,10.918738603591919
-6.488,0.94,-71.54969175125173,0.016,-5.337,0.032,0.228,10.918993949890137
-3.303,1.04,-71.54969175125173,-0.005,-4.252,0.005,7.018,10.919216394424438
-1.098,1.182,-71.54969175125173,0.105,-2.677,0.109,8.348,11.432585000991821
11.747,1.128,-73.28657988066726,-0.102,2.748,-0.43,30.468,11.43465518951416
11.572,0.777,-73.28657988066726,-0.277,-7.087,0.112,29.033,11.434985876083374
1.492,1.091,-73.28657988066726,-0.299,-13.842,0.104,26.023,11.435217142105103
-2.883,1.091,-73.28657988066726,-0.249,-17.062,0.104,26.128,11.435448169708252
-14.328,0.916,-72.89359421779005,-0.314,-21.647,0.057,20.248,11.43570613861084
-37.533,0.861,-72.89359421779005,-0.35,-26.687,0.116,15.908,11.435953617095947
-43.658,0.905,-72.89359421779005,-0.35,-30.117,0.116,12.128,11.436171054840088
-44.638,1.052,-72.89359421779005,-0.353,-36.767,0.041,13.423,11.436379194259644
-45.023,0.696,-72.89359421779005,-0.39,-43.172,0.041,11.778,11.436583280563354
-28.888,1.15,-72.89359421779005,-0.256,-47.127,0.084,8.768,11.436786651611328
-24.163,0.98,-72.89359421779005,-0.186,-52.972,0.006,2.293,11.956239700317383
-6.103,0.781,-71.88693419247672,0.178,30.363,0.02,-9.432,11.958563327789307
-12.088,1.135,-71.88693419247672,0.08,31.133,0.059,-0.962,11.95912480354309
-6.138,1.351,-71.88693419247672,-0.0,31.168,-0.123,-8.732,11.959476947784424
-1.763,0.645,-71.88693419247672,0.227,31.168,-0.012,-9.222,11.95980167388916
0.687,1.009,-71.88693419247672,0.039,29.383,-0.062,-6.387,11.960114002227783
-1.693,1.138,-71.88693419247672,0.023,28.753,0.063,-7.087,11.960414409637451
-5.823,1.066,-71.88693419247672,0.041,27.283,0.081,-6.632,11.960711479187012
-5.718,1.088,-71.88693419247672,-0.029,24.413,0.033,-1.067,11.960997581481934
-6.033,1.221,-71.88693419247672,0.391,22.943,0.009,-4.462,11.961278676986694
0.022,0.956,-73.02466827400242,0.198,12.618,0.021,-7.647,11.96157169342041
1.317,1.318,-73.02466827400242,0.174,12.618,0.048,-7.647,11.963466882705688
1.212,0.945,-73.02466827400242,0.234,6.633,-0.065,-9.537,12.444465160369873
11.327,0.902,-70.0981438137902,0.094,-28.017,0.039,-8.697,12.446571350097656
15.282,0.979,-70.0981438137902,0.035,-28.507,-0.016,-12.967,12.44693660736084
13.357,1.042,-70.0981438137902,0.15,-29.767,0.031,-14.332,12.447166919708252
15.912,1.034,-70.0981438137902,0.08,-30.222,0.029,-11.322,12.447376012802124
16.367,0.99,-70.0981438137902,0.122,-30.887,0.09,-10.552,12.44757604598999
12.692,1.034,-70.0981438137902,0.163,-30.432,0.013,-7.157,12.447772026062012
13.112,1.066,-70.0981438137902,0.068,-30.642,-0.001,-8.592,12.447966575622559
10.032,1.05,-70.0981438137902,0.202,-30.432,0.046,-9.677,12.44816517829895
12.202,1.034,-70.0981438137902,0.109,-29.592,-0.008,-8.522,12.448360443115234
17.067,0.923,-69.79854502331703,0.138,-28.892,0.052,-12.442,12.448555707931519
18.607,1.118,-69.79854502331703,0.151,-28.822,0.125,-11.322,12.994434118270874
-19.648,1.052,-69.16041142859184,0.054,15.978,0.228,31.413,12.995052099227905
-14.363,1.658,-69.16041142859184,0.073,13.948,0.025,32.148,12.996936082839966
6.427,1.211,-69.16041142859184,-0.009,12.653,0.062,30.188,12.99723219871521
4.747,1.035,-69.16041142859184,-0.009,10.448,0.062,23.398,12.997515439987183
2.017,0.563,-69.24322767451969,-0.099,4.988,-0.023,19.233,12.997785568237305
-5.648,1.227,-69.24322767451969,-0.149,-2.642,0.007,11.253,12.99807071685791
-1.973,0.912,-69.24322767451969,-0.054,-3.937,-0.047,9.223,12.998308181762695
8.597,1.104,-69.24322767451969,-0.217,-6.982,-0.032,5.863,12.998571634292603
11.922,0.841,-69.24322767451969,-0.182,-10.482,-0.066,7.543,12.998838901519775
7.477,0.899,-69.24322767451969,-0.225,-14.577,-0.035,11.183,12.999107122421265
11.012,1.142,-69.24322767451969,-0.131,-18.217,0.117,7.928,12.999459266662598
15.842,1.066,-69.24322767451969,-0.192,-28.717,-0.11,4.673,13.507189750671387
-3.058,0.962,-67.9374867421888,0.145,-3.937,0.036,8.523,13.509273290634155
-1.798,1.263,-67.9374867421888,-0.006,-2.537,0.105,10.098,13.509668588638306
-2.393,1.012,-67.2698523538172,0.015,1.873,0.119,7.298,13.50994324684143
-3.443,1.147,-67.2698523538172,0.112,5.618,0.054,6.423,13.510210037231445
-2.183,0.937,-67.2698523538172,0.062,7.438,0.082,10.168,13.510466814041138
0.022,1.175,-67.2698523538172,0.067,9.958,0.079,10.343,13.510718584060669
-5.053,0.981,-67.2698523538172,-0.036,13.913,0.056,10.168,13.510969161987305
-6.383,1.054,-67.2698523538172,0.068,15.453,0.018,8.663,13.5112144947052
-7.923,0.97,-67.2698523538172,0.084,20.108,0.007,7.508,13.511467933654785
-11.283,0.888,-67.2698523538172,0.013,25.428,0.014,3.658,13.511718273162842
-9.708,1.263,-67.2698523538172,0.091,25.428,0.018,3.063,13.511966466903687
-5.088,0.922,-67.2698523538172,0.001,29.488,0.063,4.638,14.001236200332642
6.112,1.119,-69.19320898728877,-0.228,-54.127,0.06,-33.897,14.003184795379639
3.907,0.76,-69.19320898728877,-0.241,-54.302,0.072,-38.132,14.003492832183838
3.942,0.926,-69.19320898728877,-0.261,-53.952,0.229,-43.662,14.003785371780396
-11.458,1.08,-66.88252024862383,-0.243,-50.977,0.179,-38.132,14.00407361984253
-31.618,1.039,-66.88252024862383,-0.177,-47.897,0.158,-34.457,14.004351615905762
-39.423,1.152,-66.88252024862383,-0.225,-45.657,0.113,-29.697,14.00462794303894
-39.878,1.244,-66.88252024862383,-0.096,-45.902,0.063,-34.282,14.004890441894531
-33.508,1.007,-66.88252024862383,-0.044,-46.427,-0.0,-41.632,14.005154848098755
-14.398,0.843,-66.88252024862383,-0.053,-46.497,0.0,-33.967,14.005460023880005
-13.418,1.047,-66.88252024862383,0.176,-42.717,0.111,-27.422,14.005708932876587
-14.223,0.918,-66.88252024862383,0.229,-33.302,0.025,-20.282,14.49767017364502
3.942,1.046,-69.8179505987394,0.014,27.948,0.104,-14.262,14.499706029891968
9.612,1.011,-69.8179505987394,0.12,22.523,0.062,-18.322,14.500037908554077
9.682,1.148,-69.8179505987394,0.095,16.468,-0.062,-19.057,14.500309944152832
3.522,1.035,-69.8179505987394,0.179,10.098,-0.039,-17.167,14.500563621520996
1.037,1.098,-69.8179505987394,0.14,3.448,-0.034,-12.582,14.500827550888062
1.912,1.061,-69.8179505987394,0.163,-3.062,-0.045,-6.982,14.501060247421265
0.547,1.102,-69.8179505987394,0.181,-9.187,0.01,0.998,14.501271724700928
0.057,0.955,-69.8179505987394,0.15,-15.137,-0.024,4.848,14.501504898071289
-0.188,0.508,-69.8179505987394,0.442,-22.977,-0.345,0.053,14.501723051071167
3.312,1.351,-69.8179505987394,0.442,-25.042,-0.18,4.778,14.501930713653564
0.582,0.953,-70.49624370642226,0.236,-27.247,-0.074,1.488,14.998403310775757
14.092,0.939,-66.6258356349518,0.168,-30.012,0.123,-6.597,15.0004301071167
2.472,1.015,-66.6258356349518,0.14,-30.607,0.087,-1.592,15.000783681869507
1.842,0.738,-66.6258356349518,0.294,-28.472,0.069,-7.822,15.001035690307617
-14.923,0.344,-66.6258356349518,-0.127,-26.022,-0.255,-9.677,15.001292943954468
21.442,1.022,-66.6258356349518,0.311,-22.767,0.231,-31.097,15.001610040664673
3.627,1.196,-66.6258356349518,-0.098,-18.532,-0.435,-5.687,15.001826524734497
-7.573,1.178,-66.6258356349518,0.151,-19.932,0.015,-3.062,15.002037286758423
-14.888,0.664,-66.6258356349518,0.122,-19.792,0.147,18.218,15.002282619476318
-13.208,0.38,-66.6258356349518,-0.02,-15.557,-0.213,9.153,15.002506494522095
-10.408,0.91,-66.2879846450891,0.065,-12.897,-0.001,-3.167,15.002726316452026
-7.993,1.127,-66.2879846450891,0.215,-11.287,0.246,-3.937,15.002948999404907
-6.628,0.973,-66.2879846450891,-0.042,-7.402,-0.07,4.813,15.5303955078125
14.512,1.016,-64.91673677984181,-0.1,-17.797,-0.129,-4.882,15.532361507415771
21.197,1.075,-64.91673677984181,-0.077,-24.482,-0.135,-5.127,15.5326669216156
18.327,1.314,-64.91673677984181,0.103,-26.582,0.153,-4.742,15.532907485961914
12.762,0.992,-64.91673677984181,-0.06,-29.312,-0.06,-3.622,15.533154010772705
6.147,1.088,-64.91673677984181,-0.03,-33.162,-0.087,-4.252,15.533392906188965
3.032,0.922,-63.62682948371702,0.02,-34.562,-0.103,-6.597,15.533698558807373
3.032,0.875,-63.62682948371702,-0.081,-35.857,-0.078,-8.102,15.533993244171143
5.657,1.041,-63.62682948371702,-0.02,-35.752,-0.013,-13.982,15.534273386001587
7.127,1.062,-63.62682948371702,0.011,-35.402,-0.019,-13.177,15.534539461135864
11.922,0.883,-63.62682948371702,0.039,-33.792,-0.035,-13.422,15.53480076789856
13.392,0.997,-63.62682948371702,0.069,-29.277,0.055,-9.887,15.535418272018433
10.417,1.011,-63.62682948371702,0.097,-28.192,0.097,-8.942,16.03794813156128
-9.778,0.967,-65.57921140835971,0.037,22.908,0.052,3.413,16.040090322494507
-5.928,0.992,-65.57921140835971,0.123,25.393,0.031,2.958,16.040563106536865
-4.073,1.086,-65.57921140835971,0.062,28.123,0.087,7.823,16.040839910507202
-4.528,0.941,-66.06906831947491,0.014,30.188,0.066,11.603,16.041202068328857
-13.873,0.918,-66.06906831947491,-0.078,32.743,0.054,6.878,16.04145336151123
-7.398,1.066,-66.06906831947491,0.126,34.913,-0.052,13.598,16.041666984558105
-2.253,1.011,-66.06906831947491,0.045,37.153,0.047,11.253,16.041868925094604
1.142,1.068,-66.06906831947491,0.041,38.203,-0.015,13.143,16.042072534561157
1.317,1.012,-66.06906831947491,0.039,39.813,0.068,19.163,16.04227089881897
-0.888,1.173,-66.06906831947491,0.042,42.053,-0.074,21.753,16.042462825775146
1.282,0.922,-66.06906831947491,0.116,43.173,0.053,21.893,16.042654275894165
7.477,1.011,-66.06906831947491,0.044,45.133,-0.031,21.193,16.509658098220825
-30.218,0.901,-66.57963894135774,-0.24,-50.802,-0.05,-32.112,16.51017165184021
-21.223,1.263,-66.57963894135774,0.021,-51.922,0.084,-28.402,16.51214289665222
7.512,1.16,-66.57963894135774,0.164,-49.262,0.213,-25.112,16.512486457824707
6.147,1.457,-66.57963894135774,-0.005,-46.287,0.321,-24.587,16.512792587280273
-16.078,0.762,-66.57963894135774,0.199,-37.397,0.244,-21.052,16.513081789016724
-8.903,1.488,-64.77071761168835,0.281,-30.992,0.046,-14.297,16.51339316368103
-4.528,1.274,-64.77071761168835,0.098,-28.752,0.011,-8.137,16.51375460624695
6.287,0.848,-64.77071761168835,0.323,-20.247,-0.039,-9.467,16.514039516448975
0.477,0.527,-64.77071761168835,0.029,-10.937,-0.136,-8.977,16.51432228088379
36.387,2.103,-64.77071761168835,0.63,-9.467,0.283,-33.022,16.514614820480347
33.062,0.597,-64.77071761168835,-0.319,-1.942,-0.476,4.218,16.51493263244629
7.162,0.949,-64.77071761168835,0.205,0.543,0.425,-19.372,16.954045057296753
7.057,1.194,-68.99308327073338,0.107,25.743,0.116,-16.852,16.95604109764099
2.927,1.098,-68.99308327073338,0.211,22.383,-0.023,-14.122,16.956426858901978
-1.448,1.09,-68.99308327073338,0.201,16.048,-0.012,-10.447,16.956737995147705
-3.408,0.983,-68.99308327073338,0.212,8.663,-0.011,-5.687,16.957019090652466
-8.938,0.982,-68.99308327073338,0.248,1.628,-0.09,-5.477,16.957305192947388
-3.688,0.895,-68.99308327073338,0.207,-6.107,0.018,2.608,16.957611560821533
0.477,0.924,-68.99308327073338,0.225,-12.442,-0.024,2.538,16.957889318466187
2.157,1.047,-68.99308327073338,0.177,-18.217,0.013,1.383,16.95819640159607
3.627,1.031,-68.99308327073338,0.195,-21.892,-0.017,1.698,16.958484888076782
5.237,0.989,-67.84196238634819,0.141,-23.397,0.018,3.238,16.958701610565186
1.247,1.337,-67.84196238634819,0.005,-23.012,-0.158,9.888,17.408461332321167
6.462,1.115,-67.05732631996362,0.077,-41.597,0.048,-9.957,17.41043734550476
7.127,0.905,-67.05732631996362,0.111,-40.687,0.012,-9.887,17.410726070404053
11.152,1.05,-67.05732631996362,0.233,-37.257,0.093,-12.687,17.410940647125244
10.452,1.137,-67.05732631996362,0.077,-37.257,0.016,-12.687,17.411146640777588
5.972,1.182,-64.3998058536989,0.181,-37.572,0.026,-8.032,17.41135025024414
5.552,1.139,-64.3998058536989,0.141,-34.457,-0.02,-14.262,17.41154932975769
5.552,1.136,-64.3998058536989,0.362,-34.457,0.255,-14.262,17.41174578666687
29.877,0.438,-64.3998058536989,0.26,-27.457,0.284,-30.922,17.41193914413452
7.372,1.221,-64.3998058536989,0.484,-28.157,-0.37,-26.897,17.412134170532227
-6.208,1.078,-64.3998058536989,0.376,-23.957,0.608,-7.927,17.41232991218567
3.417,1.096,-64.3998058536989,0.201,-21.787,0.085,2.013,17.41252589225769
1.492,0.441,-64.3998058536989,0.015,-20.352,-0.037,9.958,17.903502225875854
1.737,0.724,-64.59427290405802,-0.004,2.083,0.078,15.453,17.905752897262573
2.752,0.591,-64.59427290405802,-0.094,0.998,0.059,16.258,17.906145095825195
-3.758,1.275,-64.59427290405802,-0.08,-1.802,-0.028,8.138,17.906394481658936
-2.358,0.89,-64.65050928921043,-0.08,-3.447,0.013,10.798,17.906622171401978
5.377,0.98,-64.65050928921043,-0.104,-4.462,-0.102,11.358,17.90684199333191
12.202,1.045,-64.65050928921043,-0.1,-6.142,-0.046,11.148,17.907057285308838
12.517,0.894,-64.65050928921043,-0.055,-7.997,-0.074,11.533,17.90727210044861
10.207,0.938,-64.65050928921043,-0.035,-9.012,-0.051,6.073,17.907487869262695
16.857,1.01,-64.65050928921043,-0.084,-13.667,-0.11,4.323,17.907703161239624
17.592,0.938,-64.65050928921043,-0.128,-15.347,-0.086,2.923,17.907918214797974
11.117,0.842,-64.65050928921043,-0.268,-19.092,-0.11,6.983,18.39689350128174
2.052,0.844,-63.62441830262722,0.073,-8.662,-0.02,7.788,18.39770746231079
-8.553,1.32,-63.62441830262722,-0.132,-7.542,0.072,1.768,18.398180723190308
0.827,0.81,-64.3310636769947,-0.071,-7.402,0.105,3.763,18.398582220077515
6.287,0.825,-64.3310636769947,0.08,-7.717,0.0,7.193,18.39898180961609
0.022,0.726,-64.3310636769947,0.02,-6.877,-0.031,2.223,18.399359941482544
-0.048,0.855,-64.3310636769947,-0.081,-7.472,0.042,1.523,18.399730443954468
-2.358,1.109,-64.3310636769947,-0.056,-5.897,0.058,2.188,18.400084733963013
-2.708,1.092,-64.3310636769947,-0.076,-6.002,0.068,3.308,18.400463104248047
-4.388,1.01,-64.3310636769947,0.041,-4.707,-0.009,5.128,18.400822162628174
-5.298,1.214,-64.3310636769947,0.002,-2.537,0.054,5.443,18.401175022125244
-7.048,0.725,-64.3310636769947,0.081,0.158,0.009,3.728,18.403939485549927
-12.333,1.043,-64.3310636769947,-0.03,4.113,-0.061,-1.592,18.89606022834778
9.717,0.6,-67.1069780440027,-0.534,-26.757,-0.084,28.858,18.89819312095642
-5.123,0.925,-65.43556327865905,-0.379,-31.237,0.136,13.738,18.89860773086548
-30.883,0.785,-65.43556327865905,-0.297,-32.462,0.036,5.583,18.898922443389893
-29.903,0.491,-65.43556327865905,-0.343,-35.752,0.151,9.083,18.89918804168701
-53.808,1.276,-65.43556327865905,-0.281,-36.207,-0.266,-11.147,18.899457216262817
-59.758,1.061,-65.43556327865905,-0.305,-39.252,-0.18,-12.267,18.89970588684082
-41.418,0.431,-65.43556327865905,-0.046,-46.462,0.061,-21.717,18.899945974349976
-6.243,1.141,-65.43556327865905,-0.417,-49.472,-0.181,-26.652,18.900229454040527
-4.878,0.683,-65.43556327865905,-0.48,-51.012,0.057,-39.917,18.9004807472229
-12.333,1.464,-65.43556327865905,-0.176,-50.207,0.084,-31.587,18.90071964263916
-23.008,0.967,-65.43556327865905,-0.292,-48.422,0.052,-15.977,19.367626667022705
-6.068,1.179,-64.27654787442326,-0.204,24.938,0.312,-5.022,19.368231058120728
-11.038,0.786,-64.27654787442326,-0.081,27.878,-0.003,-11.357,19.36864686012268
-8.343,0.628,-64.27654787442326,0.144,32.358,0.131,-15.312,19.370616912841797
-9.883,0.887,-64.27654787442326,-0.137,36.698,0.029,-16.537,19.37092661857605
-6.803,0.939,-64.27654787442326,-0.05,38.868,0.031,-19.582,19.371208667755127
-6.943,1.057,-65.3916181494658,-0.037,39.218,-0.114,-13.212,19.371479272842407
-9.323,0.843,-65.3916181494658,0.119,38.693,-0.206,-16.432,19.371767044067383
-5.998,0.911,-65.3916181494658,0.129,37.118,0.107,-16.607,19.372040271759033
-4.633,0.763,-65.3916181494658,0.209,34.703,0.067,-15.662,19.372315168380737
-1.973,1.12,-65.3916181494658,0.141,31.798,-0.07,-13.737,19.372584581375122
5.727,0.672,-65.3916181494658,-0.076,26.338,-0.062,-8.592,19.829766035079956
7.897,0.978,-64.88214679295953,-0.02,-20.352,0.05,-11.112,19.831732034683228
5.097,1.156,-64.88214679295953,0.078,-17.517,-0.003,-6.947,19.832038640975952
3.942,0.94,-64.88214679295953,-0.032,-14.367,0.025,-4.007,19.832271337509155
8.632,0.915,-64.88214679295953,0.118,-10.517,0.014,-8.102,19.832486391067505
6.322,0.917,-64.88214679295953,0.011,-7.927,0.126,-3.062,19.83269762992859
2.542,1.24,-64.50269227181151,0.076,-6.632,0.006,1.173,19.832934379577637
-2.638,0.905,-64.50269227181151,0.068,-6.772,0.106,3.098,19.833157062530518
-1.273,0.636,-64.50269227181151,0.043,-5.092,-0.031,-1.347,19.8333797454834
6.847,1.01,-64.50269227181151,0.285,-4.532,0.155,-13.387,19.83359169960022
5.167,1.223,-64.50269227181151,0.062,-4.217,0.166,-7.962,19.8337984085083
4.397,1.366,-64.50269227181151,0.162,-5.967,0.14,-2.817,20.295490026474
-9.883,0.73,-64.53361565639277,0.059,21.788,0.006,27.808,20.29746413230896
-13.138,1.116,-64.53361565639277,0.104,16.258,0.168,26.373,20.297895669937134
-18.738,0.871,-64.53361565639277,0.087,12.863,0.2,30.643,20.29820966720581
-22.903,1.201,-64.53361565639277,0.024,11.848,0.123,31.168,20.298492193222046
-5.508,0.725,-64.53361565639277,0.197,8.558,0.058,23.153,20.298773050308228
9.857,1.572,-64.53361565639277,-0.005,8.733,0.129,24.203,20.299037218093872
10.277,0.416,-64.53361565639277,-0.109,0.508,0.088,16.783,20.299295663833618
1.632,1.383,-64.53361565639277,-0.079,-4.532,-0.025,11.393,20.29955744743347
-0.293,0.915,-63.86840243434639,-0.079,-9.292,0.078,7.263,20.2998149394989
9.367,1.293,-63.86840243434639,-0.143,-11.392,0.001,1.628,20.30006718635559
13.217,0.776,-63.86840243434639,-0.134,-13.107,-0.028,0.683,20.768369674682617
-0.293,0.949,-62.43054041715114,0.249,-10.167,0.341,9.048,20.770459175109863
-4.563,0.95,-62.43054041715114,-0.134,-9.292,-0.069,10.238,20.77094340324402
-5.823,1.139,-62.43054041715114,0.05,-5.967,0.126,8.418,20.771272897720337
-6.418,0.927,-62.43054041715114,0.063,-5.057,0.06,7.893,20.771573543548584
-3.513,1.146,-62.43054041715114,0.087,-2.642,0.086,7.858,20.771862268447876
6.392,0.925,-62.43054041715114,-0.029,-0.402,0.262,14.893,20.77215051651001
-2.603,1.062,-62.43054041715114,0.145,3.168,0.028,6.283,20.77243399620056
-1.763,1.097,-62.43054041715114,-0.04,6.073,0.066,5.898,20.772722721099854
-1.518,0.983,-62.43054041715114,0.015,7.893,0.21,6.353,20.773008584976196
-7.783,1.059,-62.43054041715114,0.004,11.288,0.032,8.593,20.773293018341064
-5.683,1.061,-63.38790796361225,0.053,14.788,0.044,10.833,20.774824142456055
-3.968,1.026,-63.38790796361225,0.068,15.943,0.073,9.853,21.255663633346558
-33.823,0.9,-64.73583962025714,-0.291,-37.467,0.08,8.383,21.25789213180542
-17.093,0.956,-64.73583962025714,-0.254,-45.727,0.025,-1.592,21.25833797454834
-13.138,0.799,-64.73583962025714,-0.206,-47.722,0.114,-3.272,21.258623361587524
-7.538,1.011,-64.73583962025714,-0.216,-49.087,0.107,-7.822,21.258890867233276
2.192,0.826,-64.73583962025714,-0.196,-52.692,0.162,-15.137,21.259153366088867
0.687,0.951,-64.73583962025714,-0.191,-52.517,0.128,-23.292,21.259412050247192
-2.533,0.95,-64.73583962025714,-0.169,-51.642,0.092,-31.272,21.259657859802246
-7.713,0.803,-64.73583962025714,-0.246,-49.997,0.15,-40.652,21.25989294052124
-10.548,1.016,-64.73583962025714,-0.244,-49.542,0.132,-48.702,21.260127544403076
-30.498,1.286,-64.73583962025714,-0.187,-46.497,0.175,-55.632,21.260359287261963
-45.443,1.339,-62.9787317744952,-0.208,-45.377,0.201,-51.502,21.791107892990112
-1.973,1.025,-63.679626821008966,0.104,37.888,0.01,-12.862,21.79375982284546
0.932,1.08,-63.679626821008966,-0.012,37.258,0.029,-14.577,21.79438042640686
2.297,1.018,-63.679626821008966,0.115,35.018,0.083,-11.637,21.79476547241211
0.372,0.969,-63.679626821008966,0.145,31.938,0.085,-4.882,21.795119047164917
-1.693,1.081,-63.679626821008966,0.117,28.263,0.079,-1.697,21.79544734954834
-0.468,0.996,-63.679626821008966,0.144,22.803,0.051,-2.012,21.795772790908813
0.267,1.031,-65.27310901816062,0.117,14.473,-0.046,-3.062,21.796072959899902
2.332,1.077,-65.27310901816062,0.121,11.883,-0.1,-4.147,21.796367168426514
2.017,0.984,-65.27310901816062,0.098,6.213,-0.125,-3.797,21.796650886535645
3.137,1.015,-65.27310901816062,0.129,-9.292,-0.075,-1.802,21.796934366226196
8.667,0.958,-65.27310901816062,0.151,-12.792,-0.107,2.853,21.79852294921875
8.667,0.956,-65.27310901816062,0.132,-12.792,-0.139,2.853,21.799665212631226
10.032,1.038,-65.27310901816062,0.101,-20.002,-0.129,3.868,22.282044410705566
16.192,1.107,-62.2372741092052,0.116,-32.672,0.052,-15.662,22.284048318862915
14.267,0.995,-62.2372741092052,0.169,-32.287,0.074,-16.677,22.284358263015747
9.822,1.073,-62.2372741092052,0.137,-30.992,0.093,-8.522,22.284600734710693
8.947,0.946,-62.2372741092052,0.137,-29.837,0.05,-5.687,22.28482460975647
7.162,0.94,-62.2372741092052,0.143,-28.227,0.05,-5.862,22.285056114196777
6.392,0.925,-62.2372741092052,0.145,-26.162,0.076,-6.737,22.285274744033813
3.207,1.003,-62.157814763529935,0.223,-22.207,0.052,-7.157,22.28559160232544
0.862,1.113,-62.157814763529935,0.032,-20.282,0.152,-2.992,22.285852909088135
-0.223,1.008,-62.157814763529935,0.135,-17.622,0.082,2.083,22.28607416152954
4.012,0.955,-62.157814763529935,0.103,-15.137,0.138,0.193,22.286284685134888
5.587,0.992,-62.157814763529935,0.251,-12.092,0.174,-5.407,22.28656005859375
-0.853,1.508,-62.157814763529935,0.4,-10.167,0.273,-6.597,22.29050636291504
23.752,0.883,-62.157814763529935,0.242,-4.077,0.403,-21.682,22.76669454574585
-14.958,0.645,-61.91367813121502,0.063,20.598,-0.087,39.953,22.768678426742554
-2.743,1.775,-61.91367813121502,0.28,18.183,0.511,35.053,22.76909351348877
5.062,1.564,-61.91367813121502,0.022,16.608,0.138,28.648,22.76943802833557
20.217,1.382,-61.91367813121502,0.158,18.148,-0.076,26.128,22.769774198532104
16.227,0.63,-61.91367813121502,-0.08,13.878,0.044,15.943,22.77005410194397
9.437,1.032,-61.91367813121502,-0.177,9.363,0.007,9.188,22.770334243774414
4.712,1.226,-61.90818504090607,-0.134,3.693,-0.038,3.798,22.770609378814697
10.347,1.083,-61.90818504090607,-0.113,1.453,-0.084,2.923,22.770887851715088
12.902,1.02,-61.90818504090607,-0.154,-1.627,-0.102,4.848,22.771153926849365
7.372,0.861,-61.90818504090607,-0.169,-5.127,-0.012,5.198,22.771424293518066
2.927,1.08,-61.90818504090607,-0.181,-6.947,-0.049,5.828,22.772583961486816
5.307,1.086,-61.90818504090607,-0.206,-8.977,-0.141,6.248,23.237497806549072
0.267,0.97,-61.11661156242887,0.086,-7.192,0.063,2.118,23.238050937652588
-18.493,0.996,-61.11661156242887,0.108,-6.667,-0.028,8.803,23.239810705184937
-0.608,0.985,-61.11661156242887,0.123,-4.707,0.059,6.913,23.240067958831787
3.207,1.091,-61.11661156242887,0.116,-2.642,0.029,7.438,23.24032211303711
2.437,1.012,-61.11661156242887,0.168,-1.172,-0.005,5.233,23.24055027961731
6.462,1.104,-61.11661156242887,0.0,-0.262,0.005,6.563,23.24077534675598
-4.458,1.174,-61.11661156242887,0.19,0.788,0.004,-1.557,23.24101161956787
-7.468,0.803,-61.11661156242887,0.112,1.103,-0.008,-2.362,23.24124813079834
-8.308,1.394,-61.11661156242887,0.177,3.413,-0.011,-0.892,23.241483211517334
-11.668,0.825,-61.86093726868027,0.122,4.673,0.12,-0.017,23.241708040237427
-12.123,1.03,-61.86093726868027,0.172,6.423,0.046,-3.587,23.717236518859863
20.042,1.468,-64.62827685852511,0.098,6.143,0.012,45.693,23.719332933425903
22.282,0.841,-64.62827685852511,-0.119,-0.157,-0.047,36.768,23.71977138519287
7.757,0.835,-64.62827685852511,0.001,-3.202,0.084,22.523,23.720036506652832
1.002,0.96,-64.62827685852511,0.001,-3.587,0.084,24.553,23.72027015686035
-37.673,0.78,-64.62827685852511,-0.35,-8.522,0.099,7.368,23.72049069404602
-48.033,0.358,-64.62827685852511,-0.35,-11.952,0.099,4.148,23.720709085464478
-32.423,1.49,-64.62827685852511,-0.03,-16.957,0.332,6.318,23.720921993255615
-56.958,0.684,-64.62827685852511,-0.456,-20.457,-0.131,-14.402,23.721153020858765
-24.093,1.688,-64.62827685852511,-0.031,-28.682,0.351,-15.907,23.721397399902344
-36.518,1.184,-65.18389486747624,-0.478,-29.487,0.568,-23.362,23.72163438796997
-27.593,0.364,-65.18389486747624,-0.319,-33.512,-0.136,-30.397,23.721848726272583
-11.703,1.387,-65.18389486747624,-0.348,-36.662,0.13,-41.317,24.22880744934082
-13.523,1.278,-65.13750679244498,-0.002,33.898,-0.104,-8.032,24.229735612869263
-10.898,1.256,-65.13750679244498,-0.025,32.148,-0.071,-7.437,24.230205059051514
-3.093,0.846,-65.13750679244498,0.047,29.488,0.012,-10.167,24.23059844970703
-3.093,1.016,-65.13750679244498,0.047,27.948,0.026,-9.432,24.230996131896973
-0.923,0.806,-65.13750679244498,0.153,24.693,-0.093,-9.152,24.231384754180908
-1.868,1.149,-65.13750679244498,0.082,17.133,0.03,-10.097,24.231762647628784
-1.798,0.915,-66.15376576422396,0.091,14.648,-0.031,-9.467,24.232137203216553
2.087,1.054,-66.15376576422396,0.145,10.588,-0.117,-5.792,24.23250985145569
5.307,0.926,-66.15376576422396,0.137,2.853,-0.022,-2.012,24.232901096343994
5.307,1.052,-66.15376576422396,0.151,-0.542,-0.047,-2.852,24.2332763671875
3.417,1.001,-66.15376576422396,0.138,-7.087,-0.021,-0.507,24.239420413970947
1.352,0.928,-66.15376576422396,0.152,-14.682,-0.019,1.348,24.809287548065186
1.737,1.529,-62.767439762832204,0.296,-34.072,0.207,-11.812,24.811840295791626
10.487,0.286,-62.767439762832204,-0.047,-27.807,-0.207,-19.127,24.81240677833557
16.157,1.04,-62.767439762832204,-0.126,-20.912,-0.16,-9.747,24.812843561172485
-1.308,1.202,-62.767439762832204,-0.031,-20.457,0.012,-3.377,24.813262462615967
-5.858,1.212,-62.767439762832204,0.016,-19.232,0.129,10.728,24.813695907592773
-3.023,0.534,-62.767439762832204,0.094,-15.347,-0.079,3.238,24.81407856941223
-2.463,0.834,-62.767439762832204,-0.018,-12.057,0.036,-2.327,24.81445288658142
-3.093,0.998,-61.723026309463755,0.041,-7.927,0.14,-3.412,24.814854621887207
-6.068,1.219,-61.723026309463755,0.074,-6.562,0.084,0.508,24.815252542495728
-6.208,0.88,-61.723026309463755,0.047,-3.552,0.088,1.313,24.815560817718506
-5.263,1.208,-61.723026309463755,0.154,3.448,0.14,3.308,25.43882727622986
1.877,0.88,-62.778888414346284,0.057,-19.547,-0.014,-6.982,25.44119954109192
5.342,0.941,-62.778888414346284,0.063,-17.097,-0.014,-7.192,25.44158411026001
6.357,1.066,-62.778888414346284,0.002,-15.417,-0.026,-6.527,25.44185209274292
1.387,0.979,-62.909241144712965,0.066,-12.932,-0.03,-10.132,25.442095041275024
-4.283,1.023,-62.79835524695853,0.024,-11.497,0.006,-11.602,25.442333459854126
-4.668,0.98,-62.79835524695853,0.024,-10.657,-0.01,-10.482,25.442565441131592
6.672,0.862,-62.79835524695853,0.02,-7.892,0.226,-0.017,25.442795038223267
-2.463,0.906,-62.79835524695853,0.199,-6.737,0.098,-8.942,25.44302463531494
-2.708,0.871,-62.79835524695853,0.047,-6.527,0.189,-6.702,25.443251132965088
0.022,0.803,-62.79835524695853,0.049,-7.332,0.121,-8.872,25.443479299545288
4.712,1.094,-62.79835524695853,0.039,-5.897,0.082,2.293,25.445372104644775
6.462,0.983,-62.79835524695853,0.023,-5.792,0.142,3.553,26.02016258239746
12.482,1.427,-63.589072942132304,-0.104,33.093,-0.271,13.738,26.022530555725098
14.442,0.129,-63.589072942132304,0.255,30.083,0.236,30.608,26.022984981536865
12.237,1.05,-63.589072942132304,-0.097,23.468,0.129,25.113,26.023272275924683
18.992,0.063,-64.81840932296859,0.319,14.508,-0.356,27.213,26.02352023124695
35.757,2.517,-64.81840932296859,0.319,11.008,-0.356,41.283,26.02376127243042
15.317,0.856,-64.81840932296859,0.12,7.088,0.256,21.543,26.023996591567993
-6.243,0.955,-64.81840932296859,-0.355,-0.262,-0.029,18.883,26.024229049682617
-3.828,1.159,-64.81840932296859,-0.148,-5.372,0.014,25.078,26.024459838867188
-12.333,0.953,-64.81840932296859,-0.34,-13.107,0.221,24.063,26.024686098098755
-20.628,1.03,-64.81840932296859,-0.296,-14.787,0.017,14.543,26.02491044998169
-30.953,0.775,-64.81840932296859,-0.043,-16.922,0.19,6.073,26.61658477783203
-5.753,1.286,-63.170841079896825,-0.143,25.148,0.0,-12.932,26.619049072265625
-4.843,1.093,-63.170841079896825,-0.019,26.198,0.1,-12.057,26.619685173034668
-4.353,0.819,-63.170841079896825,-0.147,26.898,0.125,-13.247,26.620096445083618
-5.648,0.899,-63.54615635181395,0.015,26.933,-0.064,-12.337,26.620373725891113
-4.843,1.2,-63.54615635181395,-0.028,27.143,0.005,-12.337,26.62062692642212
0.162,1.12,-63.54615635181395,0.114,26.618,-0.018,-10.202,26.62086796760559
0.162,1.12,-63.54615635181395,0.114,25.498,-0.018,-10.202,26.621104955673218
2.682,1.06,-63.54615635181395,0.13,24.063,-0.166,-10.587,26.621346473693848
2.822,0.597,-63.54615635181395,0.176,22.488,0.181,-8.732,26.62158489227295
0.127,0.862,-63.54615635181395,0.211,18.568,-0.068,-4.707,26.621819734573364
-0.223,1.212,-63.54615635181395,0.305,14.158,-0.011,-5.862,26.625467777252197
-0.223,1.206,-63.54615635181395,0.051,12.653,-0.112,-5.862,27.216867923736572
15.772,1.1,-62.804917535559674,0.128,-25.707,0.146,-12.162,27.219144821166992
12.412,1.028,-62.804917535559674,0.114,-27.842,0.086,-0.437,27.219568014144897
6.637,0.784,-61.344327654910316,0.342,-30.537,0.226,-4.497,27.219919443130493
-2.253,0.791,-61.344327654910316,0.096,-29.942,-0.145,-8.767,27.22024703025818
8.387,1.351,-61.344327654910316,0.143,-27.947,0.139,-20.912,27.2205593585968
8.352,1.262,-61.344327654910316,0.085,-27.247,0.253,-13.912,27.220867395401
-0.293,1.248,-61.344327654910316,0.165,-30.782,0.176,9.153,27.22117304801941
-6.418,0.607,-61.344327654910316,0.124,-30.467,0.042,14.193,27.221493244171143
-3.303,0.788,-61.344327654910316,0.11,-27.457,0.118,0.018,27.22179937362671
-3.828,0.825,-61.344327654910316,0.197,-25.497,0.114,-5.197,27.222098350524902
-1.938,1.006,-61.344327654910316,0.057,-22.032,0.014,0.753,27.225674867630005
-1.168,1.02,-61.344327654910316,0.056,-20.597,0.06,-0.927,27.802958011627197
16.577,1.025,-61.94308510798634,-0.056,-22.732,-0.012,7.088,27.805087089538574
12.377,1.034,-60.73063731959175,-0.139,-25.777,-0.17,7.963,27.80549645423889
10.417,1.233,-60.73063731959175,-0.022,-26.932,-0.054,6.668,27.805792808532715
8.492,1.156,-60.73063731959175,-0.041,-28.542,-0.176,5.128,27.806079387664795
3.977,1.083,-60.73063731959175,-0.06,-29.207,-0.162,0.263,27.80634307861328
7.442,1.088,-60.73063731959175,-0.021,-29.627,-0.061,3.903,27.806604623794556
4.572,0.712,-60.73063731959175,-0.08,-28.717,-0.173,-1.662,27.806885957717896
7.092,1.374,-60.73063731959175,-0.117,-28.822,-0.149,-4.987,27.80714750289917
8.177,1.359,-60.73063731959175,-0.002,-28.402,-0.09,-6.002,27.807403326034546
4.922,1.085,-60.73063731959175,0.095,-27.002,-0.05,-13.177,27.807661056518555
5.097,1.099,-60.73063731959175,0.071,-25.882,0.055,-14.577,27.808735609054565
4.327,1.102,-59.14321258047983,-0.004,-23.817,-0.022,-13.632,28.44437265396118
20.672,1.016,-61.628502917343226,0.109,40.163,-0.022,17.028,28.44670081138611
25.747,1.023,-61.628502917343226,0.051,39.288,-0.009,17.098,28.447091579437256
27.742,0.887,-61.628502917343226,0.057,37.783,0.029,19.268,28.44739317893982
29.597,0.904,-61.628502917343226,0.076,35.228,-0.03,29.593,28.4476637840271
32.012,0.923,-61.628502917343226,0.038,34.423,0.025,32.778,28.447928190231323
36.072,1.033,-61.628502917343226,0.016,33.268,0.038,39.743,28.44818878173828
28.092,1.866,-63.66474349793111,-0.006,29.138,0.238,39.673,28.448445320129395
23.997,-0.211,-63.66474349793111,0.765,27.283,-0.151,33.688,28.44870638847351
12.412,1.794,-63.66474349793111,-0.134,20.353,0.044,31.448,28.449015855789185
13.602,0.799,-63.66474349793111,-0.309,11.708,0.004,35.893,28.44928503036499
19.167,0.558,-63.66474349793111,-0.295,8.208,0.193,29.243,28.4495587348938
17.487,0.736,-63.66474349793111,-0.019,2.363,0.049,21.858,29.05417513847351
0.057,0.738,-61.622346721403844,0.019,23.293,0.032,-1.557,29.05632996559143
-0.328,0.707,-61.622346721403844,0.196,25.218,0.155,-5.372,29.056774377822876
-1.658,1.016,-61.622346721403844,-0.109,26.408,0.152,-6.912,29.057127714157104
-6.138,1.151,-61.622346721403844,-0.059,27.353,-0.016,-6.772,29.057448625564575
-8.203,1.041,-62.42334753868247,0.031,28.298,0.073,-7.647,29.057742595672607
-5.508,1.181,-62.42334753868247,0.095,28.403,-0.159,-6.037,29.05802893638611
-6.348,0.837,-62.42334753868247,-0.036,28.648,0.102,-11.252,29.05829644203186
-3.653,1.023,-62.42334753868247,0.004,26.723,0.079,-10.902,29.05855894088745
-4.563,1.013,-62.42334753868247,0.026,25.953,0.079,-14.647,29.05881929397583
-4.843,1.231,-62.42334753868247,-0.0,23.993,-0.007,-11.847,29.05908703804016
1.142,0.945,-62.42334753868247,0.096,20.283,0.06,-8.277,29.059346675872803
-0.818,1.002,-62.42334753868247,0.096,19.198,-0.002,-5.757,29.05960702896118
-0.328,0.986,-62.42334753868247,0.144,13.808,-0.018,-1.557,29.646366357803345
15.177,1.064,-60.29816586213549,0.063,-34.387,0.01,-9.397,29.64861249923706
15.072,0.861,-60.29816586213549,0.389,-33.547,0.096,-4.637,29.648943185806274
12.692,1.186,-60.29816586213549,0.132,-33.372,0.201,-7.402,29.64928412437439
8.492,0.658,-60.46071699950474,0.24,-31.517,-0.068,-11.742,29.649620532989502
11.292,0.889,-60.056746110697524,0.217,-30.782,0.035,-14.962,29.649938106536865
5.412,1.576,-60.056746110697524,0.219,-26.617,-0.078,-26.302,29.650245189666748
27.777,1.3,-60.056746110697524,0.437,-23.117,0.443,-28.787,29.65056300163269
0.267,1.002,-60.056746110697524,0.212,-20.492,0.119,-5.442,29.650846004486084
6.917,0.983,-60.056746110697524,0.159,-22.277,0.075,10.938,29.65111231803894
6.917,0.983,-60.056746110697524,0.159,-21.262,0.075,10.938,29.65140724182129
2.927,0.789,-60.056746110697524,0.057,-18.812,0.121,-3.482,29.65169882774353
-0.573,0.75,-60.056746110697524,0.143,-16.747,0.125,-9.362,30.24642586708069
19.762,1.266,-61.03046133157014,-0.036,-23.957,0.13,10.693,30.248647928237915
18.642,0.837,-61.03046133157014,-0.038,-27.492,-0.095,9.503,30.24906039237976
9.962,1.155,-58.127150612530215,-0.046,-31.657,-0.151,4.043,30.249377489089966
7.967,1.189,-58.127150612530215,-0.001,-32.742,-0.08,0.088,30.249667644500732
6.042,0.763,-58.127150612530215,0.325,-35.717,-0.458,-1.872,30.249940395355225
5.937,1.041,-58.127150612530215,0.072,-35.822,-0.177,-0.017,30.250256776809692
9.787,1.098,-58.127150612530215,-0.037,-35.507,-0.023,-0.192,30.250526428222656
12.762,1.0,-58.127150612530215,0.045,-36.382,-0.203,-2.467,30.250784635543823
12.412,1.003,-58.127150612530215,0.004,-36.697,-0.121,-3.867,30.251038789749146
9.577,0.942,-58.127150612530215,0.078,-36.522,-0.104,-10.552,30.251292943954468
7.547,1.029,-58.127150612530215,0.104,-35.682,-0.064,-11.987,30.251551866531372
0.897,1.059,-58.127150612530215,0.006,-32.777,-0.02,-16.187,30.78941583633423
9.962,0.978,-57.73325208504754,0.052,47.058,0.002,23.083,30.790268659591675
11.082,0.909,-57.73325208504754,0.035,48.913,-0.024,24.133,30.792380332946777
14.512,1.01,-57.73325208504754,0.074,49.683,0.022,24.133,30.792800903320312
19.482,1.026,-57.73325208504754,-0.002,49.928,-0.024,26.443,30.793105840682983
17.102,1.306,-57.73325208504754,0.041,49.823,-0.029,24.623,30.793410301208496
12.272,0.78,-57.73325208504754,0.058,48.248,-0.029,26.163,30.793768882751465
14.197,1.272,-59.97719435670731,-0.028,44.818,0.071,27.808,30.79415726661682
11.677,0.717,-59.97719435670731,-0.116,43.243,0.019,27.913,30.794517755508423
10.032,0.921,-59.97719435670731,-0.031,39.848,0.028,27.738,30.794880628585815
9.297,0.83,-59.97719435670731,-0.039,37.958,0.014,27.773,30.795263290405273
13.147,0.694,-59.97719435670731,-0.092,35.088,0.08,28.893,31.35133457183838
-10.268,1.067,-56.923073606150034,0.051,16.573,-0.09,1.383,31.35390877723694
-15.413,0.932,-56.923073606150034,0.161,17.273,-0.144,0.928,31.354472398757935
-15.763,0.949,-56.923073606150034,0.153,16.258,-0.038,-4.497,31.354849338531494
-9.428,1.002,-56.923073606150034,0.083,16.083,-0.049,-7.262,31.355198621749878
-7.713,1.055,-56.923073606150034,0.077,16.433,-0.05,-3.797,31.355536699295044
-8.308,0.997,-56.923073606150034,0.035,15.803,-0.026,3.238,31.35586977005005
-11.458,0.876,-56.923073606150034,0.074,14.333,0.081,6.703,31.356204986572266
-12.403,1.137,-56.923073606150034,0.062,13.528,0.228,9.433,31.356534957885742
-6.838,0.985,-56.923073606150034,-0.027,12.723,0.215,6.423,31.356865406036377
-2.078,0.727,-57.80105681699774,-0.036,11.603,0.13,4.708,31.357210636138916
-0.153,1.112,-57.80105681699774,-0.099,11.148,0.034,4.218,31.941500425338745
15.457,1.092,-57.79068539098146,0.001,-36.522,0.114,-12.757,31.94443941116333
8.842,0.849,-57.79068539098146,0.101,-38.972,0.055,-9.607,31.944919109344482
13.182,0.816,-57.79068539098146,0.098,-38.762,-0.009,-12.162,31.94521141052246
17.767,0.978,-57.79068539098146,0.127,-39.042,0.18,-14.507,31.945484399795532
16.192,0.927,-57.79068539098146,0.086,-40.407,0.051,-9.152,31.94573736190796
17.137,1.005,-57.79068539098146,0.109,-40.197,0.152,-8.942,31.945983409881592
11.782,1.109,-57.79068539098146,0.09,-40.547,0.182,-6.807,31.946224689483643
1.527,1.061,-57.79068539098146,0.073,-40.442,0.09,0.123,31.94646167755127
3.277,0.768,-57.79068539098146,0.115,-39.497,0.129,-1.977,31.946714639663696
13.042,0.902,-57.79068539098146,0.097,-36.452,0.066,-10.937,31.94707417488098
13.917,1.089,-56.61698087177306,0.271,-33.302,0.172,-12.757,31.947377681732178
12.622,1.312,-56.61698087177306,0.044,-30.887,-0.011,-6.387,31.948781728744507
10.417,0.99,-56.61698087177306,0.247,-30.257,0.147,-1.487,32.51323699951172
-6.803,0.976,-53.84394598066623,0.126,8.908,0.09,14.963,32.51566505432129
-5.473,0.868,-54.75077073134966,0.161,7.823,0.379,18.183,32.51618814468384
-9.113,0.839,-54.75077073134966,-0.251,7.543,0.266,21.648,32.51659345626831
-7.048,1.105,-54.75077073134966,0.162,7.578,-0.054,12.828,32.51689052581787
-2.498,0.928,-54.75077073134966,0.104,6.213,0.173,21.788,32.517174243927
-1.588,0.859,-54.75077073134966,0.243,5.198,0.104,20.843,32.51745414733887
0.827,1.254,-54.75077073134966,0.044,2.153,0.129,30.328,32.51772212982178
-11.318,0.715,-54.75077073134966,0.069,-3.412,0.082,30.258,32.517986536026
-14.783,0.817,-54.75077073134966,0.108,-5.372,0.147,32.113,32.518253326416016
-22.203,1.042,-54.75077073134966,0.029,-9.397,0.044,34.003,32.518513917922974
-23.953,0.98,-54.448706753327514,0.127,-13.562,0.098,34.633,33.07386779785156
-9.008,1.207,-53.98998033249704,0.122,-11.252,0.077,5.793,33.07604384422302
-1.133,1.019,-53.98998033249704,0.006,-7.752,0.175,8.418,33.07648515701294
-2.218,1.02,-53.98998033249704,0.018,-4.077,0.083,3.693,33.076828956604004
-1.063,0.961,-53.874161557044694,0.045,-2.222,-0.017,3.098,33.07715392112732
0.407,1.024,-53.874161557044694,-0.0,0.473,0.127,9.468,33.07748246192932
-5.263,0.95,-53.874161557044694,-0.019,2.538,0.087,10.273,33.077789306640625
-1.973,1.119,-53.874161557044694,0.094,4.078,-0.004,11.848,33.07809257507324
12.237,1.088,-53.874161557044694,-0.089,5.828,0.172,20.318,33.07839250564575
0.862,0.666,-53.874161557044694,0.025,6.808,0.037,13.738,33.0786988735199
-1.378,1.227,-53.874161557044694,-0.047,6.668,0.017,17.693,33.07900547981262
6.112,1.255,-53.874161557044694,-0.053,6.318,-0.035,17.483,33.079304933547974
14.092,0.976,-53.874161557044694,-0.049,4.988,0.073,17.448,33.626132011413574
2.052,1.001,-52.62865576586376,0.025,-0.787,0.058,5.163,33.62835693359375
1.667,1.026,-52.62865576586376,0.014,-0.682,0.064,4.848,33.6287682056427
1.702,1.013,-52.62865576586376,-0.006,-0.682,0.056,5.093,33.62909913063049
1.912,1.0,-52.62865576586376,0.002,-0.717,0.019,5.583,33.62942552566528
1.562,1.02,-52.62865576586376,-0.015,-0.787,0.026,5.898,33.62974190711975
2.052,1.01,-52.62865576586376,-0.028,-0.997,0.019,5.583,33.630045652389526
1.772,1.019,-52.62865576586376,-0.026,-1.172,0.044,6.038,33.63034701347351
1.737,1.022,-53.314864071287445,-0.029,-1.137,0.034,5.583,33.63071966171265
1.597,1.03,-53.314864071287445,-0.035,-1.207,0.04,5.618,33.631115674972534
1.632,1.013,-53.314864071287445,-0.055,-0.927,0.029,5.303,33.63143730163574
1.142,1.009,-53.314864071287445,-0.051,-0.717,0.034,4.883,34.18337607383728
0.022,1.03,-53.41481561275346,-0.049,0.298,0.063,1.943,34.1857852935791
0.197,1.018,-53.41481561275346,-0.034,0.123,0.053,1.593,34.18632769584656
-0.013,1.034,-53.41481561275346,-0.037,0.543,0.048,1.068,34.18669033050537
-0.258,1.013,-53.41481561275346,-0.055,0.788,0.055,1.208,34.187031745910645
-0.363,1.002,-53.41481561275346,-0.029,0.718,0.051,0.403,34.187517404556274
-0.433,1.004,-53.41481561275346,-0.04,1.033,0.066,0.123,34.18785333633423
-0.888,1.02,-53.41481561275346,-0.019,1.068,0.074,-0.227,34.18820405006409
-0.923,0.997,-53.41481561275346,-0.039,1.138,0.041,-0.717,34.188533306121826
-1.203,0.989,-53.41481561275346,-0.041,1.138,0.04,-0.822,34.188865661621094
-1.133,0.998,-53.41481561275346,-0.011,0.998,0.063,-1.347,34.189189195632935
-1.133,1.005,-53.96666699566335,-0.019,0.753,0.073,-1.242,34.18952536582947
-1.273,1.006,-53.96666699566335,-0.024,0.508,0.049,-1.277,34.731491804122925
-0.678,1.009,-52.84897052927957,-0.015,-0.227,0.046,-0.542,34.73384165763855
-0.538,1.004,-52.84897052927957,-0.009,-0.507,0.053,-0.227,34.73433518409729
-0.468,0.997,-52.84897052927957,-0.018,-0.437,0.043,-0.122,34.73465347290039
-0.573,1.013,-52.84897052927957,-0.007,-0.647,0.041,0.123,34.734957456588745
-0.433,1.019,-53.82369843212108,-0.008,-0.612,0.046,0.368,34.735286474227905
-0.363,1.008,-53.82369843212108,-0.002,-0.577,0.055,0.473,34.73562049865723
-0.258,1.008,-53.82369843212108,-0.006,-0.752,0.046,0.823,34.735918283462524
-0.223,1.003,-53.82369843212108,0.003,-0.612,0.046,1.033,34.73621344566345
-0.153,1.025,-53.82369843212108,-0.012,-0.542,0.035,1.173,34.73651838302612
0.057,1.024,-53.82369843212108,-0.003,-0.507,0.047,1.278,34.73682427406311
0.232,1.022,-53.82369843212108,-0.009,-0.367,0.048,1.768,34.74037313461304
0.337,1.021,-53.82369843212108,-0.01,-0.262,0.046,1.838,35.32677698135376
0.092,1.011,-54.00960933124836,-0.037,0.018,0.045,1.348,35.32903528213501
-0.083,1.023,-54.00960933124836,-0.018,0.053,0.048,1.383,35.32953119277954
-0.118,1.021,-54.00960933124836,-0.027,-0.017,0.059,0.998,35.329891204833984
-0.223,0.998,-53.54210838879013,-0.025,-0.087,0.043,0.963,35.3302264213562
-0.328,1.018,-53.54210838879013,-0.031,-0.122,0.052,0.928,35.33055353164673
-0.328,1.01,-53.54210838879013,-0.027,0.053,0.057,0.578,35.33087658882141
-0.363,1.004,-53.54210838879013,-0.027,-0.297,0.05,0.613,35.33119606971741
-0.468,1.01,-53.54210838879013,-0.028,-0.052,0.053,0.193,35.33151388168335
-0.503,1.003,-53.54210838879013,-0.018,-0.017,0.053,0.193,35.33182954788208
-0.503,1.014,-53.54210838879013,-0.015,-0.227,0.047,0.228,35.3321533203125
-0.573,1.015,-53.54210838879013,-0.026,-0.087,0.054,0.193,35.88393187522888
-0.258,1.011,-53.51832303863476,-0.004,-0.087,0.062,0.683,35.88642477989197
-0.223,1.026,-53.51832303863476,-0.022,-0.087,0.039,0.718,35.88697671890259
-0.153,1.007,-53.51832303863476,-0.01,-0.157,0.041,0.613,35.88731241226196
-0.328,1.006,-53.51832303863476,-0.006,-0.122,0.049,1.418,35.8876051902771
-0.118,1.009,-53.51832303863476,-0.022,-0.227,0.057,0.963,35.88787126541138
-0.188,1.013,-53.51832303863476,-0.012,-0.192,0.044,1.138,35.88811540603638
0.127,1.004,-53.54952259789876,-0.004,-0.122,0.049,1.453,35.888349294662476
-0.083,1.016,-53.54952259789876,-0.015,-0.192,0.049,1.453,35.888580322265625
-0.013,1.014,-53.54952259789876,-0.012,-0.122,0.053,1.348,35.888816833496094
0.127,1.013,-53.54952259789876,-0.012,-0.262,0.041,1.488,35.88904881477356
0.022,1.003,-53.54952259789876,-0.017,-0.157,0.053,1.383,35.88927602767944
0.022,1.009,-53.54952259789876,-0.031,-0.262,0.054,1.628,36.448684215545654
-0.083,1.014,-53.890996780397806,-0.026,-0.052,0.053,1.138,36.451210260391235
-0.118,1.01,-53.890996780397806,-0.023,-0.122,0.045,1.138,36.45178699493408
-0.223,1.012,-53.890996780397806,-0.021,-0.087,0.05,0.788,36.45216703414917
-0.188,1.008,-53.890996780397806,-0.029,-0.087,0.06,0.613,36.452510356903076
-0.258,1.015,-53.890996780397806,-0.009,-0.017,0.054,0.823,36.45277118682861
-0.293,1.018,-53.890996780397806,-0.017,-0.122,0.044,0.613,36.45301270484924
-0.328,1.023,-53.890996780397806,-0.026,-0.087,0.038,0.648,36.453279972076416
-0.468,1.004,-53.890996780397806,-0.024,-0.052,0.041,0.613,36.45355415344238
-0.293,1.008,-54.25774941338656,-0.024,0.018,0.057,0.648,36.453792572021484
-0.328,1.014,-54.25774941338656,-0.016,-0.157,0.058,0.543,36.45402431488037
-0.398,0.998,-54.25774941338656,-0.02,-0.122,0.053,0.508,36.45867943763733
-0.398,1.017,-54.25774941338656,-0.028,-0.157,0.043,0.753,37.02087163925171
-0.188,1.01,-53.71821395611637,-0.028,-0.087,0.046,1.138,37.02321219444275
-0.118,0.995,-53.71821395611637,-0.019,0.053,0.042,1.208,37.02361297607422
-0.188,1.004,-53.71821395611637,-0.02,-0.087,0.062,1.243,37.023905515670776
0.022,1.003,-53.71821395611637,-0.03,0.018,0.042,1.068,37.024178981781006
-0.048,1.007,-53.71821395611637,-0.013,-0.052,0.054,1.243,37.024444580078125
0.057,1.018,-53.71821395611637,-0.01,-0.122,0.067,1.348,37.024710178375244
-0.153,1.008,-53.71821395611637,-0.023,0.018,0.04,1.173,37.02497053146362
-0.188,1.002,-53.71821395611637,-0.01,0.018,0.043,1.313,37.02528262138367
-0.188,1.017,-53.71821395611637,-0.018,0.018,0.056,1.243,37.025588274002075
-0.153,1.005,-53.71821395611637,-0.018,-0.087,0.067,1.208,37.02587556838989
0.022,1.014,-54.033551589956616,-0.017,-0.122,0.042,1.103,37.58949303627014
-0.223,1.022,-53.81742235050043,-0.014,-0.087,0.052,0.893,37.59183621406555
-0.398,1.024,-53.81742235050043,-0.014,-0.262,0.04,0.753,37.59238600730896
-0.328,1.011,-53.64060641382396,-0.021,-0.122,0.045,0.858,37.59276986122131
-0.223,1.03,-53.64060641382396,-0.023,-0.122,0.051,0.788,37.59312629699707
-0.153,1.002,-53.64060641382396,-0.014,-0.017,0.051,0.788,37.593555212020874
-0.223,1.022,-53.64060641382396,-0.022,-0.192,0.042,0.788,37.59390997886658
-0.118,1.011,-53.64060641382396,-0.015,-0.122,0.053,0.718,37.59424042701721
-0.188,1.006,-53.64060641382396,-0.019,0.018,0.054,0.858,37.59456968307495
-0.293,1.005,-53.64060641382396,-0.017,-0.087,0.049,0.753,37.59488844871521
-0.223,1.009,-53.64060641382396,-0.015,0.018,0.045,0.928,37.5952033996582
-0.188,1.013,-53.64060641382396,-0.013,-0.017,0.043,0.858,37.5997109413147
-0.153,1.008,-53.64060641382396,-0.014,0.088,0.038,0.963,38.15463161468506
0.022,1.011,-54.09255481131184,-0.018,-0.017,0.05,1.033,38.15710687637329
-0.153,1.017,-54.09255481131184,-0.014,-0.052,0.051,1.313,38.157575845718384
-0.223,1.016,-54.09255481131184,-0.02,-0.052,0.053,0.893,38.15791153907776
-0.153,1.011,-54.09255481131184,-0.009,-0.052,0.057,1.278,38.15823793411255
-0.153,1.003,-54.09255481131184,-0.025,-0.192,0.052,0.963,38.1585590839386
-0.048,1.007,-53.33554582796706,-0.026,-0.087,0.047,0.963,38.15886998176575
-0.258,1.004,-53.33554582796706,-0.019,-0.157,0.054,0.998,38.159180879592896
-0.223,1.014,-53.33554582796706,-0.03,-0.157,0.054,0.858,38.159480810165405
-0.083,1.023,-53.33554582796706,-0.011,-0.122,0.056,1.068,38.15978288650513
0.057,1.015,-53.33554582796706,-0.023,-0.087,0.05,0.928,38.160078287124634
-0.328,1.006,-53.33554582796706,-0.022,-0.122,0.042,1.103,38.16037154197693
-0.118,1.019,-53.33554582796706,-0.013,-0.122,0.049,0.928,38.730000019073486
-0.293,1.013,-53.103881531313725,-0.007,-0.017,0.034,0.893,38.73221135139465
-0.223,1.004,-53.103881531313725,-0.017,-0.087,0.055,0.928,38.73260569572449
-0.153,1.025,-53.103881531313725,-0.018,0.018,0.046,0.753,38.732959270477295
-0.258,1.013,-53.103881531313725,-0.013,-0.017,0.056,0.893,38.733277320861816
-0.118,1.034,-53.103881531313725,-0.021,-0.052,0.05,0.823,38.733596324920654
-0.188,1.014,-53.59630900309676,-0.015,-0.017,0.052,1.103,38.73389267921448
-0.048,1.01,-53.59630900309676,-0.009,-0.227,0.043,1.033,38.734187841415405
-0.223,1.013,-53.59630900309676,-0.029,-0.087,0.056,1.138,38.73447775840759
-0.153,1.012,-53.59630900309676,-0.026,-0.122,0.052,1.033,38.73477125167847
-0.118,0.993,-53.59630900309676,-0.015,0.053,0.054,1.033,38.73512625694275
-0.188,1.016,-53.59630900309676,-0.02,-0.017,0.05,0.963,38.739070653915405
0.022,0.994,-53.59630900309676,-0.02,0.018,0.054,0.893,39.308027505874634
-0.118,1.005,-53.849535877696354,-0.026,-0.262,0.039,0.893,39.31037759780884
-0.258,1.007,-53.849535877696354,-0.019,-0.052,0.048,0.858,39.31078100204468
-0.118,1.005,-53.849535877696354,-0.019,-0.052,0.051,0.928,39.31110119819641
-0.153,1.005,-53.849535877696354,-0.018,-0.227,0.052,0.858,39.31142044067383
-0.153,1.006,-53.849535877696354,-0.011,-0.052,0.047,0.893,39.311721324920654
-0.048,1.012,-53.849535877696354,-0.018,-0.192,0.05,0.788,39.31203007698059
-0.083,1.031,-53.44775402716638,-0.024,-0.192,0.048,0.648,39.31238031387329
-0.223,1.011,-53.44775402716638,-0.005,-0.122,0.057,0.928,39.312708377838135
-0.118,1.024,-53.44775402716638,-0.022,-0.157,0.055,0.823,39.313024044036865
-0.258,1.028,-53.44775402716638,-0.011,-0.122,0.057,0.823,39.31332087516785
-0.258,1.017,-53.44775402716638,-0.016,-0.017,0.046,1.033,39.883440256118774
-0.153,1.04,-54.205240718602575,-0.02,0.053,0.056,0.998,39.8856987953186
-0.153,1.034,-54.205240718602575,-0.015,-0.017,0.045,1.068,39.88612198829651
-0.118,1.015,-54.205240718602575,-0.004,-0.052,0.057,0.963,39.88647270202637
-0.083,1.015,-54.205240718602575,-0.019,-0.052,0.046,1.068,39.88680672645569
-0.153,1.01,-54.205240718602575,-0.007,-0.017,0.048,0.928,39.88715481758118
-0.118,1.005,-54.205240718602575,-0.02,0.018,0.049,1.068,39.887484312057495
-0.153,1.001,-54.205240718602575,-0.019,-0.087,0.051,1.068,39.88780856132507
-0.083,1.005,-54.205240718602575,-0.016,0.018,0.051,0.753,39.8881402015686
-0.258,1.007,-53.04917616572058,-0.021,-0.017,0.049,0.858,39.88847732543945
-0.118,1.009,-53.04917616572058,-0.02,-0.052,0.04,0.893,39.88880896568298
-0.188,1.003,-53.04917616572058,-0.011,-0.087,0.048,0.998,39.88914966583252
-0.153,1.016,-53.04917616572058,-0.031,-0.332,0.054,0.928,40.46618700027466
-0.118,1.009,-53.57834183365047,-0.026,-0.122,0.054,0.683,40.46846532821655
-0.293,1.004,-53.57834183365047,-0.005,0.088,0.041,0.998,40.468942642211914
-0.118,1.012,-53.57834183365047,-0.014,-0.157,0.04,1.068,40.46924376487732
-0.188,1.002,-53.57834183365047,-0.02,-0.052,0.047,0.928,40.469557762145996
-0.188,1.014,-53.57834183365047,-0.016,0.053,0.054,0.998,40.46985387802124
-0.258,1.016,-53.57834183365047,-0.015,-0.017,0.061,1.313,40.470197916030884
-0.258,1.014,-53.57834183365047,-0.013,0.018,0.04,1.138,40.47055673599243
-0.293,1.003,-53.57834183365047,-0.017,-0.017,0.049,1.033,40.4709255695343
-0.188,1.018,-53.54492964260591,-0.014,-0.052,0.055,0.893,40.471287965774536
-0.118,1.012,-53.54492964260591,-0.016,-0.122,0.05,0.928,40.471646785736084
-0.153,1.031,-53.54492964260591,-0.016,-0.087,0.052,0.928,41.090900182724
-0.188,1.025,-53.36853803116143,-0.007,-0.262,0.049,0.963,41.09158968925476
-0.083,1.008,-53.36853803116143,-0.021,-0.017,0.055,0.788,41.09198474884033
-0.083,1.014,-53.36853803116143,-0.015,-0.052,0.052,0.928,41.092939138412476
-0.188,1.004,-53.36853803116143,-0.021,-0.017,0.047,0.963,41.09398913383484
-0.013,1.004,-50.75866408814089,-0.018,-0.157,0.047,0.823,41.09468364715576
-0.223,1.017,-53.05115541202279,-0.023,-0.157,0.052,1.033,41.09501242637634
-0.048,1.024,-53.05115541202279,-0.008,-0.017,0.063,0.823,41.09692883491516
-0.293,1.024,-53.05115541202279,-0.009,-0.087,0.045,1.138,41.097209453582764
-0.188,1.009,-53.05115541202279,-0.021,0.053,0.045,0.893,41.09755492210388
-0.258,1.026,-53.05115541202279,-0.016,-0.017,0.053,1.068,41.09789752960205
-0.258,0.997,-53.05115541202279,-0.016,-0.122,0.055,1.103,41.670132875442505
-0.188,1.021,-52.49585763972986,-0.019,-0.122,0.048,0.893,41.6723256111145
-0.083,0.999,-52.49585763972986,-0.018,-0.052,0.047,0.823,41.67267179489136
-0.153,1.009,-52.49585763972986,-0.024,-0.017,0.054,1.138,41.6729679107666
-0.223,1.014,-52.49585763972986,-0.022,-0.017,0.048,0.788,41.67331051826477
-0.258,0.996,-52.49585763972986,-0.018,-0.087,0.037,1.068,41.67368245124817
-0.153,1.008,-53.97140905827468,-0.022,-0.052,0.05,0.858,41.67396545410156
-0.153,0.986,-53.97140905827468,-0.025,-0.087,0.045,0.893,41.67420935630798
-0.048,1.001,-53.97140905827468,-0.022,-0.157,0.057,0.823,41.67454123497009
-0.083,1.01,-53.97140905827468,-0.015,-0.052,0.058,1.033,41.67487597465515
-0.328,1.025,-53.97140905827468,-0.007,-0.087,0.049,1.278,41.675161838531494
-0.258,1.011,-53.97140905827468,-0.013,-0.017,0.045,1.173,41.67724823951721
-0.118,1.026,-53.97140905827468,-0.019,-0.157,0.049,0.928,42.26893353462219
-0.153,1.029,-53.314342914676544,-0.024,-0.087,0.045,1.033,42.84331917762756
