vz,time,ax,ay,vx,comp,az,vy
-0.069,1.4173903465270996,0.056,-0.017,-0.22,-81.2665574130074,1.014,0.763
-0.139,1.4193346500396729,0.053,-0.016,-0.08,-81.17962044797895,1.021,0.588
-0.139,1.419706106185913,0.06,-0.019,-0.185,-81.17962044797895,1.019,0.763
-0.139,1.4199771881103516,0.058,-0.011,-0.01,-81.17962044797895,1.009,0.903
-0.034,1.4202508926391602,0.056,-0.014,-0.01,-81.40543711156451,1.009,0.588
-0.314,1.4205212593078613,0.059,-0.004,-0.01,-81.40543711156451,1.014,0.728
-0.209,1.4207720756530762,0.056,-0.012,0.025,-81.40543711156451,1.012,0.623
-0.069,1.421018362045288,0.063,-0.012,-0.045,-81.40543711156451,1.016,0.763
-0.384,1.4212656021118164,0.06,-0.024,-0.15,-81.40543711156451,1.01,0.658
-0.174,1.4215161800384521,0.054,-0.014,-0.01,-81.40543711156451,1.013,0.623
-0.209,1.421752691268921,0.057,-0.018,-0.115,-81.40543711156451,1.013,0.868
-0.174,1.955482006072998,0.056,-0.009,-0.08,-81.40543711156451,1.012,0.798
-0.139,1.9576938152313232,0.052,0.001,0.06,-81.37583810387287,1.011,0.798
-0.279,1.9580280780792236,0.055,-0.011,0.095,-81.37583810387287,1.019,0.588
-0.209,1.9582550525665283,0.048,-0.027,-0.255,-81.37583810387287,1.018,0.798
-0.244,1.9584667682647705,0.057,-0.012,-0.08,-81.37583810387287,1.011,0.658
-0.139,1.9586658477783203,0.053,-0.019,-0.22,-81.37583810387287,1.004,0.623
-0.104,1.9588613510131836,0.056,-0.014,0.025,-81.37583810387287,1.013,0.693
-0.139,1.959059715270996,0.061,-0.013,0.095,-81.37583810387287,1.011,0.588
0.001,1.9592528343200684,0.054,-0.017,-0.185,-81.37583810387287,0.992,0.693
-0.174,1.959460973739624,0.056,-0.018,0.06,-81.03347044132164,1.02,0.623
0.036,1.9596648216247559,0.063,-0.006,-0.29,-81.03347044132164,1.021,0.728
-0.104,2.5337870121002197,0.059,-0.007,0.06,-81.03347044132164,1.005,0.623
-0.209,2.535965919494629,0.061,0.003,-0.255,-81.04820442563754,1.0,0.833
-0.104,2.536311388015747,0.057,-0.018,-0.08,-81.04820442563754,1.02,0.588
-0.069,2.536540985107422,0.053,-0.017,-0.01,-81.04820442563754,1.015,0.588
-0.244,2.5367519855499268,0.055,-0.01,-0.185,-81.04820442563754,1.005,0.763
-0.209,2.5369603633880615,0.049,-0.024,-0.08,-81.04820442563754,1.014,0.693
-0.279,2.537163496017456,0.058,-0.016,-0.15,-81.04820442563754,1.03,0.658
-0.174,2.5373733043670654,0.05,-0.03,0.095,-81.04820442563754,1.019,0.728
-0.034,2.5375683307647705,0.047,-0.009,-0.045,-81.04820442563754,1.008,0.728
-0.139,2.5377612113952637,0.052,-0.027,-0.01,-81.04820442563754,1.02,0.588
-0.069,2.5379505157470703,0.051,-0.017,-0.115,-81.45092317958131,1.015,0.623
-0.174,3.137328624725342,0.053,-0.019,-0.15,-81.45092317958131,1.012,0.763
-7.559,3.1397807598114014,0.083,-0.065,-5.575,-81.6779448617906,0.916,-4.767
-6.859,3.1402976512908936,0.084,-0.078,-6.135,-81.6779448617906,0.989,-7.672
-5.879,3.1406586170196533,0.07,-0.031,-7.5,-81.6779448617906,1.011,-9.282
-3.849,3.1409976482391357,0.061,-0.052,-6.485,-81.6779448617906,1.003,-8.477
-2.764,3.1413302421569824,0.047,-0.027,-4.14,-81.6779448617906,1.037,-4.732
-1.294,3.1415998935699463,0.053,-0.02,-1.97,-81.6779448617906,1.079,-0.882
-0.769,3.1418490409851074,0.057,-0.035,-1.445,-81.6779448617906,1.055,2.198
-0.034,3.1421878337860107,0.066,-0.042,-0.22,-82.57431845722411,0.973,1.568
-0.034,3.142551898956299,0.068,0.003,-0.22,-82.57431845722411,0.973,1.568
1.646,3.1429009437561035,0.081,-0.061,-3.86,-82.57431845722411,0.949,-0.707
1.681,3.1431493759155273,0.053,-0.067,-2.81,-82.57431845722411,0.97,-2.457
2.066,3.7452614307403564,0.072,-0.069,-4.56,-82.57431845722411,0.999,-3.752
-13.404,3.747180700302124,0.112,-0.067,5.38,-80.98173617070809,1.001,5.488
-12.774,3.7475810050964355,0.125,-0.103,6.29,-80.98173617070809,0.938,6.328
-12.914,3.7478842735290527,0.09,-0.103,8.775,-80.98173617070809,0.933,3.318
-11.059,3.748185157775879,0.108,-0.028,6.5,-80.98173617070809,1.016,2.303
-13.089,3.7484867572784424,0.13,-0.083,-1.585,-80.98173617070809,1.107,0.063
-13.299,3.7487618923187256,0.07,-0.049,4.085,-80.91704114254306,1.019,0.238
-14.034,3.7490341663360596,0.104,-0.066,2.685,-80.91704114254306,1.094,2.268
-15.084,3.7493040561676025,0.122,-0.049,3.21,-80.91704114254306,1.056,1.988
-16.064,3.749588966369629,0.103,-0.037,6.78,-80.91704114254306,0.961,-0.182
-17.779,3.7498490810394287,0.122,-0.025,-0.815,-80.91704114254306,0.982,-4.347
-17.744,4.215759754180908,0.109,-0.031,-4.735,-80.91704114254306,1.062,-5.922
-6.334,4.21800422668457,0.076,-0.039,7.9,-79.18175365407009,1.109,7.658
-5.004,4.218338251113892,0.054,-0.103,3.0,-79.18175365407009,1.037,4.123
-3.814,4.218586683273315,0.198,0.004,2.72,-79.18175365407009,0.762,1.813
-2.169,4.2188639640808105,-0.016,-0.075,4.19,-79.18175365407009,1.003,6.258
-0.454,4.219184160232544,0.195,-0.034,9.195,-79.18175365407009,1.153,9.548
0.806,4.219455242156982,0.026,-0.058,15.075,-79.18175365407009,1.097,11.018
2.556,4.2197184562683105,-0.003,-0.12,27.29,-79.18175365407009,0.955,23.058
3.921,4.220012426376343,0.058,-0.057,32.12,-78.94841671416575,0.946,28.973
3.571,4.22029185295105,0.04,-0.036,36.32,-78.94841671416575,0.928,30.863
3.361,4.220535755157471,0.131,-0.051,35.375,-78.94841671416575,1.008,36.393
1.506,4.705358266830444,0.152,-0.032,36.6,-78.94841671416575,1.057,36.708
7.946,4.707590341567993,0.03,0.031,2.37,-78.2983684856334,1.054,5.593
9.696,4.708008289337158,0.037,0.022,0.97,-78.2983684856334,1.054,3.633
10.536,4.708272695541382,0.012,0.053,0.34,-78.2983684856334,1.006,1.568
10.816,4.70849609375,0.009,0.027,1.845,-78.2983684856334,1.015,-0.532
10.816,4.708709955215454,-0.043,0.029,5.695,-78.2983684856334,0.999,-0.532
13.021,4.708913803100586,-0.037,0.073,10.28,-78.2983684856334,0.952,-1.442
14.071,4.709110736846924,-0.009,0.071,11.225,-79.26722986656414,0.994,-3.892
14.421,4.709306716918945,0.014,0.086,11.96,-79.26722986656414,1.028,-9.037
14.421,4.709498643875122,0.014,0.086,11.96,-79.26722986656414,1.028,-9.037
14.421,4.709687232971191,-0.029,0.094,10.105,-79.26722986656414,0.987,-13.062
13.931,4.709880590438843,-0.017,0.099,9.02,-79.26722986656414,1.101,-11.312
13.791,5.154882431030273,0.035,0.133,12.38,-79.26722986656414,1.039,-4.522
-4.164,5.155391216278076,0.067,0.153,3.21,-81.58811357781111,1.072,-3.402
-2.659,5.1556572914123535,0.092,0.18,-0.36,-82.4495791249045,0.982,-3.577
-0.454,5.155872583389282,0.053,0.162,-0.115,-82.4495791249045,0.956,-1.477
1.226,5.156080007553101,0.06,0.175,0.97,-82.4495791249045,0.982,-0.672
2.731,5.156338930130005,0.079,0.15,1.635,-82.4495791249045,1.006,-0.217
4.236,5.156542062759399,0.091,0.163,1.215,-82.4495791249045,0.953,-0.567
5.951,5.156736135482788,0.085,0.161,1.495,-82.4495791249045,0.988,-1.862
7.246,5.156930923461914,0.11,0.17,2.825,-82.4495791249045,0.983,-1.687
8.401,5.157128810882568,0.14,0.121,5.52,-82.4495791249045,0.969,-1.932
9.416,5.159078598022461,0.117,0.194,7.725,-82.4495791249045,1.041,-3.157
9.976,5.164868354797363,0.087,0.203,10.245,-82.4495791249045,1.092,-4.312
9.871,5.620256662368774,0.104,0.213,14.55,-82.19147736517144,1.067,-6.027
2.031,5.622741222381592,0.181,0.176,-1.13,-82.55000389507644,0.934,0.378
3.291,5.623194932937622,0.158,0.194,1.565,-82.55000389507644,1.006,0.343
5.566,5.623431205749512,0.163,0.175,4.575,-82.55000389507644,0.984,-2.422
5.986,5.623669862747192,0.181,0.228,3.595,-82.55000389507644,0.984,-2.422
7.211,5.623876333236694,0.184,0.089,4.75,-82.51270476794647,1.084,-4.137
8.856,5.624077320098877,0.152,0.16,4.085,-82.51270476794647,1.058,-4.347
8.401,5.6242921352386475,0.148,0.155,-0.185,-82.51270476794647,0.968,-2.632
8.506,5.624491453170776,0.158,0.129,-2.81,-82.51270476794647,0.995,0.623
8.821,5.62468409538269,0.182,0.171,-2.6,-82.51270476794647,0.988,1.078
9.521,5.6248743534088135,0.191,0.153,-5.435,-82.51270476794647,1.005,1.253
11.061,6.108309030532837,0.23,0.174,-6.87,-82.51270476794647,0.998,0.658
20.441,6.110377788543701,0.108,0.069,-16.32,-82.7114376266353,0.881,18.543
21.456,6.110765695571899,0.125,0.057,-14.85,-82.7114376266353,1.032,17.248
21.666,6.111056089401245,0.159,0.051,-14.85,-82.7114376266353,0.972,16.793
20.476,6.111325979232788,0.13,0.072,-18.14,-82.7114376266353,0.995,17.073
19.566,6.111584186553955,0.135,0.04,-16.985,-82.7114376266353,1.19,16.303
19.391,6.11184549331665,0.11,0.156,-10.58,-82.7114376266353,1.41,12.978
14.456,6.11209511756897,0.034,0.042,-5.645,-83.06565109873044,1.138,-1.022
12.286,6.112443208694458,0.072,0.031,-0.57,-83.06565109873044,0.992,-6.727
12.286,6.112681150436401,0.098,0.099,5.31,-83.06565109873044,0.989,-6.727
10.046,6.112921476364136,0.134,0.141,5.31,-83.06565109873044,0.752,3.073
3.431,6.114765644073486,-0.1,-0.146,-28.71,-83.06565109873044,0.909,27.643
2.311,6.116581916809082,0.019,0.156,-24.44,-83.06565109873044,0.623,28.903
1.961,6.118455410003662,-0.006,0.128,-26.19,-83.06565109873044,0.997,29.498
2.346,6.5773327350616455,0.149,0.182,-26.155,-83.06565109873044,1.031,16.758
-21.839,6.57918381690979,0.075,0.018,-19.19,-81.86989764584403,1.061,6.888
-22.364,6.579573392868042,0.054,0.079,-17.16,-81.86989764584403,0.997,5.453
-22.469,6.5798728466033936,0.012,0.015,-17.125,-81.86989764584403,1.029,3.878
-22.399,6.580187797546387,0.055,0.011,-14.01,-81.86989764584403,0.959,1.603
-21.384,6.5805065631866455,0.062,0.025,-9.425,-81.86989764584403,0.904,-1.372
-19.319,6.580773591995239,0.074,0.008,-8.025,-81.86989764584403,0.94,-3.507
-16.904,6.581039190292358,0.051,0.002,-8.445,-81.7529530339598,0.931,-6.307
-13.894,6.581313133239746,0.081,-0.022,-9.565,-81.7529530339598,0.976,-8.267
-9.099,6.581568002700806,0.081,-0.007,-12.155,-81.7529530339598,1.077,-9.002
-8.014,6.581806182861328,0.112,-0.039,-13.1,-81.7529530339598,1.109,-9.142
-5.914,6.5820581912994385,0.095,-0.036,-13.415,-81.7529530339598,1.075,-8.477
-3.884,7.0601301193237305,0.083,-0.022,-11.63,-81.7529530339598,1.022,-5.502
-2.134,7.060694456100464,0.08,-0.091,-10.755,-82.6806673144285,0.96,-6.097
-2.799,7.062585830688477,0.114,-0.074,-9.74,-82.6806673144285,1.019,-5.292
-3.289,7.062994480133057,0.107,-0.081,-9.18,-82.6806673144285,1.039,-5.887
-3.184,7.0632922649383545,0.12,-0.095,-5.085,-82.6806673144285,1.044,-5.012
-2.869,7.063574314117432,0.084,-0.076,-3.405,-82.6806673144285,1.004,-4.067
-2.449,7.063842058181763,0.116,-0.097,-3.3,-82.6806673144285,0.963,-1.652
-1.714,7.0641069412231445,0.113,-0.084,-2.285,-83.41144531029744,0.942,-0.007
-1.399,7.064393043518066,0.114,-0.107,7.235,-83.41144531029744,0.977,0.343
-1.539,7.064650774002075,0.117,-0.103,-0.5,-83.41144531029744,1.004,-0.252
-1.084,7.06490159034729,0.129,-0.104,-0.36,-83.41144531029744,1.006,-0.077
-0.629,7.068650245666504,0.132,-0.096,-0.815,-83.41144531029744,0.997,1.253
-0.244,7.558640956878662,0.131,-0.114,-0.815,-83.41144531029744,1.03,0.798
1.436,7.5608532428741455,0.079,-0.087,-2.81,-82.70826507357809,1.02,-3.472
3.991,7.5613086223602295,0.11,-0.085,1.04,-82.70826507357809,0.951,-0.042
4.236,7.561640024185181,0.123,-0.083,3.245,-82.70826507357809,0.932,0.343
4.691,7.561952352523804,0.137,-0.076,4.68,-82.70826507357809,0.972,0.273
4.236,7.562252759933472,0.127,-0.083,4.785,-82.70826507357809,0.97,0.483
4.236,7.5625646114349365,0.121,-0.076,4.12,-82.70826507357809,0.996,0.483
3.606,7.5628743171691895,0.121,-0.08,4.05,-81.67352223992779,1.039,2.338
2.171,7.56318736076355,0.124,-0.086,4.085,-81.67352223992779,1.023,2.828
1.051,7.563492059707642,0.152,-0.078,4.4,-81.67352223992779,1.011,1.778
1.051,7.563788652420044,0.146,-0.099,4.68,-81.67352223992779,0.999,1.778
-0.419,8.04551100730896,0.126,-0.087,4.015,-81.67352223992779,1.01,-0.532
-22.259,8.046083927154541,0.145,-0.048,21.795,-81.48611314507261,0.945,18.158
-23.134,8.047871112823486,0.178,-0.024,28.585,-81.48611314507261,1.014,22.918
-23.449,8.048181295394897,0.169,-0.103,28.55,-80.09714274059125,0.974,25.683
-23.624,8.048460006713867,0.161,-0.07,29.565,-80.09714274059125,0.833,26.733
-23.694,8.048725128173828,0.236,0.005,29.25,-80.09714274059125,0.948,24.843
-23.624,8.048985719680786,0.199,-0.052,29.425,-80.09714274059125,0.97,28.308
-23.694,8.04924488067627,0.171,-0.101,23.195,-80.09714274059125,0.996,31.178
-22.644,8.049501657485962,0.194,-0.106,26.205,-80.09714274059125,1.059,33.873
-24.884,8.049759864807129,0.155,-0.055,31.105,-80.09714274059125,0.936,29.883
-25.234,8.050025939941406,0.242,0.039,30.755,-80.09714274059125,0.972,23.548
-26.494,8.050819158554077,0.176,-0.087,31.315,-80.09714274059125,0.914,21.518
-28.209,8.051106452941895,0.109,-0.077,27.955,-80.09714274059125,1.068,25.613
-29.784,8.051393032073975,0.047,0.017,23.79,-79.14135945404135,1.177,24.108
-29.889,8.051736831665039,0.086,0.013,4.505,-79.14135945404135,1.313,22.883
-27.964,8.052144289016724,-0.101,0.118,9.475,-79.14135945404135,1.062,15.568
-28.314,8.052506923675537,0.038,0.052,-1.445,-79.14135945404135,0.965,14.413
-28.594,8.052770614624023,-0.066,0.057,-6.275,-79.14135945404135,1.024,16.093
-26.039,8.553935050964355,-0.016,0.16,7.41,-79.14135945404135,0.918,17.038
16.206,8.55617880821228,0.025,0.157,11.26,-79.17407874601284,0.963,-6.202
15.261,8.556554317474365,0.108,0.092,6.64,-79.17407874601284,1.006,-8.232
12.076,8.556797504425049,0.034,0.13,4.365,-79.17407874601284,0.897,-4.522
10.886,8.557055950164795,0.116,0.156,4.96,-79.81259360437556,0.893,-10.402
10.606,8.557310819625854,0.116,0.156,4.96,-79.81259360437556,0.893,-10.437
8.926,8.557570934295654,0.106,0.114,8.915,-79.81259360437556,1.078,-12.222
6.476,8.55783724784851,0.046,0.133,14.235,-79.81259360437556,1.044,-0.497
3.361,8.55806040763855,0.117,0.15,19.24,-79.81259360437556,1.065,-9.912
2.591,8.558271884918213,0.126,0.092,19.205,-79.81259360437556,1.029,-9.142
1.226,8.558478832244873,0.126,0.092,19.625,-79.81259360437556,1.123,-10.402
-1.959,8.561553001403809,0.093,0.008,15.95,-79.81259360437556,1.003,-9.982
-2.939,9.058552980422974,0.125,0.07,11.33,-79.81259360437556,0.909,-9.212
6.476,9.060927629470825,0.124,0.016,-3.44,-80.56276839058548,0.885,-2.562
4.761,9.061306953430176,0.154,0.142,-1.34,-81.4073501205135,0.932,-0.882
4.936,9.061540365219116,0.176,0.143,-0.045,-81.4073501205135,0.948,-1.197
4.691,9.06174898147583,0.178,0.116,-2.075,-81.4073501205135,0.951,-0.812
4.061,9.06195330619812,0.164,0.097,-0.465,-81.4073501205135,0.904,-1.862
3.396,9.062237024307251,0.146,0.147,0.515,-81.4073501205135,0.976,-2.947
3.011,9.062461137771606,0.146,0.135,-1.2,-81.4073501205135,1.02,-2.772
2.906,9.062671661376953,0.144,0.122,-1.375,-81.4073501205135,1.044,-2.562
2.941,9.062942504882812,0.137,0.149,-2.95,-81.4073501205135,0.999,-2.142
2.906,9.06324553489685,0.132,0.155,-4.28,-81.4073501205135,0.986,-1.967
3.921,9.49750566482544,0.131,0.143,-3.545,-81.4073501205135,0.983,-4.207
14.036,9.499502420425415,0.18,0.148,-13.975,-81.89150691505442,0.998,13.923
13.931,9.499799013137817,0.186,0.159,-13.485,-81.89150691505442,1.016,14.553
13.791,9.500028610229492,0.209,0.157,-10.93,-81.89150691505442,0.998,13.048
13.931,9.500354051589966,0.194,0.175,-10.475,-81.89150691505442,1.013,12.663
13.966,9.500600576400757,0.151,0.118,-10.02,-81.89150691505442,0.956,10.878
13.581,9.500890493392944,0.172,0.12,-7.85,-81.89150691505442,1.013,10.773
12.391,9.501197814941406,0.147,0.174,-5.715,-81.89150691505442,0.979,9.303
11.131,9.501477241516113,0.147,0.14,-7.885,-82.4346789315677,1.007,11.193
10.606,9.501753330230713,0.156,0.115,-10.58,-82.4346789315677,1.055,12.523
10.151,9.5020170211792,0.142,0.114,-11.63,-82.4346789315677,1.054,12.908
9.451,9.943368911743164,0.157,0.117,-13.555,-82.4346789315677,1.001,16.128
-2.939,9.945292949676514,0.118,0.046,-6.485,-81.784399850299,1.042,-4.837
-2.554,9.945676803588867,0.126,0.062,-4.0,-81.784399850299,1.045,-3.262
-1.329,9.945911884307861,0.135,0.081,-6.03,-81.57303097851933,1.057,-0.217
-0.489,9.9461510181427,0.14,0.098,-6.835,-81.57303097851933,1.059,1.533
0.351,9.946356296539307,0.085,0.134,-6.835,-81.57303097851933,1.098,2.933
-2.624,9.946552991867065,0.132,0.051,-12.75,-81.57303097851933,1.072,5.243
-5.354,9.946798324584961,0.075,0.142,-10.79,-81.57303097851933,1.002,4.613
-8.644,9.947078227996826,0.102,0.119,-7.85,-81.57303097851933,0.866,8.218
-12.739,9.947335720062256,0.066,0.156,-6.835,-81.57303097851933,1.04,4.298
-12.739,9.947614431381226,0.112,0.096,-9.88,-81.57303097851933,0.943,4.298
-14.839,10.430665254592896,0.09,0.143,-10.545,-81.57303097851933,0.975,-1.372
-4.374,10.43116307258606,0.137,-0.021,-7.815,-80.24333336158632,1.018,-2.072
-3.079,10.432910442352295,0.123,-0.059,-8.725,-80.24333336158632,1.034,-3.157
-1.294,10.433133602142334,0.287,0.041,-8.41,-80.76120802002201,0.871,-4.312
0.736,10.433332204818726,0.134,0.094,-9.74,-80.76120802002201,0.948,-3.822
1.646,10.433526039123535,-0.006,-0.018,-12.4,-80.76120802002201,1.013,-3.577
3.151,10.433708906173706,0.125,-0.074,-11.0,-80.76120802002201,0.996,-7.427
3.781,10.433894634246826,0.077,-0.03,-10.475,-80.76120802002201,0.97,-9.282
5.496,10.434075832366943,0.128,-0.067,-11.105,-80.76120802002201,0.982,-9.212
6.686,10.434300184249878,0.14,-0.07,-13.52,-80.76120802002201,1.027,-10.577
7.246,10.434526920318604,0.098,-0.044,-14.08,-80.76120802002201,1.032,-10.087
7.806,10.906211853027344,0.112,-0.05,-15.375,-80.76120802002201,1.052,-9.947
-5.214,10.908273935317993,0.15,-0.118,-12.505,-82.88595775161772,0.985,-8.197
-5.669,10.908658504486084,0.14,-0.073,-12.75,-82.88595775161772,0.969,-8.617
-5.914,10.908967018127441,0.144,-0.116,-8.305,-82.88595775161772,1.063,-8.232
-5.249,10.909258842468262,0.136,-0.096,-4.945,-82.88595775161772,1.122,-5.327
-4.094,10.909549236297607,0.149,-0.11,-4.525,-82.09765360639899,1.044,-1.827
-3.219,10.909839391708374,0.141,-0.092,-1.9,-82.09765360639899,0.943,1.498
-2.974,10.910120010375977,0.139,-0.092,0.235,-82.09765360639899,0.906,2.583
-2.974,10.910393953323364,0.165,-0.092,-0.22,-82.09765360639899,0.877,0.798
-2.904,10.91066288948059,0.157,-0.074,-0.71,-82.09765360639899,0.966,-0.917
-3.639,10.910929918289185,0.159,-0.076,-1.305,-82.09765360639899,1.01,-1.477
-4.199,11.421125888824463,0.16,-0.081,-0.815,-82.09765360639899,1.065,1.498
-5.774,11.42337417602539,0.138,-0.092,4.015,-81.72875134575163,1.001,1.988
-6.474,11.4237642288208,0.161,-0.104,4.33,-80.94236351632827,0.985,-0.112
-6.229,11.42402720451355,0.181,-0.077,4.645,-80.94236351632827,0.955,-1.547
-6.194,11.424359321594238,0.173,-0.094,5.205,-80.94236351632827,0.975,-3.577
-5.599,11.424684047698975,0.16,-0.12,5.8,-80.94236351632827,0.974,-5.642
-4.444,11.424997329711914,0.2,-0.091,5.765,-80.94236351632827,1.017,-7.637
-1.819,11.425318479537964,0.167,-0.145,3.315,-80.94236351632827,1.049,-6.307
0.456,11.425657272338867,0.144,-0.105,4.33,-80.94236351632827,1.011,-1.442
2.101,11.42600131034851,0.145,-0.134,4.505,-80.94236351632827,0.974,1.183
4.551,11.426257133483887,0.137,-0.144,4.785,-80.94236351632827,0.997,3.423
6.441,11.426470756530762,0.154,-0.129,5.135,-80.94236351632827,0.981,5.383
7.386,11.429317474365234,0.166,-0.102,7.375,-80.94236351632827,0.928,4.928
7.701,11.981993675231934,0.162,-0.109,11.33,-81.18883595485924,0.938,4.053
15.401,11.984281301498413,-0.069,0.151,17.175,-77.19872303280312,1.135,-0.952
18.936,11.984766006469727,-0.089,0.164,18.54,-77.19872303280312,0.962,-1.757
25.726,11.98515510559082,-0.043,0.159,13.885,-77.19872303280312,0.921,-4.102
30.101,11.985517978668213,0.02,0.144,12.59,-77.19872303280312,0.946,-5.992
31.291,11.985767364501953,0.11,0.171,13.15,-77.55970554207296,1.021,-7.602
29.086,11.986006736755371,0.049,0.107,20.78,-77.55970554207296,1.11,-9.632
27.371,11.98623538017273,0.071,0.08,30.58,-77.55970554207296,1.041,-6.482
26.356,11.986478090286255,0.16,0.179,27.99,-77.55970554207296,0.849,0.518
25.236,11.98681926727295,0.172,0.017,21.76,-77.55970554207296,1.19,7.553
23.066,11.987065553665161,0.142,-0.028,20.885,-77.55970554207296,1.363,3.143
19.706,11.987844705581665,0.09,0.073,24.91,-77.55970554207296,0.903,-0.427
19.146,12.534106254577637,0.139,0.181,7.445,-77.55970554207296,0.734,9.933
-5.179,12.53639531135559,0.072,0.168,11.26,-79.53677413078903,0.941,-7.182
-3.639,12.536882162094116,0.061,0.167,12.66,-79.53677413078903,0.993,-5.292
-1.854,12.537169456481934,0.083,0.172,12.695,-79.53677413078903,0.99,-5.397
0.351,12.537424087524414,0.114,0.174,13.115,-79.53677413078903,0.986,-4.977
2.696,12.537681818008423,0.092,0.181,11.925,-79.53677413078903,0.98,-5.852
4.551,12.537929058074951,0.114,0.18,9.125,-79.53677413078903,0.98,-6.692
5.881,12.538178205490112,0.116,0.155,8.565,-79.53677413078903,0.998,-6.517
7.001,12.53843069076538,0.116,0.125,7.62,-79.53677413078903,1.006,-3.752
7.351,12.53868293762207,0.153,0.165,6.815,-79.39614174012866,1.025,-4.067
7.666,12.538949489593506,0.129,0.16,5.905,-79.39614174012866,1.017,-3.717
7.106,13.112229585647583,0.126,0.167,5.94,-79.39614174012866,1.023,-3.507
13.266,13.11430025100708,0.157,0.137,-6.03,-81.23002293183255,1.06,3.948
12.741,13.114768505096436,0.182,0.117,-6.625,-81.23002293183255,1.011,3.948
12.496,13.115086317062378,0.166,0.119,-6.135,-81.23002293183255,1.02,4.438
11.691,13.115385293960571,0.179,0.178,-5.015,-81.23002293183255,1.006,5.383
10.536,13.115682363510132,0.182,0.106,-5.715,-81.23002293183255,1.023,4.403
9.241,13.115971326828003,0.186,0.165,-7.36,-81.23002293183255,0.971,4.893
8.576,13.116273164749146,0.192,0.135,-7.675,-81.23002293183255,0.966,4.473
8.051,13.116577386856079,0.179,0.15,-6.835,-81.23002293183255,0.94,4.998
7.561,13.116851091384888,0.181,0.116,-5.785,-80.9200053901878,0.942,5.313
7.421,13.117126703262329,0.158,0.132,-5.26,-80.9200053901878,0.966,5.383
7.141,13.121576309204102,0.17,0.139,-7.08,-80.9200053901878,1.014,6.573
7.071,13.640663385391235,0.182,0.143,-7.99,-80.9200053901878,1.04,7.833
-3.429,13.642755270004272,-0.064,-0.033,-0.885,-81.48142386975101,0.997,4.158
-2.344,13.643203020095825,-0.072,-0.024,-0.675,-81.48142386975101,0.959,8.813
-2.099,13.643528461456299,-0.058,-0.037,-3.44,-81.48142386975101,1.031,11.543
-0.804,13.643832921981812,-0.018,-0.026,-3.44,-81.48142386975101,1.032,9.408
0.211,13.644181966781616,0.003,-0.003,-3.265,-81.48142386975101,0.989,6.608
0.036,13.64450216293335,0.045,-0.029,-2.04,-81.22854452787155,1.023,0.623
0.421,13.644800901412964,0.031,-0.034,-0.605,-81.22854452787155,0.985,0.238
0.421,13.645088911056519,-0.006,-0.048,-0.255,-81.22854452787155,0.901,-0.462
-0.279,13.645371675491333,0.04,-0.017,-7.08,-81.22854452787155,1.028,-0.042
0.316,13.645652532577515,0.059,-0.01,-12.82,-81.22854452787155,0.982,-0.812
0.386,13.646085977554321,0.011,0.018,-17.02,-81.22854452787155,0.969,-3.017
0.351,13.647522449493408,0.049,0.016,-17.51,-81.22854452787155,1.001,-3.682
-0.594,14.151678085327148,0.091,0.027,-16.95,-81.22854452787155,1.036,-4.417
8.086,14.153778076171875,0.124,-0.026,-16.845,-79.62223251568707,1.023,-14.777
8.646,14.154244184494019,0.124,-0.047,-16.075,-79.62223251568707,0.985,-9.667
7.631,14.15457534790039,0.134,-0.019,-12.785,-79.39214457342425,0.986,-6.657
7.246,14.154889583587646,0.113,-0.033,-11.07,-79.39214457342425,1.039,-3.717
7.211,14.155210256576538,0.154,-0.064,-8.655,-79.39214457342425,1.074,-5.012
7.246,14.155508756637573,0.094,-0.056,-7.92,-79.39214457342425,0.924,-3.892
6.721,14.155800819396973,0.13,-0.086,-8.13,-79.39214457342425,0.932,-1.827
6.721,14.156085729598999,0.129,-0.054,-7.605,-79.39214457342425,0.942,-0.252
6.651,14.15639615058899,0.115,-0.067,-6.8,-79.39214457342425,0.98,-2.247
6.371,14.156676769256592,0.124,-0.072,-6.38,-79.39214457342425,0.98,-3.402
6.476,14.158814191818237,0.102,-0.086,-4.49,-79.39214457342425,0.968,-5.677
7.281,14.675363540649414,0.073,-0.087,-6.24,-79.39214457342425,0.981,-5.082
-6.614,14.677562236785889,0.139,-0.08,3.07,-80.59921995897616,1.016,3.738
-7.874,14.677916288375854,0.148,-0.082,1.145,-81.23654752385906,1.015,3.668
-9.099,14.678171396255493,0.091,-0.094,1.74,-81.23654752385906,1.042,1.988
-10.604,14.678407192230225,0.138,-0.106,1.39,-81.23654752385906,1.048,1.078
-12.564,14.678639650344849,0.179,-0.102,0.62,-81.23654752385906,1.038,-1.337
-14.069,14.678866386413574,0.124,-0.082,-0.465,-81.23654752385906,1.011,-2.842
-15.749,14.679093837738037,0.171,-0.115,-1.795,-81.23654752385906,1.022,-1.967
-16.764,14.679320335388184,0.165,-0.088,1.285,-81.23654752385906,1.019,-2.352
-17.114,14.679543733596802,0.156,-0.075,3.175,-81.23654752385906,1.057,-3.892
-17.989,14.679768800735474,0.161,-0.082,7.62,-81.23654752385906,1.018,-4.417
-18.024,15.226963758468628,0.143,-0.057,7.375,-79.66701449141738,0.98,-5.117
3.116,15.227470874786377,0.209,-0.062,10.665,-77.98342567879601,0.981,-3.052
4.201,15.229274988174438,0.242,0.045,15.95,-77.98342567879601,0.98,8.008
1.506,15.229534149169922,0.085,-0.094,10.56,-77.98342567879601,0.894,12.383
-1.119,15.229751825332642,0.265,-0.048,14.935,-79.5905366194435,0.978,13.783
-2.589,15.229962587356567,0.181,-0.053,15.6,-79.5905366194435,0.824,16.828
-7.209,15.23017168045044,0.162,0.014,23.02,-79.5905366194435,1.041,14.623
-10.114,15.230408906936646,0.246,-0.047,20.5,-79.5905366194435,0.971,13.223
-14.349,15.230644702911377,0.132,-0.076,22.215,-79.5905366194435,0.975,19.103
-16.239,15.230875492095947,0.189,-0.017,18.085,-79.5905366194435,1.011,19.663
-17.779,15.231104373931885,0.188,-0.059,15.215,-79.5905366194435,0.97,21.343
-20.509,15.73511028289795,0.198,-0.058,14.795,-79.5905366194435,0.996,22.323
7.561,15.737370729446411,0.113,0.016,-3.93,-76.01327037212836,0.887,-4.977
7.036,15.737849712371826,0.062,-0.07,-4.35,-76.01327037212836,1.021,-4.942
6.581,15.738202571868896,0.071,0.02,-2.775,-76.01327037212836,0.982,-2.667
6.616,15.738564729690552,0.064,0.014,-2.18,-76.01327037212836,0.952,0.378
6.966,15.738917827606201,0.025,0.043,-1.655,-76.01327037212836,0.893,6.678
5.531,15.739279508590698,-0.004,0.023,2.3,-76.01327037212836,1.03,8.813
2.661,15.739628076553345,-0.013,0.041,1.985,-76.01327037212836,1.123,0.693
2.276,15.739961624145508,-0.001,0.052,0.41,-76.01327037212836,0.902,-3.157
2.381,15.7402925491333,-0.038,0.063,-1.375,-76.01327037212836,0.887,-5.677
2.731,15.740612030029297,-0.044,0.066,0.55,-76.01327037212836,1.041,-7.392
3.536,16.17798137664795,-0.032,0.099,6.99,-76.01413381643609,0.983,-6.902
-4.829,16.179973125457764,0.144,0.137,2.965,-78.18630753382769,0.988,1.603
-4.059,16.180344104766846,0.066,0.155,2.965,-78.18630753382769,0.988,2.303
-1.749,16.180646419525146,0.11,0.151,6.395,-78.18630753382769,0.981,-3.052
0.981,16.18092393875122,0.081,0.15,6.78,-78.18630753382769,1.074,-4.662
1.471,16.181193113327026,0.115,0.15,7.445,-78.18630753382769,0.938,-8.302
1.751,16.18145728111267,0.085,0.192,8.075,-78.7034278567422,1.013,-8.862
3.291,16.18172311782837,0.122,0.161,7.69,-78.7034278567422,0.986,-9.912
3.571,16.1819851398468,0.049,0.154,7.445,-78.7034278567422,1.014,-10.052
3.571,16.182240962982178,0.103,0.18,9.405,-78.7034278567422,1.06,-12.712
3.606,16.182508945465088,0.089,0.208,8.95,-78.7034278567422,1.077,-12.117
4.551,16.182793617248535,0.061,0.113,6.745,-78.7034278567422,1.034,-9.982
4.201,16.676588535308838,0.124,0.181,8.635,-78.7034278567422,1.053,-9.142
9.066,16.677237272262573,0.175,0.14,-0.08,-78.43948474517717,0.937,0.028
8.191,16.67935800552368,0.153,0.201,2.615,-78.43948474517717,0.97,1.428
8.016,16.679866313934326,0.176,0.176,2.93,-78.43948474517717,0.964,1.253
7.281,16.68027901649475,0.181,0.15,3.315,-78.43948474517717,1.031,-2.807
7.141,16.680646419525146,0.035,0.084,4.68,-78.43948474517717,1.015,-3.752
6.686,16.680988311767578,0.159,0.151,2.58,-78.43948474517717,1.026,-2.597
6.791,16.681308031082153,0.165,0.129,0.165,-79.21649683650982,1.019,-0.497
6.581,16.681652069091797,0.194,0.161,-0.605,-79.21649683650982,0.945,-1.022
6.791,16.6819269657135,0.167,0.137,-2.04,-79.21649683650982,0.962,-0.602
6.791,16.682153940200806,0.184,0.157,-2.04,-79.21649683650982,0.912,-0.602
7.351,16.682371377944946,0.17,0.155,-1.06,-79.21649683650982,0.963,-1.127
7.666,16.682583570480347,0.176,0.161,-0.675,-79.21649683650982,0.984,-0.392
8.121,17.12997794151306,0.151,0.172,-1.48,-79.21649683650982,0.993,1.078
18.551,17.132001161575317,0.148,0.109,-11.56,-79.37278463158904,0.938,14.833
19.356,17.132309436798096,0.102,0.143,-14.045,-79.37278463158904,0.933,17.283
20.021,17.13253092765808,0.094,0.078,-19.155,-79.37278463158904,0.96,21.028
19.601,17.13273811340332,0.135,0.14,-24.37,-79.37278463158904,1.046,24.003
19.181,17.132940530776978,0.053,0.081,-26.26,-79.37278463158904,1.139,26.838
19.566,17.133137226104736,0.185,0.151,-24.02,-79.37278463158904,1.051,24.283
20.091,17.1333327293396,0.146,0.063,-15.235,-79.37278463158904,1.307,18.193
18.691,17.133529663085938,0.069,0.075,-8.865,-79.37278463158904,1.126,10.563
17.186,17.133725881576538,0.113,0.001,0.34,-79.37278463158904,0.977,0.063
16.416,17.133930683135986,0.016,0.051,9.335,-79.37278463158904,0.998,-3.472
10.851,17.135127305984497,0.061,-0.002,-14.5,-79.35183008754237,0.782,13.923
8.961,17.135342836380005,-0.063,-0.092,-20.835,-79.35183008754237,0.863,19.873
8.716,17.138236045837402,0.127,0.038,-20.31,-79.35183008754237,0.623,24.388
6.476,17.590837240219116,0.185,0.127,-21.78,-79.35183008754237,0.969,21.378
-18.794,17.59284281730652,0.07,0.067,-9.355,-78.46643173929301,1.017,11.333
-18.759,17.59331488609314,0.068,0.044,-8.165,-78.46643173929301,0.956,11.858
-18.234,17.59362816810608,0.079,0.009,-8.725,-78.46643173929301,0.872,10.913
-16.974,17.59387969970703,0.066,0.068,-6.59,-78.46643173929301,0.88,6.328
-14.279,17.59416127204895,0.04,0.072,-5.505,-78.46643173929301,0.924,-7.427
-12.074,17.594436407089233,0.019,-0.006,-7.745,-78.46643173929301,0.968,-6.097
-9.344,17.594706535339355,0.047,-0.025,-8.655,-78.46643173929301,0.967,-8.827
-6.824,17.594988346099854,0.014,0.001,-8.69,-78.46643173929301,0.954,-11.032
-4.969,17.595298051834106,0.03,-0.004,-8.515,-78.46643173929301,1.032,-11.942
-3.149,17.595582008361816,0.03,-0.035,-8.655,-78.46643173929301,1.087,-11.382
-1.819,17.597780466079712,0.039,-0.051,-6.94,-78.46643173929301,1.142,-10.017
-0.279,18.075031757354736,0.045,-0.039,-7.885,-78.64616272268586,1.08,-6.272
1.751,18.077101469039917,0.107,-0.071,-5.365,-78.59983802653326,1.057,-5.362
1.506,18.077611923217773,0.116,-0.074,-5.785,-78.59983802653326,1.008,-4.487
1.611,18.077956438064575,0.113,-0.086,-5.61,-79.28592775868198,0.967,-2.212
1.436,18.078274488449097,0.097,-0.069,-4.98,-79.28592775868198,1.004,-1.827
1.506,18.078561067581177,0.097,-0.056,-4.665,-79.28592775868198,1.006,-1.792
1.366,18.078831672668457,0.097,-0.085,-4.91,-79.28592775868198,0.987,-1.652
0.771,18.07909917831421,0.114,-0.081,-2.25,-79.28592775868198,0.956,-1.757
0.491,18.079362154006958,0.111,-0.086,-1.445,-79.28592775868198,0.965,-1.757
-0.069,18.07962703704834,0.121,-0.064,-0.57,-79.28592775868198,0.984,-1.302
-0.629,18.07989192008972,0.136,-0.085,-1.305,-79.28592775868198,1.055,-1.337
-0.629,18.08017063140869,0.132,-0.114,-1.585,-79.28592775868198,1.028,-1.757
-0.944,18.55104351043701,0.132,-0.083,-0.885,-79.36835998273564,0.998,-1.162
0.106,18.55303192138672,0.135,-0.089,2.58,-79.00224630842607,0.975,-0.777
-2.064,18.553337574005127,0.129,-0.068,3.49,-79.00224630842607,1.046,-1.267
-3.394,18.55357265472412,0.127,-0.103,2.825,-79.04925183781239,1.072,0.483
-3.744,18.553786039352417,0.096,-0.072,3.525,-79.04925183781239,1.008,2.093
-5.004,18.55399465560913,0.145,-0.092,2.335,-79.04925183781239,1.044,3.038
-6.334,18.55420732498169,0.158,-0.11,1.495,-79.04925183781239,1.027,0.973
-7.174,18.5544114112854,0.142,-0.098,1.32,-79.04925183781239,0.986,-1.162
-7.314,18.554609537124634,0.134,-0.074,1.915,-79.04925183781239,0.982,-3.192
-7.559,18.554805517196655,0.158,-0.085,0.9,-79.04925183781239,1.084,-3.822
-7.839,18.555026054382324,0.129,-0.093,0.55,-79.04925183781239,1.005,-4.067
-7.209,19.032042026519775,0.141,-0.081,-0.36,-79.04925183781239,0.974,-1.827
-8.924,19.034221649169922,0.152,-0.056,14.795,-79.22063263952579,0.964,9.233
-10.394,19.034555673599243,0.168,-0.094,16.86,-79.22063263952579,1.066,9.338
-10.989,19.034820079803467,0.156,-0.059,18.75,-79.22063263952579,1.012,11.578
-9.484,19.035070180892944,0.127,-0.064,20.885,-79.22063263952579,1.013,17.913
-9.589,19.035310745239258,0.147,-0.062,20.045,-79.22063263952579,1.048,21.798
-10.114,19.035550594329834,0.156,-0.056,19.555,-79.22063263952579,0.978,24.248
-10.359,19.035786628723145,0.116,-0.052,20.01,-78.35979648527264,0.978,24.808
-11.584,19.036023139953613,0.184,-0.039,21.76,-78.35979648527264,1.04,23.408
-13.404,19.036269187927246,0.189,-0.03,25.82,-78.35979648527264,1.037,20.538
-15.189,19.03650999069214,0.156,-0.021,27.255,-78.35979648527264,0.968,15.568
-17.254,19.036888360977173,0.163,0.012,27.255,-78.35979648527264,0.931,13.608
-18.444,19.03784441947937,0.18,-0.033,26.275,-78.35979648527264,0.912,9.128
-23.974,19.48635482788086,-0.155,-1.175,21.725,-78.35979648527264,1.011,7.203
6.756,19.488268613815308,0.114,0.045,4.68,-76.59800124649965,0.952,-9.422
5.741,19.488556623458862,0.081,0.022,5.835,-76.59800124649965,1.078,-5.152
3.431,19.48878836631775,0.017,0.036,5.03,-76.59800124649965,0.983,-1.897
1.576,19.489009380340576,0.096,0.035,6.78,-76.59800124649965,1.025,2.618
0.211,19.48923134803772,0.045,0.05,5.45,-76.59800124649965,1.151,3.458
0.141,19.489468812942505,0.091,0.078,-0.64,-76.59800124649965,1.032,5.558
-0.419,19.489688396453857,0.015,0.271,-1.48,-76.59800124649965,0.761,3.738
-0.104,19.48989987373352,0.057,0.105,3.56,-76.59800124649965,1.042,4.403
-0.174,19.49011468887329,0.031,0.095,7.445,-76.56549364483985,1.011,3.283
2.206,19.49032711982727,0.05,0.084,10.735,-76.56549364483985,0.924,4.053
3.046,19.995493412017822,0.009,0.117,8.005,-76.56549364483985,0.978,2.863
1.716,19.997559070587158,0.1,0.174,7.375,-78.55774494480596,1.022,-7.497
1.296,19.998042106628418,0.112,0.129,2.965,-78.55774494480596,1.0,-5.852
0.701,19.99836039543152,0.094,0.159,1.39,-78.55774494480596,1.004,-5.012
1.121,19.99865460395813,0.084,0.193,1.495,-78.55774494480596,1.052,-4.312
2.381,19.99893593788147,0.132,0.071,-1.375,-78.55774494480596,0.888,-3.437
4.551,19.99921178817749,0.104,0.124,1.145,-78.87502456487215,0.993,-5.677
5.391,19.999484539031982,0.143,0.145,3.77,-78.87502456487215,0.983,-7.112
6.581,19.999755144119263,0.151,0.202,5.52,-78.87502456487215,0.978,-7.672
6.756,20.000030517578125,0.103,0.135,5.24,-78.87502456487215,0.993,-5.677
7.106,20.000319004058838,0.173,0.175,5.73,-78.87502456487215,1.014,-6.202
7.456,20.000603199005127,0.171,0.178,3.945,-78.87502456487215,1.006,-5.782
6.651,20.489282369613647,0.141,0.138,1.95,-78.87502456487215,1.011,-4.837
9.066,20.491573333740234,0.161,0.128,-3.405,-79.02424031137119,1.006,1.568
10.921,20.491896152496338,0.179,0.131,-2.04,-79.02424031137119,0.995,1.918
12.846,20.49214005470276,0.163,0.136,-0.78,-79.02424031137119,0.998,1.883
14.806,20.492364406585693,0.172,0.117,-0.675,-79.02424031137119,0.981,2.128
16.626,20.492579221725464,0.146,0.144,-0.43,-79.02424031137119,0.988,2.093
17.781,20.49279022216797,0.16,0.163,-1.69,-79.31345958298574,0.991,2.898
18.901,20.492998361587524,0.147,0.142,-3.44,-79.31345958298574,0.951,5.103
19.216,20.493197917938232,0.139,0.18,-5.05,-79.31345958298574,0.922,8.043
18.831,20.493396997451782,0.174,0.153,-7.01,-79.31345958298574,1.048,9.968
18.026,20.493594646453857,0.17,0.142,-10.615,-79.31345958298574,1.051,12.838
17.011,20.497596979141235,0.17,0.126,-14.255,-79.31345958298574,0.998,16.548
16.171,20.993147134780884,0.167,0.17,-16.74,-79.31345958298574,1.008,19.138
-10.919,20.995152473449707,0.06,0.079,-19.085,-79.42463276902,0.935,-11.382
-10.464,20.99553108215332,0.093,0.107,-16.285,-79.42463276902,1.011,-11.382
-10.639,20.99575638771057,0.058,0.098,-10.825,-79.42463276902,1.129,-5.747
-10.079,20.99596858024597,0.108,0.111,-2.705,-78.50517680324185,1.095,0.588
-8.084,20.99618887901306,0.144,0.1,-0.85,-78.50517680324185,1.067,5.033
-5.039,20.996396780014038,0.107,0.094,-5.75,-78.50517680324185,0.965,5.593
-3.499,20.99661087989807,0.129,0.096,-9.53,-78.50517680324185,0.925,5.033
-1.679,20.996819496154785,0.124,0.14,-12.89,-78.50517680324185,1.004,5.803
-1.469,20.997023582458496,0.132,0.097,-11.98,-78.50517680324185,1.026,7.378
-2.449,20.997222661972046,0.112,0.099,-7.15,-78.50517680324185,0.945,6.083
-3.604,20.998367071151733,0.14,0.108,-2.565,-78.50517680324185,0.885,3.598
-5.039,21.516467332839966,0.157,0.097,-3.125,-78.50517680324185,0.972,-0.987
1.366,21.51871418952942,0.134,-0.09,-14.08,-77.57434333728446,1.022,0.693
1.751,21.51905608177185,0.179,-0.072,-10.44,-77.57434333728446,1.035,-4.942
2.521,21.51930022239685,0.179,-0.072,-9.355,-77.57434333728446,0.979,-5.187
2.626,21.519529819488525,0.138,-0.073,-10.37,-77.57434333728446,0.952,-8.197
4.411,21.51985001564026,0.123,-0.053,-19.19,-77.57434333728446,0.943,-7.147
4.516,21.52018904685974,0.107,-0.036,-13.59,-77.57434333728446,1.012,-8.302
5.041,21.520543098449707,0.14,-0.056,-14.395,-77.57434333728446,1.048,-8.932
5.041,21.52086853981018,0.113,-0.053,-12.225,-77.57434333728446,1.038,-9.842
5.216,21.52114200592041,0.099,-0.048,-10.65,-77.57434333728446,1.038,-10.087
6.056,21.5213782787323,0.09,-0.053,-9.6,-78.8547692771733,1.043,-6.412
5.461,22.04973292350769,0.123,-0.036,-8.06,-78.8547692771733,1.0,-4.242
-4.059,22.050363540649414,0.185,-0.113,-4.42,-80.57887236751698,0.992,-2.282
-5.494,22.05237627029419,0.203,-0.075,-6.345,-80.57887236751698,0.999,-3.262
-7.384,22.052671670913696,0.18,-0.097,-6.66,-80.57887236751698,1.003,-4.207
-8.819,22.05292510986328,0.153,-0.096,-5.995,-80.57887236751698,0.964,-5.012
-9.344,22.053176164627075,0.173,-0.094,-3.02,-80.57887236751698,0.97,-3.682
-10.569,22.05340886116028,0.147,-0.071,-0.045,-80.57887236751698,0.946,-0.847
-10.674,22.05363631248474,0.188,-0.063,0.06,-80.57887236751698,0.944,0.308
-11.444,22.05387043952942,0.179,-0.127,-0.43,-79.53331505650938,1.022,2.758
-11.864,22.054097414016724,0.188,-0.068,-0.115,-79.53331505650938,1.008,2.863
-11.444,22.054316520690918,0.225,-0.071,0.095,-79.53331505650938,1.019,2.303
-11.479,22.05453395843506,0.208,-0.063,-1.34,-79.53331505650938,0.982,1.883
-10.779,22.055033922195435,0.198,-0.103,-0.36,-79.53331505650938,0.989,1.428
-10.184,22.05917477607727,0.243,-0.052,-0.08,-79.53331505650938,0.996,-0.322
-9.379,22.543641805648804,0.21,-0.083,-2.705,-79.53331505650938,0.972,-1.477
3.536,22.546187162399292,0.151,-0.086,3.21,-77.65232643129058,0.914,-1.512
3.046,22.546671152114868,0.171,-0.087,4.4,-77.65232643129058,0.926,-2.317
3.571,22.546997547149658,0.194,-0.12,8.11,-77.65232643129058,0.98,-3.122
4.481,22.547300338745117,0.153,-0.099,7.935,-77.65232643129058,1.024,-1.302
5.916,22.54758882522583,0.178,-0.076,9.72,-77.65232643129058,1.004,1.988
6.896,22.547897577285767,0.16,-0.117,12.31,-78.5193416322352,0.999,3.983
8.366,22.548203229904175,0.196,-0.064,15.565,-78.5193416322352,1.025,6.398
8.016,22.54848551750183,0.234,-0.103,16.825,-78.5193416322352,1.037,5.698
8.156,22.548751831054688,0.168,-0.06,20.115,-78.5193416322352,1.055,9.513
7.911,22.54901647567749,0.2,-0.133,19.24,-78.5193416322352,1.053,13.153
7.316,22.549290657043457,0.211,-0.073,19.415,-78.5193416322352,1.01,15.393
6.126,23.06925392150879,0.21,-0.104,17.49,-78.5193416322352,1.033,17.038
24.711,23.06982445716858,-0.014,0.068,18.365,-74.11574465733275,1.084,-16.247
24.221,23.071727752685547,0.118,0.143,17.945,-74.44407972898965,1.099,-9.667
22.086,23.07208013534546,0.096,0.021,18.435,-74.44407972898965,1.111,-1.302
19.216,23.072367906570435,0.111,-0.02,21.83,-74.44407972898965,1.091,3.598
17.186,23.072600841522217,0.212,0.127,22.215,-74.44407972898965,0.947,10.598
18.131,23.072821855545044,0.187,0.008,14.2,-74.44407972898965,1.033,16.723
15.261,23.07303810119629,0.21,-0.038,9.685,-74.44407972898965,1.079,8.743
11.061,23.07325315475464,0.083,-0.096,9.44,-74.44407972898965,0.914,-2.352
10.396,23.073469638824463,0.114,0.099,4.19,-74.44407972898965,0.806,-1.862
10.921,23.07368230819702,0.158,-0.001,1.39,-74.44407972898965,1.005,-4.102
9.416,23.077455759048462,0.053,-0.023,8.495,-74.44407972898965,1.276,-2.947
5.391,23.58098864555359,0.064,0.015,5.835,-76.02706675991264,0.875,-3.052
-4.269,23.581535816192627,0.062,0.128,8.425,-76.76751187498087,1.041,-9.072
-4.409,23.581859588623047,0.088,0.121,10.455,-76.76751187498087,0.96,-9.632
-4.444,23.583635568618774,0.081,0.193,8.355,-76.76751187498087,1.047,-9.597
-3.604,23.583893537521362,0.119,0.14,7.76,-76.76751187498087,1.002,-10.087
-1.539,23.58414626121521,0.11,0.187,8.285,-76.76751187498087,1.038,-8.582
-0.139,23.584386110305786,0.12,0.173,9.195,-76.76751187498087,1.002,-8.057
1.296,23.584619998931885,0.13,0.144,10.63,-76.76751187498087,1.017,-7.637
1.961,23.58489727973938,0.118,0.17,11.4,-76.76751187498087,0.982,-6.517
2.976,23.585151433944702,0.128,0.168,10.385,-76.76751187498087,0.95,-4.592
4.236,23.58539056777954,0.107,0.163,7.83,-76.9543629370514,0.968,-3.927
5.391,23.588012218475342,0.136,0.172,4.68,-76.9543629370514,0.985,-5.012
5.076,24.10419201850891,0.115,0.15,2.475,-76.9543629370514,0.973,-4.522
8.156,24.106834888458252,0.193,0.166,0.095,-78.44413508351234,0.976,-1.547
8.156,24.10740327835083,0.155,0.145,-0.185,-78.44413508351234,0.957,-2.142
8.821,24.107754468917847,0.188,0.163,-0.29,-78.44413508351234,1.01,-2.072
9.346,24.108017921447754,0.167,0.106,-1.76,-78.44413508351234,1.013,-1.127
10.011,24.10827612876892,0.145,0.17,-4.14,-78.44413508351234,0.983,0.273
9.976,24.10853672027588,0.155,0.126,-5.96,-78.44413508351234,1.031,1.323
10.571,24.10884976387024,0.178,0.1,-6.065,-78.49653585120346,0.946,2.863
10.746,24.109195470809937,0.156,0.136,-5.05,-78.49653585120346,0.926,2.723
11.131,24.109513759613037,0.175,0.128,-4.805,-78.49653585120346,0.961,3.703
11.516,24.109771490097046,0.17,0.151,-4.7,-78.49653585120346,1.019,3.178
11.656,24.63322114944458,0.153,0.119,-5.435,-78.49653585120346,0.994,4.018
-2.414,24.633760929107666,0.031,0.017,5.66,-78.37336896858433,1.2,1.463
-3.884,24.63561749458313,-0.057,-0.035,5.1,-78.37336896858433,1.131,-2.282
-2.484,24.63591194152832,0.006,0.0,8.11,-78.37336896858433,1.032,-0.427
0.736,24.636173009872437,-0.016,-0.062,1.915,-78.37336896858433,0.929,4.508
2.451,24.636415719985962,-0.068,-0.022,-1.13,-78.58416047559298,1.032,8.113
4.481,24.63665771484375,-0.048,-0.017,-2.565,-78.58416047559298,1.041,7.693
6.441,24.636893272399902,-0.05,-0.045,1.04,-78.58416047559298,0.988,5.313
7.071,24.637154579162598,-0.025,-0.013,2.09,-78.58416047559298,1.028,4.508
6.511,24.63740086555481,-0.017,-0.042,-0.22,-78.58416047559298,1.018,2.828
5.706,24.637634754180908,0.023,-0.012,-0.85,-78.58416047559298,1.015,1.043
5.006,24.637858152389526,0.021,-0.01,-1.69,-78.58416047559298,0.98,2.513
4.131,24.638139963150024,0.037,-0.016,-4.49,-78.58416047559298,1.037,5.278
2.661,24.641865968704224,0.018,-0.022,-8.62,-78.58416047559298,1.086,7.938
1.436,25.182097911834717,0.048,0.03,-14.99,-79.32047674262202,1.01,8.743
4.656,25.18431782722473,0.117,-0.087,-13.135,-78.05647991469102,1.087,1.848
2.976,25.18479323387146,0.175,-0.071,-10.195,-78.05647991469102,1.026,3.493
1.926,25.185114860534668,0.164,-0.082,-9.425,-78.05647991469102,1.015,2.233
0.316,25.185420036315918,0.123,-0.069,-8.935,-78.05647991469102,0.946,-1.022
-0.104,25.185718774795532,0.118,-0.086,-5.54,-78.05647991469102,0.921,-6.202
0.946,25.18601369857788,0.075,-0.09,-8.305,-78.08532208045638,0.918,-7.287
2.486,25.18630290031433,0.113,-0.059,-9.32,-78.5121308945694,0.885,-3.542
3.536,25.186588287353516,0.069,-0.059,-11.42,-78.5121308945694,0.935,-3.472
3.571,25.186872720718384,0.082,-0.08,-9.635,-78.5121308945694,0.994,-2.142
4.481,25.187154054641724,0.042,-0.03,-3.86,-78.5121308945694,1.092,-2.247
5.041,25.189829111099243,0.085,-0.082,-3.79,-78.5121308945694,1.083,-1.407
6.021,25.72087264060974,0.032,-0.112,-4.0,-78.5121308945694,1.091,1.183
-13.824,25.72324562072754,0.188,-0.119,-3.23,-77.46352781634226,1.038,-3.122
-12.844,25.723631620407104,0.147,-0.09,-3.405,-77.46352781634226,0.963,-3.577
-10.184,25.72389793395996,0.099,-0.118,-3.51,-77.46352781634226,0.988,-4.417
-8.819,25.72418522834778,0.126,-0.053,-0.185,-77.46352781634226,0.995,-4.732
-7.664,25.724438667297363,0.123,-0.084,1.11,-77.46352781634226,1.067,-4.032
-6.684,25.724676370620728,0.132,-0.076,2.825,-77.46352781634226,1.026,-3.297
-6.964,25.724907875061035,0.139,-0.063,5.8,-77.46352781634226,0.94,-3.017
-6.474,25.72513484954834,0.143,-0.051,5.275,-77.46352781634226,0.931,-0.042
-8.154,25.725359678268433,0.138,-0.077,-0.675,-77.46352781634226,0.989,-0.532
-8.434,25.72558903694153,0.131,-0.056,-0.605,-77.46352781634226,0.974,0.658
-8.329,26.23871159553528,0.12,-0.059,0.83,-78.34315768749391,1.065,2.618
2.451,26.240914583206177,0.126,-0.065,10.875,-77.31490200552301,0.949,1.183
4.306,26.241389513015747,0.14,-0.115,15.18,-77.31490200552301,1.009,0.588
5.181,26.2417094707489,0.159,-0.059,16.545,-77.31490200552301,1.004,2.548
5.286,26.24200177192688,0.944,0.642,9.615,-77.31490200552301,-0.143,6.328
5.461,26.24228262901306,0.183,0.245,20.29,-77.31490200552301,0.845,-8.792
3.011,26.24256992340088,0.219,0.172,18.47,-77.31490200552301,0.971,1.603
4.481,26.24286985397339,-0.049,0.033,21.41,-77.31490200552301,0.821,3.528
4.761,26.24321174621582,0.125,-0.075,20.745,-77.31490200552301,1.084,10.878
3.501,26.24349093437195,0.08,-0.064,16.37,-76.60426162638792,1.029,16.968
1.156,26.24375629425049,0.173,-0.127,21.69,-76.60426162638792,1.086,23.723
-3.534,26.244354248046875,0.276,-0.122,27.08,-76.60426162638792,1.092,23.093
-7.734,26.737831354141235,0.271,-0.01,30.58,-76.60426162638792,0.971,19.138
4.026,26.73989748954773,0.13,0.025,21.76,-74.27411794258703,0.921,7.658
3.921,26.74026608467102,0.139,0.02,14.725,-74.27411794258703,1.061,7.728
2.276,26.74053716659546,0.16,-0.014,9.65,-74.27411794258703,1.273,7.763
1.611,26.740788221359253,0.173,-0.036,1.74,-74.27411794258703,0.937,3.073
3.046,26.741034746170044,0.14,-0.005,-6.065,-74.27411794258703,0.927,-0.392
3.746,26.741301774978638,0.136,-0.008,-7.115,-74.27411794258703,0.872,-3.962
4.831,26.741539001464844,0.131,0.012,-4.175,-75.42277161672398,0.956,-1.267
5.636,26.741786003112793,0.095,0.009,0.69,-75.42277161672398,1.016,1.498
5.111,26.74203133583069,0.032,0.024,3.245,-75.42277161672398,1.075,2.513
4.201,26.742274284362793,0.072,0.009,1.355,-75.42277161672398,1.08,1.218
3.921,27.265910863876343,-0.015,0.058,1.355,-75.42277161672398,1.088,0.553
-1.119,27.266549825668335,0.146,0.151,4.96,-76.65184694382711,1.005,-2.002
0.491,27.26691174507141,0.169,0.17,2.09,-76.65184694382711,0.951,-0.322
0.491,27.268836498260498,0.099,0.131,3.56,-76.65184694382711,0.999,-0.322
2.276,27.26913022994995,0.123,0.192,4.155,-76.32415530706977,0.962,-4.662
3.291,27.26940679550171,0.09,0.134,3.84,-76.32415530706977,1.049,-7.147
4.271,27.269670963287354,0.182,0.12,2.825,-76.32415530706977,1.001,-6.762
5.286,27.269928455352783,0.099,0.127,1.495,-76.32415530706977,0.944,-6.692
6.476,27.270183801651,0.108,0.185,3.91,-76.32415530706977,1.035,-7.077
8.156,27.27043604850769,0.113,0.142,1.32,-76.32415530706977,0.964,-8.757
8.786,27.270690202713013,0.119,0.135,2.58,-76.32415530706977,0.971,-9.352
9.136,27.80066156387329,0.106,0.133,2.86,-76.32415530706977,0.935,-9.282
9.766,27.801271200180054,0.135,0.105,-1.375,-78.04662943024093,1.0,2.758
9.381,27.803149461746216,0.147,0.142,-1.865,-78.04662943024093,0.953,4.718
9.416,27.80345606803894,0.14,0.141,-1.9,-78.04662943024093,1.006,5.243
9.591,27.80373978614807,0.153,0.146,-2.915,-78.04662943024093,1.025,4.823
10.116,27.804015636444092,0.174,0.168,-4.105,-78.04662943024093,1.005,3.913
10.606,27.804319381713867,0.159,0.152,-5.33,-78.04662943024093,0.996,4.508
11.691,27.80459499359131,0.162,0.12,-4.28,-78.04662943024093,0.995,4.508
12.916,27.804872751235962,0.166,0.161,-2.635,-78.04662943024093,1.056,5.803
14.246,27.805145740509033,0.158,0.169,-3.615,-78.04662943024093,1.026,6.818
14.876,27.80541467666626,0.161,0.098,-4.91,-77.73815124234338,0.964,7.028
15.226,28.35422396659851,0.16,0.109,-5.26,-77.73815124234338,1.004,5.908
5.496,28.356346607208252,0.001,-0.018,-13.1,-78.33748256432328,0.969,-2.807
5.916,28.35675835609436,-0.036,0.005,-17.72,-78.33748256432328,0.924,-5.992
5.601,28.357059001922607,0.043,0.043,-16.425,-77.37214557408393,1.044,-9.702
4.096,28.357300758361816,0.113,0.061,-11.525,-77.37214557408393,1.033,-9.947
0.876,28.357540607452393,0.09,0.006,-12.295,-77.37214557408393,1.125,-6.587
-1.924,28.357775926589966,0.067,0.083,-10.09,-77.37214557408393,1.183,-1.617
-4.199,28.35800552368164,0.118,0.083,-7.045,-77.37214557408393,1.044,4.893
-6.474,28.358231782913208,0.115,0.028,-8.27,-77.37214557408393,0.97,5.943
-8.504,28.35845685005188,0.078,0.113,-12.365,-77.37214557408393,1.002,5.838
-10.814,28.358683586120605,0.105,0.115,-17.195,-77.37214557408393,0.982,4.578
-13.754,28.359776973724365,0.107,0.089,-15.655,-77.37214557408393,1.018,2.828
-15.924,28.915919303894043,0.139,0.084,-10.23,-77.39964085998714,0.975,2.968
5.461,28.918230295181274,0.064,-0.082,-10.825,-77.20184874573732,0.995,-5.677
5.671,28.918615579605103,0.077,-0.046,-10.195,-77.20184874573732,0.989,-3.962
15.331,28.918932676315308,0.097,-0.041,-8.725,-77.20184874573732,1.012,-0.217
6.861,28.919216632843018,0.092,-0.043,-7.535,-77.20184874573732,0.91,1.708
5.986,28.919483184814453,0.131,-0.06,-5.505,-77.20184874573732,1.016,2.898
5.321,28.91974949836731,0.096,-0.063,-4.98,-77.73074104552857,1.011,-0.217
4.691,28.92001485824585,0.12,-0.091,-5.785,-77.73074104552857,1.027,-0.777
3.151,28.92028832435608,0.172,-0.054,-7.535,-77.73074104552857,1.037,-2.352
2.941,28.92055892944336,0.093,-0.05,-8.48,-77.73074104552857,1.011,-4.487
2.241,28.920820951461792,0.119,-0.051,-9.04,-77.73074104552857,1.006,-5.222
2.311,28.92109441757202,0.082,-0.04,-9.46,-77.73074104552857,0.995,-7.567
2.521,29.44004487991333,0.107,-0.062,-8.97,-77.73074104552857,0.993,-8.512
-21.734,29.440674543380737,0.168,-0.088,-3.965,-79.24358288911306,1.002,0.378
-20.054,29.442575931549072,0.184,-0.022,-1.48,-77.29726808239477,1.046,-0.042
-17.534,29.442882776260376,0.165,-0.071,0.655,-77.29726808239477,1.007,-2.142
-16.694,29.44316339492798,0.173,-0.07,1.845,-77.29726808239477,0.989,-2.562
-13.019,29.443439722061157,0.175,-0.047,7.165,-77.29726808239477,1.006,-3.752
-10.674,29.443698406219482,0.163,-0.064,3.42,-77.29726808239477,0.983,-3.017
-8.749,29.443992376327515,0.135,-0.052,-1.27,-77.29726808239477,0.945,-1.932
-7.769,29.444300651550293,0.135,-0.042,-2.635,-77.29726808239477,0.969,-0.672
-6.159,29.444599151611328,0.157,-0.073,-3.755,-77.29726808239477,1.043,-0.182
-4.654,29.44489359855652,0.133,-0.081,-2.11,-77.29726808239477,1.028,-2.002
-1.819,29.447357416152954,0.144,-0.058,3.665,-77.29726808239477,0.976,-0.987
-1.014,29.447854042053223,0.142,-0.068,5.625,-77.05566586541705,0.985,-0.077
-0.664,29.93972897529602,0.138,-0.067,3.455,-77.05566586541705,1.025,-0.497
12.006,29.94027829170227,0.181,-0.081,18.785,-76.72742874656426,1.023,7.273
12.286,29.94217014312744,0.177,-0.099,18.26,-76.72742874656426,1.066,11.438
12.006,29.942468643188477,0.195,-0.083,20.395,-76.72742874656426,1.112,13.013
10.221,29.942745447158813,0.194,-0.091,21.69,-76.72742874656426,1.116,12.943
7.526,29.943010091781616,0.226,-0.078,18.365,-76.72742874656426,0.994,15.673
5.636,29.943293571472168,0.184,-0.079,18.015,-76.72742874656426,0.985,15.638
2.801,29.943551063537598,0.212,-0.067,16.44,-76.72742874656426,0.917,14.938
-1.259,29.943804502487183,0.214,-0.093,13.08,-76.72742874656426,0.965,12.173
-4.339,29.944058656692505,0.164,-0.037,12.94,-76.72742874656426,0.958,10.003
-7.419,29.944328546524048,0.163,-0.053,14.76,-78.70338747913122,0.982,7.378
-11.339,30.442562341690063,0.161,-0.682,10.91,-78.70338747913122,-0.264,12.978
17.711,30.444671392440796,0.133,0.388,31.245,-75.80226462761293,0.754,-0.322
18.691,30.44501829147339,0.138,-0.036,4.085,-75.80226462761293,1.187,10.528
14.211,30.445305824279785,0.208,-0.024,9.335,-75.80226462761293,1.416,-0.077
8.471,30.445578575134277,0.201,-0.069,6.08,-75.80226462761293,0.876,-8.197
-1.819,30.445846796035767,0.152,-0.021,6.57,-75.80226462761293,0.861,-7.042
3.396,30.446113348007202,0.151,-0.012,5.52,-75.80226462761293,0.989,-12.187
2.696,30.446385145187378,0.16,-0.063,-0.605,-75.80226462761293,1.087,-7.637
1.296,30.44665217399597,0.089,-0.005,3.945,-75.80226462761293,1.0,3.073
-0.279,30.446916103363037,0.056,-0.008,4.61,-74.74948694358001,1.084,5.733
-1.609,30.44718027114868,0.009,0.009,4.61,-74.74948694358001,1.093,4.613
-2.449,30.959845304489136,0.015,0.042,-1.935,-74.74948694358001,0.975,2.828
-5.074,30.9604971408844,0.084,0.153,9.51,-77.32257763968178,0.978,-6.447
-5.004,30.962507963180542,0.069,0.192,8.005,-77.32257763968178,1.019,-7.252
-4.899,30.9628427028656,0.072,0.165,6.57,-77.32257763968178,1.014,-7.987
-3.604,30.96314787864685,0.103,0.134,6.22,-77.32257763968178,0.959,-9.212
-0.594,30.96344494819641,0.073,0.149,7.83,-77.32257763968178,0.997,-6.902
0.316,30.9637348651886,0.091,0.19,9.3,-77.32257763968178,1.001,-6.692
2.101,30.964022636413574,0.104,0.188,11.715,-77.32257763968178,1.005,-4.697
3.256,30.964317798614502,0.09,0.139,12.59,-77.32257763968178,1.013,-4.872
3.711,30.964600086212158,0.103,0.106,11.505,-77.32257763968178,0.984,-5.712
4.201,30.96490168571472,0.088,0.171,9.58,-77.64464013491647,1.029,-5.397
5.391,31.47426962852478,0.163,0.128,5.17,-77.64464013491647,0.965,-5.187
12.286,31.476606369018555,0.163,0.125,-6.03,-77.96317843899065,1.045,2.793
10.886,31.477051496505737,0.179,0.135,-6.03,-77.96317843899065,0.939,6.503
10.676,31.477364540100098,0.17,0.163,-7.255,-77.96317843899065,0.995,7.623
11.446,31.477773427963257,0.174,0.176,-6.17,-78.000952578301,1.021,3.773
12.286,31.47814631462097,0.184,0.145,-4.28,-78.000952578301,1.021,1.568
12.391,31.478535652160645,0.161,0.103,-4.7,-78.000952578301,1.016,1.253
12.496,31.478901624679565,0.143,0.118,-2.915,-78.000952578301,0.99,1.183
12.111,31.479225873947144,0.168,0.134,-1.62,-78.000952578301,0.987,1.463
12.111,31.479546785354614,0.166,0.15,-2.95,-78.000952578301,0.998,2.058
11.481,31.479862928390503,0.154,0.118,-3.86,-78.000952578301,1.005,2.828
11.341,31.480183362960815,0.111,0.146,-4.14,-78.000952578301,0.935,2.268
10.221,31.978529691696167,0.125,0.164,-3.65,-78.000952578301,0.976,2.548
1.716,31.980733394622803,-0.028,-0.014,-3.405,-78.5075207247042,0.896,11.298
-10.254,31.98111605644226,-0.046,-0.058,-1.725,-78.972241820341,0.967,9.408
-6.754,31.981398820877075,-0.023,-0.067,0.55,-78.972241820341,0.94,6.573
-8.749,31.981654405593872,-0.023,-0.046,-0.185,-78.972241820341,1.015,-1.582
-9.694,31.981903076171875,0.019,-0.005,-1.41,-78.972241820341,1.12,-5.292
-9.799,31.982143878936768,0.028,-0.061,-8.55,-78.972241820341,0.955,-6.692
-9.379,31.98238444328308,-0.014,0.012,-16.04,-78.972241820341,0.96,-5.747
-9.134,31.982621908187866,0.038,0.002,-27.38,-78.972241820341,1.037,-4.837
-10.044,31.98285746574402,0.015,-0.008,-18.07,-78.972241820341,1.114,-2.492
-10.044,31.983092784881592,0.053,0.067,-12.12,-78.972241820341,1.031,-2.772
-9.764,32.5364191532135,0.056,0.029,-5.82,-78.99935816983694,1.058,2.513
1.891,32.53928852081299,0.169,-0.071,-14.255,-77.12936313105841,1.032,-14.532
1.891,32.539825677871704,0.178,-0.065,-14.255,-77.12936313105841,1.032,-14.532
1.576,32.54021215438843,0.148,-0.024,-15.76,-77.12936313105841,1.0,-9.527
1.191,32.540507793426514,0.16,-0.049,-17.965,-77.12936313105841,1.058,-3.787
-0.139,32.54081630706787,0.167,-0.037,-13.835,-77.12936313105841,1.009,0.728
-0.629,32.54112243652344,0.081,-0.033,-8.13,-77.12936313105841,1.149,-0.182
-0.139,32.54140591621399,-0.075,-0.4,-6.135,-77.79108333664476,1.118,-0.497
0.036,32.541653871536255,0.169,-0.06,-5.575,-77.79108333664476,0.841,0.763
1.436,32.54189729690552,0.078,-0.013,-4.945,-77.79108333664476,0.972,1.743
2.766,32.542134046554565,0.172,-0.059,-5.54,-77.79108333664476,0.99,2.023
3.886,32.544880390167236,0.142,-0.03,-3.58,-77.79108333664476,0.968,2.548
4.831,32.54518485069275,0.144,-0.065,-3.125,-77.79108333664476,0.995,1.638
4.936,33.049668073654175,0.145,-0.085,-2.075,-77.79108333664476,1.03,1.743
-3.534,33.05178952217102,0.194,-0.098,-0.185,-79.63193822925629,0.989,1.533
-3.709,33.05220627784729,0.178,-0.086,1.985,-79.63193822925629,0.996,2.443
-6.544,33.0525426864624,0.165,-0.064,0.62,-79.63193822925629,1.028,-1.127
-7.699,33.052831411361694,0.179,-0.104,-3.79,-78.99840778544709,1.023,-3.682
-10.044,33.05307674407959,0.162,-0.124,-4.21,-78.99840778544709,1.016,-4.382
-11.514,33.053322553634644,0.168,-0.075,-4.77,-78.99840778544709,1.005,-3.997
-11.724,33.05354595184326,0.173,-0.088,-4.175,-78.99840778544709,0.955,-3.857
-12.844,33.05376148223877,0.143,-0.11,-3.615,-78.99840778544709,0.961,-2.807
-12.634,33.0539824962616,0.186,-0.112,-1.235,-78.99840778544709,0.984,-1.512
-10.989,33.054192543029785,0.205,-0.08,-2.53,-78.99840778544709,0.988,-0.147
-9.099,33.05440354347229,0.228,-0.095,-0.92,-78.99840778544709,0.949,1.708
-7.804,33.5573627948761,0.19,-0.112,0.97,-78.99840778544709,1.053,3.528
2.416,33.56010317802429,0.177,-0.103,0.27,-77.65153353782188,1.002,1.638
3.081,33.56054615974426,0.157,-0.122,3.42,-77.57523320459808,0.97,2.163
4.201,33.56081223487854,0.181,-0.089,7.375,-77.57523320459808,0.969,1.358
5.566,33.56105041503906,0.199,-0.117,9.545,-77.57523320459808,0.966,-0.357
6.966,33.56128978729248,0.222,-0.121,13.5,-77.57523320459808,0.88,-0.007
7.001,33.56150984764099,0.138,-0.081,14.165,-77.57523320459808,0.966,1.323
7.666,33.561726093292236,0.209,-0.071,11.82,-77.57523320459808,1.001,-1.302
8.751,33.561938762664795,0.184,-0.142,13.15,-77.57523320459808,1.001,0.728
9.451,33.5621542930603,0.2,-0.069,13.955,-77.57523320459808,0.964,2.373
10.396,33.56236934661865,0.164,-0.103,14.515,-77.57523320459808,0.965,2.268
11.061,34.06280303001404,0.176,-0.139,16.86,-77.57523320459808,1.047,4.298
0.561,34.06492829322815,-0.181,0.152,-8.9,-74.85982062670848,0.963,-6.587
2.941,34.06532597541809,-0.195,0.165,-2.32,-74.85982062670848,0.952,-8.792
7.421,34.065659523010254,-0.121,0.208,2.09,-74.85982062670848,0.998,-3.752
12.601,34.06606459617615,-0.025,0.24,14.06,-74.85982062670848,0.819,-2.527
16.241,34.066386461257935,-0.04,0.159,21.235,-74.85982062670848,0.934,-6.237
18.271,34.06665754318237,-0.007,0.151,16.545,-74.85982062670848,1.115,-9.842
18.271,34.06699538230896,0.036,0.132,24.0,-74.85982062670848,1.11,-9.842
19.286,34.06742835044861,0.107,0.09,20.22,-74.85982062670848,0.946,-12.257
19.286,34.067662715911865,0.09,0.064,15.53,-74.85982062670848,0.98,-11.942
18.866,34.06787467002869,0.191,0.092,12.695,-75.51790019303384,1.114,-8.442
16.836,34.07117581367493,0.229,0.007,15.565,-75.51790019303384,0.972,2.023
13.861,34.582727909088135,0.127,0.007,23.335,-75.51790019303384,0.886,2.828
-9.659,34.584954500198364,0.104,0.152,2.685,-78.06970917052993,0.966,-5.572
-9.624,34.585427045822144,0.133,0.191,5.03,-78.06970917052993,0.949,-4.837
-8.574,34.58573317527771,0.108,0.197,4.26,-78.06970917052993,0.993,-5.642
-9.029,34.58601379394531,0.071,0.097,4.05,-78.06970917052993,0.908,-5.292
-7.664,34.58626866340637,0.112,0.22,7.97,-78.06970917052993,0.983,-5.817
-6.474,34.5865159034729,0.122,0.177,6.08,-77.85151565072397,1.03,-8.862
-5.319,34.586774587631226,0.103,0.165,6.955,-77.55453577656921,0.985,-7.427
-3.639,34.58702278137207,0.102,0.181,8.25,-77.55453577656921,0.979,-8.197
-2.309,34.587263107299805,0.115,0.168,8.11,-77.55453577656921,0.989,-7.952
-0.874,34.587498903274536,0.093,0.166,8.705,-77.55453577656921,0.997,-6.727
-0.314,35.12645244598389,0.073,0.171,6.955,-77.55453577656921,1.007,-6.447
10.711,35.12894535064697,0.141,0.154,-0.36,-78.93894943234089,0.974,0.063
10.151,35.12941122055054,0.135,0.163,-1.795,-78.93894943234089,0.984,0.203
9.416,35.1297607421875,0.143,0.153,-2.215,-78.93894943234089,0.996,0.413
8.786,35.13007068634033,0.16,0.145,-3.58,-78.93894943234089,1.018,0.518
8.296,35.13038206100464,0.131,0.162,-3.72,-78.93894943234089,1.047,2.023
7.491,35.130682945251465,0.141,0.148,-3.23,-78.93894943234089,0.99,3.073
6.861,35.13097405433655,0.129,0.157,-2.495,-78.93894943234089,0.977,3.633
6.546,35.13125944137573,0.14,0.158,-0.395,-78.93894943234089,0.955,3.773
6.616,35.13153862953186,0.159,0.149,0.83,-78.93894943234089,0.951,3.073
7.071,35.13182234764099,0.174,0.189,1.285,-78.93894943234089,1.017,2.338
7.036,35.13209891319275,0.155,0.162,1.32,-79.54196084760905,1.002,0.763
8.121,35.62767553329468,0.153,0.15,0.305,-79.54196084760905,0.974,2.268
-10.534,35.629801750183105,0.06,0.006,-1.06,-79.68736560420389,0.983,-1.652
-10.009,35.630244970321655,0.097,-0.005,-5.015,-79.68736560420389,0.967,1.078
-9.939,35.630555629730225,0.048,-0.033,-8.27,-79.68736560420389,1.055,-0.322
-8.924,35.63083863258362,0.057,0.039,-11.35,-79.68736560420389,0.999,-0.952
-8.224,35.63111639022827,0.03,0.088,-14.15,-79.68736560420389,1.012,0.063
-8.679,35.631388425827026,0.066,0.102,-17.545,-79.68736560420389,0.936,-2.597
-9.764,35.631675243377686,0.04,0.164,-19.995,-79.68736560420389,0.939,-4.137
-9.974,35.631943702697754,0.092,0.121,-19.75,-79.68736560420389,0.977,-5.082
-10.639,35.63221549987793,0.09,0.125,-14.29,-79.97586005810068,0.962,-5.747
-9.834,35.63249492645264,0.045,0.156,-11.455,-79.97586005810068,0.956,-6.482
-8.119,36.12562036514282,0.071,0.191,-12.295,-79.97586005810068,1.044,-5.992
-2.694,36.1279993057251,0.124,-0.02,-14.395,-78.36994382473391,0.967,-3.297
-4.339,36.128554344177246,0.11,-0.033,-12.225,-78.36994382473391,0.991,-2.702
-4.374,36.12890386581421,0.059,-0.014,-13.695,-78.36994382473391,1.124,-2.632
-3.534,36.129175424575806,0.187,-0.097,-18.875,-78.36994382473391,0.989,-2.527
-4.304,36.12943911552429,0.135,-0.016,-17.44,-78.36994382473391,0.919,-3.927
-4.234,36.12970423698425,0.174,-0.001,-14.64,-78.36994382473391,1.035,-6.132
-4.514,36.129963397979736,0.13,-0.017,-12.295,-78.36994382473391,0.979,-7.497
-4.269,36.13021397590637,0.123,-0.057,-12.295,-78.36994382473391,1.019,-9.282
-3.324,36.13046360015869,0.149,-0.041,-12.26,-78.36994382473391,0.972,-11.522
-2.379,36.13076186180115,0.146,-0.041,-14.605,-78.36994382473391,0.999,-10.682
-1.119,36.13104224205017,0.154,-0.047,-20.59,-78.82938829580016,1.017,-7.602
-1.049,36.13134789466858,0.168,-0.043,-19.47,-78.82938829580016,1.037,-7.602
-1.294,36.131701946258545,0.166,-0.025,-18.875,-78.82938829580016,1.046,-8.302
-0.279,36.64425230026245,0.156,-0.054,-15.375,-78.82938829580016,1.043,-8.757
-5.669,36.64641547203064,0.158,-0.094,-8.445,-80.0097850350596,0.987,-5.467
-6.019,36.646806478500366,0.155,-0.115,-8.41,-80.0097850350596,0.972,-5.432
-6.474,36.64708614349365,0.125,-0.115,-7.08,-80.0097850350596,0.996,-4.312
-6.579,36.647350549697876,0.16,-0.079,-6.135,-80.0097850350596,1.021,-2.982
-6.229,36.647684812545776,0.143,-0.083,-3.475,-80.0097850350596,1.043,-0.497
-5.739,36.64801645278931,0.161,-0.078,-2.425,-80.0097850350596,1.028,1.323
-4.304,36.64835858345032,0.153,-0.084,-1.025,-80.43029866512892,0.946,2.128
-3.009,36.64869284629822,0.184,-0.062,2.16,-80.43029866512892,0.954,2.093
-3.639,36.64901661872864,0.116,-0.055,2.685,-80.43029866512892,0.941,-0.532
-3.359,36.649333000183105,0.237,-0.114,-1.34,-80.43029866512892,0.972,-2.457
-3.254,37.17344355583191,0.175,-0.121,-4.49,-80.43029866512892,1.022,-1.372
-4.899,37.173956632614136,0.119,-0.094,2.44,-79.62764086077529,1.05,0.553
-3.289,37.17581295967102,0.138,-0.119,1.95,-79.5854070947371,1.043,-0.392
-1.574,37.17612290382385,0.136,-0.093,0.13,-78.45387756211878,1.01,-0.462
-1.574,37.17642092704773,0.152,-0.117,0.13,-78.45387756211878,1.01,-0.462
0.106,37.17675542831421,0.157,-0.085,1.285,-78.45387756211878,1.031,-1.302
0.351,37.17715501785278,0.15,-0.086,0.48,-78.45387756211878,0.972,-3.962
2.206,37.177518129348755,0.153,-0.074,4.575,-78.45387756211878,0.954,-4.837
4.201,37.17788314819336,0.131,-0.105,7.095,-78.45387756211878,0.98,-4.627
6.406,37.17818236351013,0.141,-0.094,7.025,-78.45387756211878,0.941,-3.542
6.406,37.17841339111328,0.122,-0.094,7.025,-78.45387756211878,0.941,-3.542
8.051,37.17862367630005,0.169,-0.109,9.615,-78.45387756211878,0.96,-0.217
8.926,37.179306507110596,0.173,-0.068,11.015,-78.45387756211878,0.932,0.308
10.081,37.680710554122925,0.192,-0.102,14.2,-79.61377433524963,0.993,0.833
-24.744,37.68148231506348,-0.13,0.245,11.435,-76.93669725075361,0.748,15.778
-22.749,37.683605432510376,-0.162,0.133,3.21,-76.93669725075361,0.757,26.663
-18.059,37.68392086029053,-0.139,0.284,9.93,-76.93669725075361,1.292,25.998
-14.804,37.68422341346741,-0.204,0.231,6.395,-76.93669725075361,1.074,14.728
-13.929,37.684500217437744,-0.255,0.141,2.335,-76.93669725075361,0.955,8.603
-12.564,37.68478965759277,-0.227,0.171,-5.645,-76.93669725075361,0.859,7.133
-9.029,37.68507194519043,-0.065,0.19,-9.46,-76.93669725075361,1.055,1.708
-1.994,37.68534874916077,-0.135,0.247,-6.555,-76.93669725075361,1.018,-5.502
7.526,37.68561625480652,-0.198,0.187,1.32,-76.93669725075361,0.868,-1.127
13.476,37.68591618537903,-0.047,0.309,10.875,-76.09680267233324,1.11,-0.392
20.371,37.686248779296875,-0.007,0.213,12.94,-76.09680267233324,1.077,-3.577
24.781,38.23182392120361,-0.005,0.129,11.155,-76.09680267233324,0.999,-5.747
-3.744,38.234454870224,0.118,0.203,9.16,-78.16096586924667,1.02,-7.672
-5.179,38.23503589630127,0.057,0.192,9.37,-78.16096586924667,0.996,-7.917
-5.319,38.23533058166504,0.074,0.19,10.0,-78.16096586924667,1.044,-10.717
-5.459,38.23556351661682,0.078,0.196,8.11,-78.16096586924667,1.011,-10.227
-5.914,38.23579525947571,0.081,0.172,10.77,-78.16096586924667,1.049,-11.627
-6.719,38.2360143661499,0.097,0.19,8.53,-77.68254397293984,1.032,-10.787
-5.774,38.23624873161316,0.097,0.198,12.065,-77.68254397293984,0.968,-9.702
-4.934,38.23646593093872,0.122,0.176,10.07,-77.68254397293984,0.93,-10.262
-4.164,38.2366828918457,0.084,0.175,11.61,-77.68254397293984,0.977,-7.847
-3.324,38.23696446418762,0.137,0.168,15.32,-77.68254397293984,0.959,-7.917
-2.239,38.24074172973633,0.15,0.154,14.305,-77.68254397293984,0.968,-8.477
-1.364,38.72996687889099,0.072,0.24,14.62,-77.68254397293984,1.043,-7.077
3.816,38.732101917266846,0.14,0.132,-1.34,-79.47649843171546,0.942,-0.392
3.396,38.73245668411255,0.163,0.156,-2.39,-79.47649843171546,0.994,1.533
3.536,38.73272943496704,0.176,0.103,-2.915,-79.47649843171546,0.996,2.688
5.391,38.732993364334106,0.191,0.151,-1.34,-79.47649843171546,1.024,4.263
7.806,38.7332489490509,0.15,0.137,-1.165,-79.47649843171546,1.017,1.288
7.806,38.733521938323975,0.197,0.126,-1.165,-79.47649843171546,1.017,1.288
10.991,38.733786821365356,0.187,0.132,-0.29,-79.56709905263993,1.049,-2.982
12.881,38.7340521812439,0.162,0.142,1.845,-79.56709905263993,1.013,-4.417
13.616,38.73430418968201,0.196,0.125,1.18,-79.56709905263993,0.996,-4.557
14.001,38.73454546928406,0.182,0.152,0.55,-79.56709905263993,0.964,-4.032
13.826,39.278422355651855,0.198,0.153,1.145,-79.56709905263993,0.994,-3.332
4.166,39.28072929382324,-0.012,0.022,1.145,-80.18378434984601,1.009,6.573
0.316,39.28120946884155,-0.049,-0.033,-2.635,-80.18378434984601,1.019,6.818
-3.009,39.28154397010803,-0.004,-0.006,-0.57,-80.18378434984601,0.965,6.748
-5.634,39.28187108039856,0.001,-0.007,0.725,-80.18378434984601,0.988,5.558
-8.259,39.282187700271606,0.037,-0.019,-0.92,-80.18378434984601,1.024,4.578
-9.869,39.282492876052856,0.042,-0.031,-0.57,-80.18378434984601,1.036,0.098
-9.834,39.282771587371826,0.081,-0.045,-1.445,-80.18378434984601,1.009,-1.617
-9.204,39.283010721206665,0.066,0.017,-4.14,-81.61205178455675,0.972,-3.927
-8.084,39.28332185745239,0.067,0.018,-12.12,-81.61205178455675,0.97,-5.537
-6.579,39.28355932235718,0.061,0.016,-18.455,-81.61205178455675,0.962,-7.707
-6.334,39.28704833984375,0.069,0.064,-20.31,-81.61205178455675,1.022,-6.902
-5.704,39.77072262763977,0.081,0.057,-16.74,-81.61205178455675,1.076,-8.232
-2.729,39.77315616607666,0.102,-0.017,-16.915,-78.87957118719285,0.97,-0.392
-5.074,39.773579359054565,0.098,-0.007,-14.255,-78.87957118719285,1.014,-1.792
-7.174,39.77380657196045,0.144,0.002,-11.28,-78.87957118719285,1.021,-4.872
-8.749,39.77401375770569,0.129,-0.052,-8.06,-78.87957118719285,1.003,-7.217
-9.449,39.774219036102295,0.114,-0.008,-9.075,-78.87957118719285,0.989,-7.567
-9.449,39.77441596984863,0.119,-0.019,-12.435,-78.87957118719285,0.987,-6.412
-9.204,39.7746217250824,0.115,-0.026,-15.025,-78.88634414458812,1.013,-5.922
-8.714,39.77482223510742,0.142,-0.008,-16.285,-79.21405763946942,1.031,-4.382
-8.469,39.775015115737915,0.126,-0.022,-14.885,-79.21405763946942,1.073,-3.962
-7.174,39.775227069854736,0.122,-0.023,-10.3,-79.21405763946942,1.058,-4.627
-5.424,39.77543926239014,0.116,-0.041,-9.39,-79.21405763946942,1.053,-5.397
-2.939,40.262022256851196,0.1,-0.024,-11.315,-79.21405763946942,0.961,-4.802
0.806,40.26401710510254,0.112,-0.106,6.29,-79.50719201341866,0.984,-0.287
1.051,40.26433825492859,0.121,-0.131,-1.725,-79.50719201341866,0.958,0.308
1.401,40.264578342437744,0.149,-0.111,-2.46,-79.50719201341866,0.993,0.483
1.366,40.264800786972046,0.126,-0.138,-1.13,-79.50719201341866,1.014,-0.042
0.631,40.26502013206482,0.143,-0.103,-1.095,-79.50719201341866,1.0,-0.777
0.456,40.265233516693115,0.141,-0.133,-2.705,-79.50719201341866,0.977,-0.882
0.001,40.26544642448425,0.14,-0.105,-2.355,-79.50719201341866,0.991,-1.022
-1.259,40.265658378601074,0.156,-0.152,-3.86,-79.50719201341866,1.014,-1.302
-3.499,40.26586866378784,0.172,-0.137,-6.205,-80.50208298633635,1.048,-2.737
-4.654,40.26608443260193,0.174,-0.106,-7.36,-80.50208298633635,0.945,-2.072
-6.404,40.768882274627686,0.165,-0.134,-8.83,-80.50208298633635,0.962,-3.507
-6.649,40.77136301994324,0.117,-0.114,5.415,-79.73388106380217,1.014,-0.952
-7.944,40.77194428443909,0.106,-0.133,2.86,-79.73388106380217,1.012,-3.192
-8.539,40.77222728729248,0.085,-0.108,1.425,-79.73388106380217,0.978,-3.612
-8.924,40.77247333526611,0.101,-0.097,0.55,-79.73388106380217,0.998,-2.632
-8.854,40.772730350494385,0.089,-0.113,0.13,-79.96881071447946,1.014,-2.037
-8.889,40.77304697036743,0.089,-0.105,-1.725,-79.96881071447946,0.947,-1.302
-8.224,40.77335858345032,0.115,-0.121,-0.85,-79.96881071447946,0.98,-0.742
-7.944,40.77362370491028,0.141,-0.108,-2.915,-79.96881071447946,0.985,-0.917
-7.419,40.77389883995056,0.143,-0.074,-2.46,-79.96881071447946,0.968,-0.777
-6.964,40.774173974990845,0.157,-0.089,-3.16,-79.96881071447946,1.013,-0.602
-5.529,40.77735710144043,0.176,-0.107,-1.725,-79.96881071447946,1.006,-0.287
-5.529,41.29856562614441,0.222,-0.11,-1.725,-79.96881071447946,1.013,-0.287
-34.089,41.30052304267883,0.171,-0.03,27.325,-78.88386744240825,0.955,40.768
-36.714,41.30087971687317,0.184,0.003,28.97,-78.88386744240825,0.954,36.603
-42.279,41.30118155479431,-0.005,0.137,-4.595,-75.95091378434036,1.045,-1.652
-41.579,41.30151104927063,-0.05,0.112,-5.225,-75.95091378434036,0.944,-3.367
-38.289,41.301801919937134,-0.14,-0.008,-12.61,-75.95091378434036,1.098,-0.042
-27.824,41.30207586288452,-0.067,0.16,-5.47,-75.95091378434036,0.978,8.953
-21.419,41.302292346954346,-0.203,0.027,-8.515,-75.95091378434036,1.07,18.648
-15.154,41.30252265930176,-0.11,0.109,3.175,-75.95091378434036,1.134,21.693
-8.574,41.30273151397705,-0.176,0.145,7.585,-75.95091378434036,1.196,19.628
-5.844,41.30293893814087,-0.265,0.199,6.01,-75.95091378434036,1.047,16.758
0.526,41.30314493179321,-0.293,0.231,9.3,-75.95091378434036,0.925,13.678
5.181,41.30335187911987,-0.177,0.187,2.755,-76.3610738151553,1.076,6.398
13.546,41.80974364280701,-0.206,0.191,-1.06,-76.3610738151553,0.995,-7.427
4.796,41.81028985977173,0.104,0.063,9.755,-77.19810829878769,1.095,-10.437
3.816,41.812265396118164,0.105,0.099,8.32,-77.19810829878769,1.037,-13.552
3.186,41.81253218650818,0.097,0.158,6.85,-77.19810829878769,0.964,-11.277
1.436,41.81276059150696,0.071,0.16,6.955,-77.19810829878769,0.947,-10.542
-0.244,41.812981367111206,0.076,0.178,10.105,-77.19810829878769,1.081,-9.247
-2.414,41.8132586479187,0.103,0.129,8.32,-77.19810829878769,0.88,-8.652
-3.919,41.81349229812622,0.061,0.161,5.66,-77.19810829878769,0.877,-6.832
-4.444,41.81371355056763,0.093,0.168,3.28,-77.19810829878769,1.0,-6.307
-5.739,41.81392550468445,0.1,0.181,4.12,-77.19810829878769,1.017,-6.587
-6.299,41.814141273498535,0.126,0.195,6.745,-78.70408655665503,0.998,-4.452
-5.704,41.81435704231262,0.126,0.195,6.745,-78.70408655665503,0.998,-4.732
-5.704,41.81456971168518,0.106,0.195,5.66,-78.70408655665503,1.065,-4.907
-5.529,41.81836795806885,0.086,0.193,6.395,-78.70408655665503,1.095,-6.027
-4.444,42.36564326286316,0.093,0.234,7.2,-78.70408655665503,1.033,-6.307
8.261,42.36783790588379,0.132,0.129,2.44,-80.10567798970581,0.972,-2.457
8.366,42.368247747421265,0.145,0.1,2.895,-79.54611907091662,1.01,-2.422
9.346,42.368557929992676,0.164,0.143,3.14,-79.54611907091662,1.006,0.553
9.801,42.36885118484497,0.164,0.154,0.025,-79.54611907091662,1.029,0.343
10.501,42.36913537979126,0.164,0.13,-0.78,-79.54611907091662,1.021,0.203
10.641,42.36941123008728,0.192,0.135,-0.535,-79.54611907091662,1.024,-0.777
10.746,42.36970138549805,0.179,0.186,-2.81,-79.54611907091662,0.978,0.623
10.746,42.36999702453613,0.184,0.154,-2.81,-79.54611907091662,0.98,0.623
10.116,42.370278120040894,0.183,0.156,-3.09,-79.54611907091662,0.98,0.588
9.696,42.37061548233032,0.16,0.121,-2.705,-79.54611907091662,1.009,0.098
9.276,42.37094259262085,0.171,0.131,-2.915,-79.54611907091662,0.924,-0.077
9.206,42.90820097923279,0.15,0.164,-2.46,-78.52617644859126,0.967,-0.007
7.666,42.908745527267456,0.006,-0.001,0.375,-79.03171778368271,0.927,4.788
4.656,42.910609006881714,-0.054,0.052,-0.745,-79.03171778368271,0.937,7.623
0.421,42.91087746620178,0.023,0.02,0.795,-79.03171778368271,1.016,8.603
-2.064,42.91110825538635,0.051,0.023,-0.045,-79.03171778368271,1.009,7.413
-4.094,42.91132831573486,0.093,0.03,-1.865,-79.03171778368271,1.048,5.243
-5.494,42.91154170036316,0.088,0.002,-3.125,-79.03171778368271,1.028,2.548
-5.949,42.91175365447998,0.069,0.012,-3.125,-79.03171778368271,1.001,1.918
-6.614,42.911964654922485,0.041,0.045,-10.09,-80.27447080046508,0.94,-1.967
-8.889,42.91222167015076,0.104,-0.028,-17.265,-80.27447080046508,0.961,-6.797
-10.149,42.91244912147522,0.09,0.037,-12.715,-80.27447080046508,1.108,-6.657
-11.584,43.449175119400024,0.058,0.029,-8.585,-80.27447080046508,1.006,-3.332
-3.849,43.45129323005676,0.099,0.025,-8.235,-79.82764200350215,1.021,-6.132
-3.709,43.451637268066406,0.121,-0.015,-7.185,-79.82764200350215,1.008,-3.087
-3.709,43.45189642906189,0.13,-0.037,-6.94,-79.3095867288702,0.973,-1.267
-4.164,43.45215392112732,0.131,-0.032,-7.745,-79.3095867288702,0.958,-0.952
-4.024,43.45239782333374,0.298,0.075,-10.02,-79.3095867288702,1.037,-0.182
-4.829,43.452661752700806,0.273,-0.088,-6.275,-79.3095867288702,1.068,-3.192
-5.809,43.45296287536621,0.021,-0.071,-7.57,-79.3095867288702,1.119,-6.272
-6.544,43.45321846008301,0.138,-0.118,-7.78,-79.3095867288702,1.078,-6.097
-7.174,43.45348834991455,0.182,-0.049,-6.065,-79.3095867288702,1.011,-8.267
-6.789,43.45373582839966,0.117,-0.036,-7.64,-79.3095867288702,1.01,-8.512
-6.719,43.935158014297485,0.149,-0.09,-10.65,-79.3095867288702,1.038,-8.057
-2.064,43.937339067459106,0.167,-0.066,-1.2,-80.00327733979742,0.981,-0.147
-2.064,43.93774747848511,0.152,-0.061,-1.445,-79.49027509454174,0.982,0.378
-2.274,43.93802523612976,0.15,-0.08,-1.095,-79.49027509454174,1.026,0.343
-2.379,43.93832087516785,0.155,-0.066,-1.445,-79.49027509454174,1.021,0.518
-2.694,43.93857026100159,0.161,-0.06,-0.71,-79.49027509454174,0.979,0.623
-3.464,43.93880605697632,0.181,-0.064,-1.48,-79.49027509454174,1.004,-0.042
-3.709,43.93905520439148,0.157,-0.033,-1.97,-79.49027509454174,1.012,-0.602
-4.164,43.93927884101868,0.15,-0.08,-2.215,-79.49027509454174,0.971,0.168
-4.304,43.93950128555298,0.154,-0.034,-2.215,-79.49027509454174,0.976,-0.252
-4.479,43.93975567817688,0.157,-0.055,-2.18,-79.49027509454174,1.006,-0.532
-4.794,43.94440793991089,0.151,-0.075,-3.23,-79.98571240634418,0.979,-0.637
-5.039,44.47500038146973,0.163,-0.088,-3.16,-79.98571240634418,0.994,-0.532
8.086,44.47718143463135,0.119,-0.033,10.175,-79.0711385427495,0.972,1.288
5.391,44.47756743431091,0.097,-0.101,10.875,-79.0711385427495,0.975,2.128
2.486,44.47785663604736,0.109,-0.058,12.275,-79.0711385427495,0.97,3.983
-0.349,44.47813677787781,0.069,-0.1,13.465,-79.0711385427495,0.904,5.908
-2.869,44.478519439697266,0.107,-0.139,12.8,-79.0711385427495,0.977,4.963
-5.844,44.47887182235718,0.094,-0.151,14.095,-78.43194875082044,1.066,7.728
-7.804,44.47917819023132,0.1,-0.129,14.165,-78.43194875082044,1.028,4.823
-9.309,44.47945308685303,0.101,-0.167,14.025,-78.43194875082044,0.999,4.963
-11.794,44.47978162765503,0.095,-0.084,17.385,-78.43194875082044,0.93,3.073
-13.229,44.48010516166687,0.117,-0.038,11.47,-78.43194875082044,0.925,-2.247
-24.394,44.48554062843323,0.371,-0.832,-11.35,-78.43194875082044,1.346,-0.112
-23.169,45.03938388824463,0.166,0.093,-8.515,-78.43194875082044,1.45,-4.697
21.631,45.041473388671875,-0.159,0.214,3.735,-74.65288880540568,0.943,-4.802
24.886,45.0418016910553,-0.056,0.167,10.595,-74.65288880540568,0.998,-2.142
25.796,45.042070627212524,-0.047,0.177,17.77,-74.65288880540568,1.123,-0.042
26.356,45.042311906814575,0.076,0.174,21.025,-74.65288880540568,1.103,0.098
25.411,45.04253959655762,0.046,0.165,19.765,-74.65288880540568,1.03,0.833
23.801,45.0427610874176,0.087,0.139,10.14,-74.65288880540568,0.891,-3.402
20.231,45.0429801940918,0.045,0.113,6.78,-74.65288880540568,0.948,-4.137
15.751,45.04327344894409,0.154,0.124,6.43,-74.65288880540568,0.989,-6.727
10.291,45.04354548454285,0.132,0.117,12.94,-74.9526832456991,0.991,-6.552
4.411,45.043803691864014,0.146,0.073,18.365,-74.9526832456991,0.993,-5.432
-0.874,45.61095213890076,0.118,0.022,18.19,-74.9526832456991,0.97,-2.912
-4.794,45.61310815811157,0.111,0.165,5.975,-76.91372704194427,0.974,-0.357
-4.759,45.61344075202942,0.089,0.182,5.94,-76.91372704194427,1.002,-0.077
-3.534,45.61370277404785,0.145,0.153,6.255,-76.91372704194427,1.009,-1.652
-3.254,45.61394643783569,0.085,0.112,5.52,-76.91372704194427,1.081,-2.772
-3.289,45.61417889595032,0.118,0.191,5.555,-76.91372704194427,1.029,-2.387
-2.519,45.61441445350647,0.128,0.129,3.42,-76.91372704194427,1.05,-5.607
-2.169,45.61464262008667,0.117,0.142,7.34,-76.91372704194427,1.004,-3.122
-0.734,45.614867210388184,0.205,0.156,3.77,-76.91372704194427,1.008,-2.492
1.191,45.61509156227112,0.047,0.082,2.965,-76.91372704194427,1.004,-1.092
3.781,45.61531710624695,0.178,0.174,6.64,-77.51168127592402,0.985,-7.707
6.371,46.136441230773926,0.178,0.157,4.855,-77.51168127592402,1.027,-13.062
11.446,46.13715362548828,0.171,0.131,-2.425,-78.01586453232956,0.947,3.108
10.466,46.13920521736145,0.16,0.14,-2.005,-78.01586453232956,0.95,1.428
9.731,46.13958692550659,0.169,0.132,-0.57,-78.01586453232956,0.977,-0.777
9.136,46.13982796669006,0.146,0.137,-0.01,-78.01586453232956,1.005,-1.932
7.561,46.14004826545715,0.147,0.108,0.655,-78.01586453232956,1.061,-0.182
7.071,46.14027214050293,0.141,0.135,0.725,-78.01586453232956,1.015,0.553
6.861,46.140482902526855,0.145,0.138,1.18,-77.48091167659294,0.991,2.268
7.421,46.14072561264038,0.115,0.145,-2.11,-77.48091167659294,0.993,2.618
8.331,46.14097595214844,0.159,0.153,-2.53,-77.48091167659294,0.98,1.218
8.961,46.1411988735199,0.119,0.162,-2.32,-77.48091167659294,0.992,1.638
10.081,46.62185192108154,0.138,0.161,-0.71,-77.48091167659294,0.989,3.948
-3.394,46.62384486198425,0.187,0.011,-4.875,-77.87130960868005,1.0,2.793
-5.459,46.62418794631958,0.103,-0.006,-4.42,-77.87130960868005,0.947,1.043
-7.209,46.624419927597046,0.091,0.015,-11.455,-77.87130960868005,0.94,-1.057
-8.889,46.62462782859802,0.056,-0.002,-15.97,-77.87130960868005,0.934,-4.592
-12.004,46.624828577041626,0.114,0.061,-12.68,-77.87130960868005,1.05,-8.477
-14.349,46.625025272369385,0.097,0.05,-9.67,-77.87130960868005,1.092,-7.847
-16.239,46.625221729278564,0.122,0.052,-4.315,-78.5312365351834,1.044,-4.102
-16.204,46.62541842460632,0.107,0.059,-4.49,-78.5312365351834,1.031,0.588
-14.454,46.62561082839966,0.126,0.074,-9.145,-78.5312365351834,1.043,4.368
-12.109,46.625800371170044,0.11,0.085,-15.725,-78.5312365351834,1.107,7.028
-11.129,47.11157965660095,0.143,0.117,-15.13,-78.5312365351834,1.044,7.833
4.936,47.11358380317688,0.146,-0.029,-3.44,-77.67935743115108,1.064,0.028
6.616,47.11399745941162,0.144,-0.02,-3.51,-77.67935743115108,1.029,0.693
6.826,47.1143057346344,0.128,0.014,-3.965,-77.67935743115108,0.97,1.078
6.021,47.11458992958069,0.173,-0.017,-3.58,-77.67935743115108,1.001,0.868
4.831,47.11484622955322,0.152,-0.026,-2.74,-77.67935743115108,1.002,-0.252
2.766,47.115126848220825,0.162,-0.012,-1.13,-77.67935743115108,0.987,0.028
0.526,47.11539340019226,0.146,-0.012,-1.585,-77.67935743115108,1.018,0.903
-1.434,47.11565852165222,0.144,0.002,-1.69,-77.67935743115108,1.037,1.393
-3.289,47.11591839790344,0.135,0.01,-1.55,-78.17209905940966,1.036,1.323
-4.549,47.11619734764099,0.126,0.01,-2.005,-78.17209905940966,1.0,0.798
-5.004,47.60417032241821,0.089,0.021,-1.48,-78.17209905940966,1.005,0.938
0.841,47.606425285339355,0.1,0.041,0.165,-77.7299703985479,1.009,1.113
0.351,47.606770753860474,0.088,0.047,0.06,-77.7299703985479,1.004,1.008
-0.349,47.60706686973572,0.11,0.031,0.095,-77.7299703985479,1.005,1.393
-0.734,47.60736966133118,0.08,0.035,0.41,-77.7299703985479,1.002,1.498
-1.504,47.6076455116272,0.109,0.021,0.55,-77.7299703985479,1.005,1.078
-1.609,47.60791206359863,0.098,0.025,0.585,-77.7299703985479,1.006,0.973
-1.399,47.60818839073181,0.103,0.017,0.515,-77.94340481419077,1.014,0.938
-1.294,47.60843253135681,0.106,0.021,0.48,-77.94340481419077,1.006,0.903
-0.909,47.608696937561035,0.114,-0.005,0.865,-77.94340481419077,1.027,0.798
-0.454,47.608991861343384,0.104,-0.007,0.41,-77.94340481419077,1.017,1.673
0.211,47.60926079750061,0.103,0.01,0.305,-77.94340481419077,0.999,1.323
0.596,48.08974313735962,0.101,-0.006,0.305,-77.94340481419077,1.012,1.323
-0.139,48.09167790412903,0.093,-0.001,-0.36,-77.42755499577247,1.014,1.008
-0.104,48.09195423126221,0.075,0.012,-0.395,-77.42755499577247,0.989,1.253
-0.069,48.09218144416809,0.101,0.008,-0.325,-77.42755499577247,0.99,1.113
0.001,48.092395305633545,0.095,0.015,-0.535,-77.42755499577247,0.991,1.113
-0.069,48.092594623565674,0.095,0.009,-0.57,-77.42755499577247,1.019,0.903
0.036,48.09278893470764,0.085,0.033,-0.71,-77.42755499577247,0.984,0.693
0.106,48.09298038482666,0.101,0.022,-0.78,-77.42755499577247,1.002,0.798
-0.034,48.09316682815552,0.08,0.029,-0.885,-77.78784636444963,0.998,0.763
0.001,48.0933563709259,0.109,0.018,-0.535,-77.78784636444963,1.016,0.483
-0.139,48.09354305267334,0.107,0.037,-0.745,-77.78784636444963,0.998,0.833
0.036,48.09799361228943,0.103,0.011,-0.605,-77.78784636444963,1.04,0.903
-0.069,48.5995397567749,0.103,0.02,-0.5,-77.78784636444963,1.022,0.763
0.036,48.60158920288086,0.118,0.013,0.2,-77.05270466338011,1.022,1.288
0.281,48.60198426246643,0.09,0.02,0.165,-77.05270466338011,1.019,1.428
0.036,48.602280378341675,0.102,0.016,0.34,-77.05270466338011,1.002,1.183
0.141,48.60254216194153,0.094,0.015,0.41,-77.05270466338011,1.006,1.183
-0.104,48.602795124053955,0.084,0.02,0.165,-77.05270466338011,1.02,1.533
-0.279,48.60304141044617,0.093,0.024,0.27,-77.98446446579757,0.979,1.253
-0.384,48.603288412094116,0.105,0.01,0.655,-77.98446446579757,1.026,0.903
-0.279,48.603529930114746,0.096,0.005,0.095,-77.98446446579757,1.014,1.288
-0.349,48.60377645492554,0.09,0.004,-0.08,-77.98446446579757,1.028,1.078
-0.279,48.60402774810791,0.102,0.014,0.06,-77.98446446579757,0.983,0.868
-0.244,48.604286432266235,0.093,-0.003,-0.15,-77.98446446579757,1.017,0.973
-0.174,48.60767126083374,0.091,0.008,-0.15,-77.98446446579757,1.013,0.938
0.036,49.095930337905884,0.105,-0.001,-0.36,-77.98446446579757,0.999,0.973
0.001,49.09644627571106,0.109,0.002,-0.465,-77.20580430848969,1.02,0.903
0.141,49.0981924533844,0.097,0.024,-0.57,-77.20580430848969,0.997,1.043
0.106,49.098520040512085,0.093,0.023,-0.465,-77.20580430848969,1.002,0.868
-0.069,49.09875798225403,0.111,0.02,-0.29,-77.20580430848969,0.997,0.693
0.456,49.099010944366455,0.09,0.03,-0.43,-77.79349314644143,1.008,0.868
0.246,49.099239349365234,0.102,0.031,-0.5,-77.79349314644143,1.006,1.218
0.001,49.09945774078369,0.103,0.014,-0.395,-77.79349314644143,1.022,0.903
0.036,49.09967041015625,0.108,0.016,-0.255,-77.79349314644143,1.018,1.253
-0.034,49.099878549575806,0.094,0.018,-0.36,-77.79349314644143,1.02,1.148
-0.174,49.10008358955383,0.096,0.025,-0.185,-77.79349314644143,1.006,0.973
-0.279,49.10030674934387,0.109,0.018,0.06,-77.79349314644143,1.005,1.043
-0.349,49.60132575035095,0.086,0.03,-0.01,-77.79349314644143,1.006,0.658
-0.174,49.60186195373535,0.121,0.011,0.13,-77.11663186581809,1.009,1.113
0.001,49.60373783111572,0.092,0.017,-0.045,-77.11663186581809,1.002,1.043
-0.174,49.60401892662048,0.1,0.024,-0.01,-77.62595758425232,0.998,1.148
-0.104,49.60432696342468,0.098,-0.001,-0.22,-77.62595758425232,1.022,1.288
0.001,49.604665756225586,0.095,0.005,-0.43,-77.62595758425232,1.0,1.113
-0.069,49.604981899261475,0.087,0.012,-0.255,-77.62595758425232,1.012,1.113
0.141,49.60530734062195,0.103,0.004,-0.255,-77.62595758425232,1.007,0.798
-0.034,49.60561990737915,0.106,-0.004,-0.395,-77.62595758425232,1.017,1.113
0.036,49.60592460632324,0.092,0.015,-0.29,-77.62595758425232,1.019,0.728
-0.069,49.60624599456787,0.083,0.019,-0.5,-77.62595758425232,0.991,0.903
-0.069,49.6077561378479,0.108,0.01,-0.22,-77.62595758425232,1.018,0.903
-0.034,50.13993978500366,0.103,0.013,-0.535,-77.50742164606882,1.0,0.903
0.036,50.14226412773132,0.096,0.029,-0.01,-77.47310425332361,0.981,1.323
0.001,50.142765522003174,0.11,0.023,0.165,-77.47310425332361,1.0,0.623
-0.034,50.14310264587402,0.091,0.025,-0.08,-77.47310425332361,1.003,1.148
-0.244,50.14343333244324,0.115,0.021,0.025,-77.47310425332361,1.003,1.288
-0.209,50.14374113082886,0.087,0.02,-0.08,-77.47310425332361,0.991,1.218
-0.174,50.14403247833252,0.108,0.018,0.165,-77.47310425332361,1.011,0.833
-0.279,50.144336223602295,0.075,0.015,-0.08,-77.58192339192468,1.016,0.728
-0.139,50.14463973045349,0.125,0.004,0.13,-77.58192339192468,1.017,1.148
-0.244,50.144928216934204,0.081,0.015,-0.08,-77.58192339192468,1.029,1.358
-0.069,50.1452112197876,0.103,0.005,-0.22,-77.58192339192468,1.026,1.218
0.176,50.62679052352905,0.105,0.019,-0.22,-77.58192339192468,1.012,1.008
-0.104,50.628801107406616,0.107,0.017,-0.325,-77.31013102312681,1.003,0.798
0.036,50.62908434867859,0.098,0.01,-0.045,-77.31013102312681,1.028,1.218
0.211,50.62931203842163,0.108,0.03,-0.36,-77.31013102312681,0.993,1.043
0.071,50.6295280456543,0.101,0.004,-0.185,-77.31013102312681,1.016,1.148
0.211,50.629738569259644,0.086,0.015,-0.605,-77.31013102312681,1.02,1.043
0.246,50.62994456291199,0.114,0.019,-0.325,-77.31013102312681,0.982,1.008
0.106,50.630149602890015,0.098,0.018,-0.08,-77.59189144050968,1.018,0.728
0.036,50.63035702705383,0.111,0.016,-0.255,-77.59189144050968,1.006,1.148
-0.034,50.63056302070618,0.09,0.011,-0.325,-77.59189144050968,1.024,1.148
-0.139,50.630768060684204,0.103,0.014,-0.43,-77.59189144050968,1.004,1.288
-0.244,51.12732696533203,0.094,0.02,-0.15,-77.59189144050968,1.009,0.973
-0.034,51.129345417022705,0.109,0.009,-0.01,-77.49973078069151,1.015,1.183
0.036,51.12964582443237,0.096,0.008,0.025,-77.49973078069151,1.013,1.113
-0.104,51.12988829612732,0.1,0.012,0.095,-77.49973078069151,1.009,1.008
-0.174,51.13011026382446,0.101,0.008,-0.045,-77.49973078069151,1.017,0.973
-0.209,51.13032674789429,0.1,0.026,-0.045,-77.49973078069151,1.0,1.218
-0.244,51.130539417266846,0.098,0.016,-0.045,-77.49973078069151,1.005,0.868
-0.174,51.13075113296509,0.104,0.02,-0.01,-77.49973078069151,0.999,1.113
-0.174,51.13096499443054,0.101,0.012,0.06,-77.20273631128406,1.016,0.868
0.036,51.131181716918945,0.102,0.007,-0.325,-77.20273631128406,1.008,0.903
-0.034,51.131391286849976,0.087,0.022,-0.22,-77.20273631128406,1.004,1.113
0.141,51.65413498878479,0.104,0.011,-0.185,-77.20273631128406,1.007,1.113
-0.034,51.656827449798584,0.109,0.02,-0.36,-77.29031412821048,1.004,1.113
0.001,51.65727996826172,0.105,0.018,-0.395,-77.29031412821048,1.024,1.183
-0.069,51.657594203948975,0.092,0.018,0.095,-77.6733778689795,1.014,0.938
-0.139,51.6578254699707,0.104,0.016,-0.22,-77.6733778689795,1.023,0.973
0.036,51.65803027153015,0.093,0.024,-0.29,-77.6733778689795,1.0,1.008
-0.174,51.658226013183594,0.093,0.022,-0.22,-77.6733778689795,0.992,1.008
-0.139,51.65841841697693,0.103,0.026,0.025,-77.6733778689795,0.99,1.113
-0.069,51.65860915184021,0.117,0.002,-0.115,-77.6733778689795,1.018,1.183
-0.244,51.658799171447754,0.108,0.011,-0.08,-77.6733778689795,1.015,1.148
-0.034,51.658989906311035,0.085,0.021,-0.22,-77.6733778689795,1.017,1.113
-0.069,51.65960764884949,0.105,0.011,-0.08,-77.6733778689795,0.981,1.148
-0.069,52.20791506767273,0.106,0.02,-0.08,-77.6733778689795,0.989,1.253
0.036,52.20861196517944,0.093,0.028,-0.08,-77.58668841429787,0.986,0.868
-0.069,52.20979022979736,0.094,0.02,0.025,-77.58668841429787,1.004,0.973
-0.209,52.21051907539368,0.1,0.019,-0.22,-77.58668841429787,1.011,0.623
-0.034,52.21137070655823,0.107,0.01,-0.115,-77.58668841429787,1.017,0.938
-0.069,52.21176528930664,0.109,0.018,-0.22,-77.58668841429787,1.009,1.148
0.071,52.21353244781494,0.101,0.003,-0.185,-78.0541650914629,1.034,1.113
0.036,52.21385097503662,0.108,0.012,-0.185,-78.0541650914629,1.014,1.008
-0.139,52.21417593955994,0.092,0.027,-0.36,-78.0541650914629,1.018,1.183
0.176,52.214457750320435,0.102,0.016,-0.045,-78.0541650914629,1.023,1.323
0.001,52.21472430229187,0.111,0.018,-0.08,-78.0541650914629,1.011,0.833
0.106,52.7198281288147,0.091,0.022,-0.325,-78.0541650914629,1.009,1.183
-0.174,52.72042274475098,0.097,0.009,-0.115,-77.00801749679488,1.022,1.148
-0.174,52.720715284347534,0.104,0.019,-0.08,-77.00801749679488,0.996,1.078
-0.104,52.722516775131226,0.101,0.014,-0.08,-77.00801749679488,0.994,0.903
-0.209,52.722761154174805,0.092,0.013,-0.01,-77.62630610913045,0.995,1.078
0.036,52.723034381866455,0.096,0.01,-0.185,-77.62630610913045,1.017,1.008
0.071,52.72332811355591,0.101,0.017,-0.15,-77.62630610913045,0.993,0.903
-0.139,52.723573207855225,0.104,0.009,-0.15,-77.62630610913045,1.029,0.728
0.036,52.72385883331299,0.106,0.006,-0.325,-77.62630610913045,1.003,1.043
-0.069,52.72412657737732,0.1,0.014,-0.22,-77.62630610913045,1.009,1.148
-0.104,52.72436451911926,0.091,0.004,-0.43,-77.62630610913045,1.018,0.903
-0.139,52.729013442993164,0.092,0.016,-0.045,-77.62630610913045,1.007,1.148
-0.139,53.243441104888916,0.107,0.01,-0.22,-77.62630610913045,1.011,0.973
-0.069,53.24565124511719,0.089,0.016,-0.15,-76.921221462582,1.026,0.868
-0.069,53.245991706848145,0.134,-0.004,-0.045,-76.921221462582,1.016,1.463
-0.069,53.24627375602722,0.088,0.02,-0.01,-76.921221462582,1.027,1.008
0.001,53.24654030799866,0.103,0.019,-0.535,-76.921221462582,1.013,0.973
0.036,53.24679946899414,0.108,-0.027,-0.01,-76.921221462582,1.025,1.043
-0.139,53.247056007385254,0.091,0.014,-0.045,-76.921221462582,1.006,0.973
0.001,53.2473087310791,0.11,-0.006,-0.325,-76.921221462582,1.014,1.288
-0.069,53.24756121635437,0.121,0.002,-0.255,-76.921221462582,1.021,1.078
0.036,53.24780988693237,0.11,0.012,-0.325,-76.921221462582,1.011,1.148
-0.104,53.2480583190918,0.096,0.012,-0.01,-76.921221462582,1.001,1.113
-0.069,53.24832892417908,0.109,0.02,0.025,-77.56094363848591,0.992,0.798
0.001,53.77142143249512,0.098,0.015,-0.185,-77.56094363848591,1.02,1.148
-0.069,53.77369666099548,0.093,0.014,-0.115,-77.43113598970504,1.022,0.903
-0.069,53.77412009239197,0.11,0.014,0.13,-77.43113598970504,1.011,0.973
-0.034,53.7744038105011,0.098,0.023,-0.535,-77.43113598970504,1.004,1.393
0.036,53.774646043777466,0.1,0.022,-0.22,-77.43113598970504,1.001,1.078
-0.244,53.77490496635437,0.102,0.025,-0.115,-77.43113598970504,0.996,0.658
-0.104,53.77523326873779,0.094,0.024,-0.255,-77.43113598970504,1.006,0.798
-0.139,53.775580406188965,0.104,0.019,0.025,-77.91763387857178,1.007,0.903
-0.069,53.77591276168823,0.105,0.033,-0.22,-77.91763387857178,0.988,1.148
-0.209,53.77618074417114,0.086,0.029,-0.115,-77.91763387857178,1.007,1.008
-0.069,53.776416063308716,0.11,0.018,-0.185,-77.91763387857178,1.007,1.218
0.001,53.782001972198486,0.091,0.03,-0.43,-77.91763387857178,0.995,1.253
-0.034,54.267011404037476,0.1,0.021,-0.045,-77.91763387857178,1.006,1.078
-0.034,54.269086837768555,0.112,0.013,-0.43,-77.32951824925136,0.999,1.218
-0.139,54.269463777542114,0.102,0.013,-0.01,-77.32951824925136,1.013,1.043
0.001,54.26976442337036,0.098,0.009,-0.185,-77.32951824925136,1.018,0.868
0.036,54.270042419433594,0.101,0.015,-0.115,-77.32951824925136,1.024,0.798
-0.034,54.27031493186951,0.099,0.014,-0.15,-77.32951824925136,1.012,0.763
0.001,54.27058291435242,0.088,0.016,-0.465,-77.12840273750346,1.002,1.183
0.071,54.27085018157959,0.106,0.015,-0.15,-77.12840273750346,1.004,1.008
0.141,54.27111768722534,0.095,0.017,-0.185,-77.12840273750346,1.009,1.113
-0.174,54.27138161659241,0.094,0.019,-0.185,-77.12840273750346,1.013,1.148
-0.034,54.2716543674469,0.115,0.008,0.095,-77.12840273750346,1.02,0.798
-0.104,54.792500495910645,0.098,0.022,-0.36,-77.12840273750346,1.01,0.938
0.071,54.79447817802429,0.094,0.015,-0.045,-77.72325848543818,1.022,0.938
-0.034,54.79481863975525,0.089,0.024,-0.045,-77.72325848543818,0.997,0.938
-0.069,54.79507064819336,0.111,0.013,-0.115,-77.72325848543818,1.003,1.008
0.036,54.79530477523804,0.091,0.016,-0.045,-77.72325848543818,1.007,1.078
-0.069,54.795531272888184,0.1,0.019,-0.15,-78.35376410544764,1.015,1.043
0.071,54.79575777053833,0.102,0.01,-0.185,-78.35376410544764,1.015,1.113
-0.139,54.79598093032837,0.088,0.019,-0.22,-78.35376410544764,1.005,0.973
-0.034,54.79621958732605,0.112,0.011,-0.01,-78.35376410544764,1.018,1.043
-0.139,54.79644155502319,0.097,0.015,-0.36,-78.35376410544764,0.994,1.113
-0.104,54.7966582775116,0.088,0.009,-0.185,-78.35376410544764,1.024,0.973
0.001,55.28455114364624,0.099,0.017,-0.15,-78.35376410544764,1.005,1.008
-0.279,55.286611557006836,0.105,-0.003,-0.115,-77.97111582643973,1.023,0.763
-0.069,55.28690791130066,0.092,0.023,-0.15,-77.97111582643973,0.998,0.903
-0.244,55.28713512420654,0.096,0.001,-0.465,-78.16209028482727,1.015,1.218
0.071,55.287348985672,0.094,0.013,-0.15,-78.16209028482727,1.022,1.288
0.001,55.287554025650024,0.093,0.017,-0.255,-78.16209028482727,1.011,0.868
-0.174,55.28775668144226,0.103,0.021,-0.185,-78.16209028482727,0.987,0.868
0.141,55.28795576095581,0.11,0.013,-0.15,-78.16209028482727,1.014,1.078
0.071,55.28816509246826,0.095,0.0,-0.64,-78.16209028482727,1.022,1.218
0.036,55.28836703300476,0.093,0.029,-0.115,-78.16209028482727,0.987,1.148
-0.069,55.28859210014343,0.087,0.022,-0.115,-78.16209028482727,1.017,0.973
-0.104,55.288811922073364,0.106,0.015,-0.255,-78.16209028482727,1.004,1.008
-0.104,55.831138134002686,0.097,0.019,-0.01,-77.47119229084849,1.007,0.588
-0.069,55.8319776058197,0.101,0.011,-0.045,-77.22623370526831,1.018,0.938
-0.244,55.8346803188324,0.098,0.007,-0.115,-77.22623370526831,1.015,0.868
0.001,55.83513259887695,0.099,0.014,-0.255,-77.22623370526831,1.008,1.078
-0.209,55.83553123474121,0.101,0.012,-0.08,-77.22623370526831,1.003,1.078
-0.069,55.83592510223389,0.095,0.026,0.06,-77.22623370526831,0.993,0.973
0.106,55.836326360702515,0.096,0.017,-0.15,-77.22623370526831,0.99,1.148
-0.139,55.836700677871704,0.105,0.014,-0.22,-76.95269260355782,1.003,1.253
0.036,55.83701539039612,0.099,0.028,-0.325,-76.95269260355782,0.999,0.938
0.211,55.83726406097412,0.09,0.025,-0.36,-76.95269260355782,0.999,1.218
0.001,55.83750104904175,0.109,0.014,-0.115,-76.95269260355782,1.003,1.008
0.106,55.84249567985535,0.103,0.013,-0.29,-76.95269260355782,1.016,0.973
-0.069,56.34563994407654,0.09,0.013,-0.22,-76.95269260355782,1.027,0.938
0.001,56.347861766815186,0.105,0.016,-0.15,-77.74046252062871,1.013,1.008
0.071,56.34829115867615,0.105,0.01,-0.185,-77.74046252062871,1.015,1.043
-0.034,56.3485631942749,0.103,0.015,-0.08,-77.74046252062871,1.01,1.113
-0.069,56.34880971908569,0.094,0.024,-0.22,-77.74046252062871,1.012,0.763
-0.069,56.34910821914673,0.104,0.019,-0.045,-77.74575526643915,1.01,1.078
-0.104,56.34934449195862,0.107,0.011,-0.325,-77.74575526643915,1.022,1.253
-0.174,56.34955811500549,0.102,0.01,-0.29,-77.74575526643915,1.016,1.078
-0.069,56.34986186027527,0.097,0.016,-0.045,-77.74575526643915,1.013,1.078
-0.349,56.35017371177673,0.09,0.026,-0.185,-77.74575526643915,1.002,0.763
-0.069,56.35044717788696,0.107,0.015,-0.185,-77.74575526643915,1.006,0.868
-0.174,56.35406804084778,0.096,0.012,-0.185,-77.74575526643915,1.014,1.148
-0.104,56.86769485473633,0.097,0.03,-0.045,-77.74575526643915,1.0,0.973
0.141,56.86996054649353,0.119,0.005,-0.325,-77.5905021986633,1.01,1.078
0.106,56.87031817436218,0.087,0.011,-0.185,-77.5905021986633,1.02,0.938
0.246,56.87061285972595,0.107,0.013,-0.325,-77.5905021986633,1.011,1.113
-0.034,56.870885372161865,0.104,-0.007,-0.36,-77.5905021986633,1.024,1.113
-0.069,56.87115144729614,0.092,0.021,0.025,-77.5905021986633,1.01,0.798
0.001,56.87141180038452,0.105,0.022,-0.36,-77.5905021986633,0.985,1.113
-0.209,56.87167239189148,0.106,0.013,0.025,-77.5905021986633,1.006,0.833
-0.174,56.87192940711975,0.1,0.021,0.025,-77.5905021986633,1.008,0.658
-0.209,56.87219500541687,0.096,0.016,-0.115,-77.5905021986633,1.009,0.833
-0.209,56.872461557388306,0.105,0.012,-0.185,-77.45962634284832,1.017,0.868
-0.139,57.38257312774658,0.09,0.014,-0.5,-77.45962634284832,1.007,0.903
-0.034,57.38329577445984,0.109,-0.001,-0.185,-77.56145505847401,1.024,0.973
-0.069,57.96714401245117,0.101,0.004,-0.115,-77.56145505847401,1.021,0.973
0.071,57.96793460845947,0.097,0.014,-0.29,-77.40266125626687,1.012,1.078
