vz,time,vx,comp,ax,ay,vy,az
-0.087,1.434579610824585,-0.153,-81.45523027473944,0.066,-0.015,0.893,1.007
-0.157,1.4365808963775635,-0.153,-81.9733959444123,0.066,-0.012,0.963,1.016
-0.192,1.436899185180664,-0.188,-81.9733959444123,0.069,-0.016,0.928,0.994
-0.052,1.4371585845947266,0.092,-81.9733959444123,0.071,-0.005,0.613,1.018
-0.227,1.4374825954437256,-0.013,-81.9733959444123,0.07,-0.011,0.998,1.005
-0.122,1.4377799034118652,-0.153,-81.62449605247924,0.066,-0.015,0.963,1.013
-0.157,1.4380035400390625,-0.188,-81.62449605247924,0.064,-0.015,0.963,1.018
-0.192,1.4382421970367432,-0.293,-81.62449605247924,0.073,-0.003,0.823,0.997
-0.017,1.4384469985961914,-0.118,-81.62449605247924,0.075,-0.008,0.788,1.006
-0.157,1.4386389255523682,-0.153,-81.62449605247924,0.068,-0.017,0.823,1.008
-0.157,1.438826084136963,-0.118,-81.62449605247924,0.067,-0.007,0.683,1.018
-0.157,1.4402990341186523,-0.153,-81.62449605247924,0.075,-0.009,0.858,1.005
-0.087,1.9432601928710938,-0.083,-81.62449605247924,0.072,-0.014,0.928,1.013
-0.122,1.9438369274139404,-0.328,-81.51056259454148,0.068,-0.011,0.858,0.996
-0.017,1.944164514541626,-0.083,-81.51056259454148,0.068,-0.012,0.893,1.013
-0.297,1.9458763599395752,-0.013,-81.29777621005321,0.069,-0.012,0.788,1.013
-0.157,1.9461545944213867,-0.083,-81.29777621005321,0.067,-0.009,0.683,1.005
-0.227,1.9464302062988281,-0.118,-81.29777621005321,0.07,-0.009,0.928,1.018
-0.157,1.9466795921325684,-0.118,-81.29777621005321,0.072,-0.009,0.683,1.006
-0.122,1.9469325542449951,0.022,-81.29777621005321,0.07,-0.013,0.893,1.01
-0.192,1.9471766948699951,-0.118,-81.29777621005321,0.068,-0.013,0.753,1.014
0.018,1.9474172592163086,-0.188,-81.29777621005321,0.069,-0.015,1.068,0.986
-0.052,1.94765305519104,-0.153,-81.29777621005321,0.063,-0.016,1.033,1.023
-0.052,2.542994260787964,-0.153,-81.29777621005321,0.062,-0.007,0.858,1.015
-0.052,2.543738603591919,-0.258,-81.8768789763216,0.061,-0.023,0.893,1.001
-0.017,2.54419207572937,-0.223,-81.89554168427668,0.069,-0.013,0.823,1.023
-0.227,2.5464272499084473,-0.013,-81.89554168427668,0.065,-0.01,0.823,1.012
-0.052,2.546898126602173,-0.293,-81.89554168427668,0.07,-0.008,0.893,1.009
-0.157,2.5473251342773438,-0.258,-81.89554168427668,0.07,-0.006,0.858,1.014
-0.122,2.5476486682891846,-0.188,-81.89554168427668,0.07,-0.014,0.858,1.004
-0.087,2.547938585281372,-0.048,-81.89554168427668,0.069,-0.004,0.963,1.027
-0.297,2.5482177734375,-0.188,-81.89554168427668,0.071,-0.016,0.928,1.001
-0.122,2.5484793186187744,-0.118,-81.89554168427668,0.064,-0.009,0.893,1.017
-0.157,2.5487427711486816,-0.083,-81.89554168427668,0.068,-0.008,0.998,1.006
-0.192,2.5511038303375244,-0.188,-81.7872198107141,0.073,-0.016,0.823,1.028
-0.227,3.114386558532715,-0.223,-81.6054501992874,0.068,-0.013,1.033,1.005
-0.227,3.116494655609131,-0.118,-82.01297846973047,0.065,-0.008,0.893,1.027
-0.227,3.11680006980896,-0.013,-82.01297846973047,0.069,-0.009,0.788,0.997
-0.262,3.1170177459716797,-0.048,-82.01297846973047,0.071,-0.008,0.963,1.011
-0.262,3.1172211170196533,-0.153,-82.01297846973047,0.067,-0.015,0.893,1.005
-0.227,3.1174206733703613,-0.188,-81.61032216698732,0.068,-0.016,0.963,1.016
-0.157,3.117694854736328,-0.118,-81.61032216698732,0.066,-0.01,0.858,1.0
-0.087,3.11789870262146,-0.188,-81.61032216698732,0.078,-0.0,0.718,1.009
-0.122,3.1181328296661377,-0.013,-81.61032216698732,0.069,-0.013,1.068,1.012
-0.017,3.118391752243042,-0.223,-81.61032216698732,0.073,-0.009,0.858,1.018
-0.017,3.11860728263855,-0.223,-81.61032216698732,0.064,-0.025,1.068,1.001
-0.122,3.653939723968506,-0.083,-81.61032216698732,0.067,-0.013,0.928,1.025
-4.882,3.6544649600982666,-7.118,-81.9127338245731,0.195,-0.15,-3.797,1.051
-4.182,3.65616774559021,-1.133,-81.9127338245731,0.273,-0.168,0.613,1.02
-3.132,3.656432628631592,1.632,-81.9127338245731,0.276,-0.128,-0.962,0.993
-3.062,3.6566648483276367,1.632,-81.9127338245731,0.296,-0.128,-0.962,0.993
-2.817,3.6568901538848877,-4.003,-81.9127338245731,0.17,-0.187,-13.422,0.985
-1.277,3.6571390628814697,-0.398,-81.9127338245731,0.306,-0.227,-8.207,0.977
0.228,3.6574349403381348,-0.398,-81.9127338245731,0.306,-0.227,-3.622,0.977
2.188,3.657724142074585,7.127,-82.3541854848089,0.221,-0.317,0.298,1.051
4.218,3.6579649448394775,16.157,-82.3541854848089,0.144,-0.277,0.928,0.954
3.903,3.658167600631714,15.597,-82.3541854848089,0.144,-0.277,-2.187,0.891
0.963,4.252565145492554,5.447,-82.3541854848089,0.159,-0.246,-5.267,0.986
4.743,4.25462007522583,-21.993,-83.36822919609756,0.224,0.028,-22.172,0.809
4.743,4.255000829696655,-19.053,-83.36822919609756,0.232,0.011,-22.172,0.867
1.768,4.2553040981292725,-12.928,-83.36822919609756,0.246,-0.03,-18.322,0.898
-0.122,4.2555906772613525,2.437,-83.36822919609756,0.195,0.102,-11.637,0.929
-0.122,4.2558674812316895,2.437,-83.36822919609756,0.22,0.123,-11.637,0.929
-1.732,4.256142854690552,4.642,-83.36822919609756,0.206,0.192,-3.272,0.934
-1.137,4.256414413452148,2.822,-83.38770636654387,0.178,0.108,-4.007,0.94
-0.437,4.256692409515381,-3.023,-83.38770636654387,0.192,0.153,-6.947,0.84
1.418,4.256970405578613,-8.658,-83.38770636654387,0.046,0.117,-6.807,1.098
1.908,4.257244348526001,-10.758,-83.38770636654387,0.34,0.107,-8.207,0.904
3.938,4.8060524463653564,-19.123,-83.38770636654387,0.163,0.169,-2.082,0.923
5.618,4.808171033859253,-5.543,-81.93760025724268,0.303,-0.087,6.528,0.957
9.013,4.808598756790161,1.982,-81.93760025724268,0.333,-0.101,5.723,0.902
13.353,4.808910846710205,9.472,-81.93760025724268,0.26,-0.075,2.118,0.962
14.333,4.809216737747192,14.722,-81.93760025724268,0.274,-0.134,-1.032,1.093
14.963,4.809545278549194,12.937,-81.93760025724268,0.274,-0.079,0.193,0.726
15.698,4.809870958328247,8.807,-81.93760025724268,0.298,-0.13,4.743,1.059
15.348,4.810163736343384,-0.678,-81.93760025724268,0.287,-0.13,4.043,1.067
13.703,4.81045389175415,-3.723,-81.93760025724268,0.305,-0.133,-3.552,0.917
10.938,4.81073784828186,-3.618,-81.93760025724268,0.248,-0.105,-10.132,1.069
8.593,4.811021566390991,-4.983,-82.85159935532612,0.204,-0.168,-14.822,1.108
6.598,5.221240997314453,-4.213,-82.85159935532612,0.268,-0.087,-13.807,1.003
-24.657,5.221759557723999,14.477,-79.78631852974551,0.061,0.14,29.173,1.254
-30.642,5.222082853317261,0.477,-79.78631852974551,0.01,0.189,14.753,1.252
-33.372,5.222317457199097,-12.333,-79.78631852974551,-0.146,-0.063,1.068,1.173
-29.662,5.222540616989136,-16.218,-79.78631852974551,-0.243,-0.003,-0.892,0.463
-19.232,5.222825050354004,2.472,-79.78631852974551,-0.142,0.322,2.503,0.907
-16.187,5.223176717758179,2.717,-79.78631852974551,-0.326,0.254,13.108,0.963
-11.217,5.223535537719727,10.487,-79.78631852974551,-0.551,0.458,12.863,1.053
-5.127,5.22389030456543,17.557,-79.78631852974551,-0.325,0.172,-0.717,1.248
2.678,5.2242209911346436,24.207,-79.07326845260701,-0.127,0.237,-6.492,1.103
5.303,5.224522590637207,25.572,-79.07326845260701,-0.355,0.255,-9.362,1.365
11.848,5.226917266845703,31.697,-79.07326845260701,-0.184,0.285,-16.012,1.246
20.213,5.70840311050415,41.672,-79.07326845260701,-0.127,0.203,-23.432,1.092
10.658,5.71047306060791,-25.283,-82.09552480037833,0.228,0.265,24.938,0.879
8.033,5.710896730422974,-33.473,-82.09552480037833,0.102,0.166,26.933,0.872
2.083,5.711174964904785,-47.578,-82.09552480037833,0.186,0.267,30.363,0.727
0.158,5.711413860321045,-53.318,-82.09552480037833,0.139,0.364,34.003,0.952
-4.357,5.711641788482666,-55.943,-82.09552480037833,-0.018,0.089,32.603,1.349
-6.842,5.711883544921875,-32.668,-82.09552480037833,0.108,0.152,29.663,1.294
-6.702,5.712109804153442,-27.488,-82.09552480037833,0.11,-0.052,29.278,0.937
-6.772,5.712341547012329,-10.058,-82.09552480037833,0.135,0.121,22.243,1.235
-10.517,5.712567090988159,8.492,-80.22716412822162,-0.002,-0.065,8.418,1.03
-12.722,5.7128376960754395,7.827,-80.22716412822162,-0.128,0.044,6.458,0.936
-18.637,6.217291355133057,-26.333,-80.22716412822162,-0.117,-0.127,-1.627,0.849
-10.482,6.2195048332214355,36.912,-79.1452176893006,0.221,0.027,15.593,1.056
-13.912,6.220031499862671,24.977,-79.1452176893006,0.03,0.025,6.388,0.41
-19.547,6.220370531082153,13.707,-79.1452176893006,0.394,-0.29,-9.677,0.807
-30.117,6.220691442489624,11.362,-79.1452176893006,0.328,-0.13,-29.592,1.113
-29.207,6.220992088317871,11.642,-79.1452176893006,0.183,-0.078,-23.887,1.262
-26.652,6.221285820007324,19.972,-79.1452176893006,0.121,-0.335,-15.347,1.126
-15.592,6.221585988998413,29.212,-78.25518700095716,0.075,-0.21,14.088,0.925
-12.442,6.221879243850708,24.942,-78.25518700095716,0.107,-0.131,22.243,0.916
-8.102,6.22216272354126,18.957,-78.25518700095716,0.099,-0.12,31.308,0.906
-3.622,6.222447872161865,23.612,-78.25518700095716,0.238,-0.217,38.203,1.082
-3.342,6.223506450653076,30.752,-78.25518700095716,0.179,-0.305,42.858,0.932
-2.957,6.7158098220825195,59.662,-78.25518700095716,0.206,-0.245,41.773,1.085
-13.177,6.71789288520813,-6.803,-78.77516488608492,0.244,0.143,-12.512,1.063
-8.522,6.718347549438477,-4.563,-78.77516488608492,0.262,0.065,-16.502,1.03
-4.217,6.718669414520264,-4.458,-78.77516488608492,0.3,0.15,-17.412,1.098
1.593,6.718958854675293,-9.183,-78.77516488608492,0.247,0.128,-15.242,1.064
6.458,6.719238519668579,-5.788,-78.77516488608492,0.109,0.109,-19.127,0.953
9.258,6.719513416290283,-4.388,-80.88833728724755,0.221,0.165,-21.962,0.813
12.583,6.7197864055633545,-2.918,-80.88833728724755,0.099,0.171,-18.567,0.874
14.228,6.720057964324951,-1.693,-80.88833728724755,0.158,0.151,-16.047,0.861
15.663,6.720324754714966,-1.903,-80.88833728724755,0.252,0.296,-10.307,0.874
17.693,6.720592498779297,-4.493,-80.88833728724755,0.127,0.181,-2.957,0.916
18.743,6.721725940704346,-10.373,-80.88833728724755,0.283,0.396,-0.647,1.162
23.503,7.212021827697754,-24.898,-80.88833728724755,-0.097,0.074,6.843,0.617
-26.932,7.214093923568726,-48.278,-78.1652702037669,0.273,-0.081,-28.892,1.245
-26.407,7.214463233947754,-52.653,-78.1652702037669,0.271,-0.121,-32.392,0.895
-26.337,7.214754581451416,-57.413,-78.1652702037669,0.212,-0.096,-32.392,0.957
-26.582,7.214991331100464,-55.523,-78.1652702037669,0.241,-0.055,-33.862,0.947
-24.832,7.215227127075195,-51.358,-78.1652702037669,0.264,-0.037,-40.267,0.883
-22.102,7.2154436111450195,-44.183,-78.1652702037669,0.274,-0.121,-40.092,0.975
-19.057,7.215658903121948,-37.778,-78.1652702037669,0.217,-0.038,-37.117,1.028
-12.337,7.215878486633301,-24.688,-78.1652702037669,0.231,-0.062,-24.167,1.148
-9.747,7.21609354019165,-20.278,-78.1652702037669,0.276,-0.041,-19.827,0.976
-6.002,7.216307640075684,-17.828,-78.1652702037669,0.257,-0.039,-7.297,0.881
-0.122,7.708747148513794,-10.723,-78.01587511929915,0.316,-0.135,3.833,0.982
-2.677,7.710875511169434,15.352,-76.43620578086532,-0.563,0.494,13.493,1.087
-4.497,7.711197376251221,11.712,-76.43620578086532,-0.282,0.091,12.163,1.58
-5.967,7.71143102645874,16.472,-76.43620578086532,-0.279,0.444,25.638,1.086
-4.462,7.711650848388672,15.177,-76.43620578086532,-0.344,0.282,19.128,1.318
-1.382,7.71187424659729,6.392,-76.44111086516706,-0.161,0.325,4.988,0.865
0.473,7.712087154388428,7.792,-76.44111086516706,-0.131,0.236,-2.642,1.061
5.408,7.712296485900879,19.132,-76.44111086516706,-0.183,0.207,-21.717,0.777
10.413,7.712504148483276,47.167,-76.44111086516706,0.005,0.202,-40.092,0.883
13.073,7.712713956832886,56.757,-76.44111086516706,0.06,0.318,-40.687,0.957
19.618,7.712926149368286,72.087,-76.44111086516706,0.041,0.147,-44.292,1.065
25.148,8.17232346534729,72.787,-76.44111086516706,0.079,0.142,-40.652,0.633
13.668,8.17298173904419,-30.463,-77.51418695833462,0.181,0.289,40.058,0.974
11.778,8.1752610206604,-38.723,-77.51418695833462,0.031,0.189,29.558,0.83
11.008,8.17573094367981,-44.673,-77.51418695833462,0.144,-0.073,29.593,1.351
12.933,8.176382541656494,-31.723,-77.51418695833462,0.083,0.288,26.793,0.796
18.113,8.176682472229004,4.082,-77.51418695833462,0.016,0.02,6.913,1.412
18.498,8.176923036575317,16.507,-77.51418695833462,0.293,0.089,-4.847,0.946
17.903,8.177145719528198,19.272,-78.11134196037202,0.061,0.006,-1.802,0.961
16.048,8.17736029624939,-3.968,-78.11134196037202,0.21,0.162,17.833,0.636
11.183,8.177579402923584,-32.983,-78.11134196037202,-0.237,0.044,30.818,0.658
10.273,8.17782711982727,-49.083,-78.11134196037202,0.266,0.151,33.758,0.726
6.003,8.17805290222168,-58.988,-78.11134196037202,0.077,0.157,34.423,1.038
2.503,8.64290738105774,-65.708,-78.11134196037202,-0.103,-0.038,30.328,1.072
-19.897,8.643720626831055,19.447,-75.39065172813069,0.178,-0.118,0.088,0.897
-24.377,8.644144296646118,11.432,-75.39065172813069,0.165,-0.05,-9.922,0.524
-25.567,8.644480228424072,8.457,-75.39065172813069,0.261,0.021,-10.797,0.867
-29.557,8.644810438156128,2.052,-75.39065172813069,0.156,-0.182,-4.602,0.78
-30.222,8.645143985748291,0.967,-75.39065172813069,0.246,-0.139,0.753,1.028
-32.112,8.645475387573242,9.752,-75.39065172813069,0.132,-0.061,4.603,1.052
-30.747,8.645794153213501,16.437,-75.39065172813069,0.092,-0.2,8.733,0.899
-30.327,8.64610743522644,17.207,-75.39065172813069,0.04,-0.132,13.073,0.773
-28.857,8.646469116210938,32.187,-75.39065172813069,0.335,-0.023,20.073,0.827
-28.927,8.647661209106445,24.802,-73.85779172875183,0.09,-0.143,9.713,0.647
-24.727,8.648126125335693,37.262,-73.85779172875183,-0.033,-0.386,19.688,1.079
-18.777,9.158313035964966,44.717,-73.85779172875183,0.17,-0.29,21.718,0.899
-1.137,9.16070818901062,0.722,-76.89974580629126,0.099,-0.139,-32.427,1.181
-5.302,9.161127090454102,-4.808,-76.89974580629126,0.173,0.203,-27.457,0.989
-3.202,9.16142749786377,-10.233,-76.89974580629126,0.309,0.307,-25.147,1.409
-1.347,9.161734819412231,-17.548,-76.89974580629126,0.155,0.134,-15.767,0.841
-0.227,9.162016868591309,-15.168,-76.89974580629126,0.316,0.228,-26.617,0.796
1.593,9.162272453308105,-14.608,-76.89974580629126,0.246,0.227,-22.067,0.878
5.513,9.162557601928711,-10.933,-76.89974580629126,0.115,0.102,-33.547,0.891
6.493,9.162830114364624,-1.308,-76.89974580629126,0.136,0.239,-22.942,1.057
8.803,9.16310453414917,-0.503,-76.89974580629126,0.189,0.164,-10.237,1.003
11.708,9.163373470306396,-7.328,-76.66824333088283,0.131,0.269,-0.122,0.991
29.733,9.637907981872559,-0.293,-76.71513351509782,0.158,0.12,19.198,0.935
-27.702,9.639976501464844,-22.798,-74.2420073384372,0.093,-0.054,-20.002,1.152
-25.287,9.640351295471191,-41.173,-74.2420073384372,0.172,0.082,-22.242,1.031
-23.852,9.64065432548523,-57.343,-74.2420073384372,0.183,-0.037,-31.517,1.148
-21.437,9.640933275222778,-59.023,-74.2420073384372,0.218,-0.018,-29.312,0.951
-16.362,9.64120626449585,-42.993,-74.2420073384372,0.188,-0.018,-24.832,1.064
-14.822,9.64146375656128,-40.403,-74.2420073384372,0.309,-0.077,-36.977,0.945
-11.672,9.641710758209229,-40.648,-74.10877224015663,0.18,0.013,-47.302,1.215
-9.467,9.64199686050415,-45.128,-74.10877224015663,0.325,-0.062,-54.337,1.103
-4.007,9.642300605773926,-39.108,-74.10877224015663,0.245,-0.082,-53.812,0.966
0.263,9.642574787139893,-32.913,-74.10877224015663,0.289,-0.013,-56.227,1.016
0.543,9.64287543296814,-30.183,-74.10877224015663,0.214,-0.057,-51.467,1.192
3.063,10.132476329803467,-30.113,-74.10877224015663,0.221,-0.048,-41.352,1.041
-31.237,10.134506702423096,-16.253,-75.27773385872041,-0.049,-0.206,28.333,1.36
-33.512,10.134830236434937,-5.683,-75.27773385872041,-0.004,0.31,24.378,0.95
-35.332,10.13506531715393,-5.473,-75.27773385872041,-0.268,0.307,22.908,1.616
-36.872,10.135289907455444,-7.538,-75.27773385872041,-0.32,0.109,16.223,0.273
-33.547,10.135504484176636,1.667,-75.27773385872041,-0.402,0.191,12.408,1.313
-26.372,10.135715007781982,13.427,-73.91864349952469,-0.276,0.561,12.723,0.986
-18.112,10.135929107666016,18.222,-73.91864349952469,-0.227,0.261,-5.967,0.889
-9.222,10.136134386062622,27.252,-73.91864349952469,-0.227,0.244,-4.462,1.004
0.613,10.136338949203491,45.207,-73.91864349952469,-0.148,0.186,-15.102,1.097
14.473,10.136543035507202,52.802,-73.91864349952469,-0.224,0.143,-20.702,1.099
20.878,10.142659902572632,66.907,-73.91864349952469,-0.084,0.153,-28.542,1.199
29.698,10.675122499465942,81.257,-73.91864349952469,0.116,0.1,-44.397,1.033
15.733,10.677366256713867,9.052,-77.49764550643361,-0.108,0.012,11.743,1.247
11.603,10.677794933319092,30.297,-76.7168122663283,-0.274,-0.027,10.203,1.195
8.943,10.678132772445679,23.577,-76.7168122663283,-0.114,0.072,7.508,0.925
1.558,10.678430557250977,0.932,-76.7168122663283,-0.121,-0.1,16.713,1.049
-9.327,10.67869257926941,-31.128,-76.7168122663283,-0.289,0.081,24.518,1.069
-17.272,10.67893671989441,-27.488,-76.7168122663283,-0.2,-0.108,33.303,1.077
-23.992,10.679170608520508,-26.823,-76.7168122663283,-0.172,-0.118,17.168,1.099
-27.177,10.679396390914917,-23.848,-76.7168122663283,-0.099,-0.175,9.398,1.285
-32.462,10.679620504379272,-26.088,-76.7168122663283,-0.202,-0.116,1.628,0.93
-33.127,10.679839849472046,-27.768,-76.7168122663283,0.042,-0.24,-8.627,1.136
-32.462,10.680062532424927,-41.733,-76.7168122663283,0.082,-0.225,-18.707,0.849
-31.972,10.68350100517273,-48.453,-75.1981756754618,0.055,-0.261,-19.372,1.13
-32.567,11.123121976852417,-50.588,-75.1981756754618,-0.005,-0.04,-21.052,0.825
-10.202,11.125312328338623,21.267,-76.14353148049524,0.1,-0.172,10.133,0.81
-11.637,11.125804662704468,17.942,-76.14353148049524,0.255,-0.303,10.133,1.158
-14.087,11.126157760620117,19.027,-76.14353148049524,0.318,-0.341,4.568,0.799
-18.007,11.12647008895874,30.962,-76.14353148049524,0.226,0.156,-5.197,0.634
-24.272,11.126799821853638,23.577,-74.62032545073497,0.137,-0.367,-16.362,1.288
-25.147,11.127109289169312,28.757,-74.62032545073497,0.183,-0.052,-5.582,0.968
-19.792,11.127416133880615,31.977,-74.62032545073497,0.267,-0.483,6.283,1.456
-15.347,11.12774109840393,30.647,-74.62032545073497,0.191,-0.094,24.133,1.059
-13.107,11.128031253814697,24.872,-74.62032545073497,0.138,-0.206,28.473,1.088
-11.147,11.128262996673584,29.562,-74.62032545073497,0.285,-0.182,41.038,0.942
-11.672,11.622712850570679,38.032,-74.62032545073497,0.117,-0.2,52.553,1.093
-4.847,11.624729871749878,-4.423,-75.86179929496676,0.248,0.1,-20.107,0.971
-9.222,11.625124454498291,-11.808,-75.86179929496676,0.298,0.404,-11.532,1.18
-9.712,11.625408172607422,-8.693,-75.86179929496676,0.26,0.04,-11.497,0.747
-11.007,11.625736236572266,-2.288,-75.86179929496676,0.221,0.059,-17.937,0.937
-11.077,11.626020193099976,14.862,-75.86179929496676,0.266,0.053,-22.137,0.791
-10.657,11.626292705535889,19.867,-75.86179929496676,0.219,0.105,-19.897,1.041
-9.222,11.626551866531372,8.247,-75.86179929496676,0.339,0.055,-14.122,0.997
-5.827,11.626807689666748,-2.008,-74.30143154163267,0.245,0.088,-9.012,0.977
-4.147,11.627064943313599,-4.248,-74.30143154163267,0.108,0.13,-8.172,1.016
-1.907,11.627317905426025,-11.283,-74.30143154163267,0.249,0.113,-9.747,0.808
3.658,12.138550043106079,-23.918,-74.30143154163267,0.225,0.123,1.768,0.913
-6.107,12.140514850616455,-44.568,-72.66994369556114,0.315,-0.084,-24.797,0.965
-5.267,12.14077639579773,-31.688,-72.66994369556114,0.291,-0.061,-27.702,0.937
-4.882,12.140987634658813,-30.638,-73.35372828789203,0.353,-0.095,-32.217,0.997
-4.427,12.141186714172363,-31.093,-73.35372828789203,0.462,-0.037,-30.222,1.02
-4.182,12.141379594802856,-31.758,-73.35372828789203,0.413,-0.053,-23.467,1.0
-3.062,12.141586780548096,-24.793,-73.35372828789203,0.382,0.069,-26.582,0.886
-1.277,12.141785144805908,-18.388,-73.35372828789203,0.28,-0.149,-22.277,1.227
2.923,12.142064332962036,-8.693,-73.35372828789203,0.325,0.048,-13.667,0.619
9.643,12.142306804656982,12.482,-73.35372828789203,0.011,0.087,2.363,0.705
10.973,12.142507314682007,14.232,-73.35372828789203,0.175,0.003,-4.147,0.808
14.333,12.62959909439087,11.467,-73.35372828789203,0.203,-0.033,-4.287,0.797
2.398,12.63032841682434,9.717,-72.43806215530498,-0.419,0.559,14.298,1.112
2.328,12.630751132965088,3.592,-71.87324066182126,-0.153,0.331,-1.522,1.363
1.628,12.632602453231812,1.282,-71.87324066182126,-0.224,0.271,-6.317,0.906
5.198,12.632965803146362,16.297,-71.87324066182126,-0.129,0.301,-20.982,1.022
8.698,12.633234739303589,50.317,-71.87324066182126,-0.04,0.244,-36.487,0.786
9.433,12.633490085601807,55.987,-71.87324066182126,-0.021,0.262,-39.217,1.01
12.233,12.633727312088013,64.702,-71.87324066182126,-0.053,0.132,-43.102,1.162
13.038,12.633952856063843,62.007,-71.87324066182126,0.197,0.358,-42.647,0.858
15.733,12.634175062179565,48.777,-71.87324066182126,-0.058,0.12,-26.897,0.874
17.483,12.634409189224243,34.952,-71.87324066182126,0.215,0.256,-19.057,1.201
22.173,12.636523962020874,28.652,-71.87324066182126,0.223,0.075,-3.692,1.186
22.523,13.117834329605103,28.477,-73.4359839620185,0.272,0.171,0.333,1.1
3.238,13.119799852371216,12.097,-74.33853506363319,-0.169,-0.009,17.308,1.237
-7.367,13.120190620422363,0.477,-74.29294392234385,-0.234,0.056,33.373,1.067
-14.682,13.120447874069214,-25.773,-74.29294392234385,-0.204,-0.1,29.558,0.957
-14.682,13.12067723274231,-25.773,-74.29294392234385,-0.098,-0.094,29.558,0.957
-19.792,13.120898723602295,-32.808,-74.29294392234385,-0.101,-0.032,15.453,1.012
-25.392,13.121114492416382,-40.858,-74.29294392234385,-0.168,-0.205,-10.517,0.731
-27.037,13.121327877044678,-40.858,-74.29294392234385,-0.168,-0.205,-19.477,0.731
-29.452,13.121551275253296,-38.758,-74.29294392234385,-0.088,-0.218,-25.987,0.958
-29.417,13.121768712997437,-36.378,-74.29294392234385,-0.023,-0.07,-25.952,0.916
-28.752,13.121987581253052,-40.123,-74.29294392234385,-0.071,-0.143,-20.632,0.97
-30.292,13.625131607055664,-54.193,-74.29294392234385,-0.005,-0.077,-17.237,1.0
-16.397,13.627506971359253,26.132,-73.82153270971898,0.192,-0.21,14.438,0.883
-15.032,13.62793517112732,23.927,-73.82153270971898,0.087,-0.169,15.593,0.999
-13.667,13.628169536590576,21.197,-73.82153270971898,0.268,-0.304,16.188,0.78
-11.287,13.628378868103027,39.712,-73.82153270971898,0.056,-0.251,29.103,1.137
-10.832,13.628582000732422,43.177,-73.82153270971898,0.273,-0.18,25.253,1.016
-9.432,13.628779172897339,56.372,-73.82153270971898,0.304,-0.329,34.353,0.948
-8.032,13.628974676132202,60.852,-73.82153270971898,0.149,-0.116,39.848,0.909
-5.932,13.6291663646698,67.152,-73.82153270971898,0.134,-0.143,37.328,0.828
-2.222,13.62935757637024,58.892,-73.82153270971898,0.106,0.037,49.018,0.937
-2.362,13.629560708999634,55.322,-72.58827993159801,0.209,-0.244,45.763,0.663
-2.957,14.115182876586914,64.212,-72.58827993159801,0.223,-0.108,47.373,1.091
3.903,14.115724563598633,-11.038,-73.49437923194971,0.25,0.186,-11.707,0.815
5.618,14.117805242538452,-9.848,-73.49437923194971,0.166,0.17,-6.807,1.048
8.698,14.118161916732788,-10.023,-73.49437923194971,0.191,0.184,-2.117,0.841
11.463,14.118455410003662,-10.583,-73.49437923194971,0.179,0.246,4.428,1.065
14.228,14.118735551834106,-11.878,-73.49437923194971,0.158,0.148,7.683,0.94
16.818,14.119014739990234,-20.313,-73.49437923194971,0.222,0.248,10.448,0.83
19.548,14.11929202079773,-28.573,-73.49437923194971,0.057,0.259,13.213,1.034
20.983,14.119570255279541,-29.203,-73.49437923194971,0.137,0.275,12.128,0.983
22.733,14.119847774505615,-31.303,-73.49437923194971,0.238,0.237,18.288,0.839
25.008,14.120124101638794,-28.888,-73.90918365114783,0.165,0.164,27.178,0.928
27.248,14.123093605041504,-23.953,-73.90918365114783,0.165,0.288,25.148,0.948
30.678,14.606746435165405,-25.003,-73.90918365114783,0.141,0.148,27.493,1.027
3.623,14.608624458312988,-19.963,-71.72035508815115,0.312,0.06,-6.387,1.022
9.678,14.60893988609314,-19.613,-71.72035508815115,0.287,-0.016,7.123,0.902
11.848,14.609251499176025,0.197,-71.72035508815115,0.41,-0.252,0.753,1.237
14.543,14.609601259231567,5.167,-71.72035508815115,0.235,-0.118,-13.457,1.048
14.543,14.609926462173462,7.792,-71.72035508815115,0.28,-0.088,-19.617,1.089
18.183,14.610166788101196,11.117,-71.72035508815115,0.318,-0.246,-15.557,1.099
17.728,14.610392093658447,14.512,-71.72035508815115,0.216,-0.075,-8.697,0.854
18.323,14.610610723495483,13.777,-71.72035508815115,0.192,-0.049,-0.892,1.099
18.043,14.610823392868042,8.282,-71.72035508815115,0.287,-0.016,-0.997,0.831
16.258,14.611051082611084,0.302,-73.29901117738525,0.211,-0.061,-6.667,0.704
14.438,14.614443302154541,-9.008,-73.29901117738525,0.225,-0.117,-9.397,0.88
14.753,15.121414422988892,-2.428,-73.29901117738525,0.283,-0.141,-9.187,0.982
7.438,15.121932983398438,27.217,-70.86322582015386,-0.078,0.274,-27.422,1.079
12.058,15.123708009719849,50.282,-70.86322582015386,-0.038,0.167,-35.682,1.12
12.933,15.123939275741577,57.317,-70.86322582015386,0.087,0.103,-35.052,0.844
15.628,15.124156475067139,64.457,-70.86322582015386,0.119,0.287,-33.162,1.125
18.883,15.124396085739136,46.537,-70.86322582015386,0.015,0.133,-23.887,0.967
19.863,15.124626636505127,39.537,-70.86322582015386,0.233,0.352,-24.237,0.867
23.328,15.124884366989136,32.152,-70.86322582015386,0.116,0.249,-16.117,1.121
24.413,15.125164031982422,31.767,-71.61627417084338,0.215,0.161,-11.707,1.109
23.293,15.125439643859863,29.807,-71.61627417084338,0.267,0.196,-11.497,0.952
21.193,15.125747680664062,14.547,-71.61627417084338,0.001,0.205,-7.052,1.223
18.918,15.605968475341797,2.927,-71.61627417084338,0.315,0.273,-18.952,0.996
-21.227,15.60801887512207,-39.808,-72.37246107441693,-0.105,-0.06,-1.382,1.066
-22.417,15.608319997787476,-38.583,-72.37246107441693,-0.14,-0.133,-7.227,0.859
-22.767,15.608551979064941,-34.943,-72.37246107441693,-0.102,-0.178,-11.042,0.899
-24.657,15.608771085739136,-30.813,-72.37246107441693,-0.125,-0.138,-15.662,0.903
-26.302,15.608983039855957,-34.103,-72.37246107441693,-0.018,-0.151,-15.032,0.934
-25.987,15.609199523925781,-39.458,-72.37246107441693,0.023,-0.127,-14.087,1.078
-25.637,15.609493732452393,-47.123,-72.37246107441693,0.12,-0.087,-14.087,1.046
-26.687,15.609779596328735,-55.383,-72.2273679058234,0.124,-0.037,-13.737,0.935
-27.142,15.610069990158081,-57.658,-72.2273679058234,0.191,-0.103,-13.317,1.099
-28.227,15.610352039337158,-51.008,-72.2273679058234,0.242,-0.088,-15.977,0.952
-32.392,16.07060432434082,-42.748,-72.2273679058234,0.259,-0.09,-25.602,1.024
-20.842,16.07294535636902,21.512,-73.4983018659486,0.223,-0.287,10.728,0.815
-19.547,16.07330083847046,19.902,-73.4983018659486,0.099,-0.277,14.368,0.957
-19.442,16.073536157608032,15.457,-73.4983018659486,0.045,-0.17,12.478,0.811
-18.042,16.073803901672363,20.672,-73.4983018659486,0.156,-0.202,12.793,0.826
-18.287,16.074097633361816,38.242,-73.4983018659486,0.151,-0.211,22.838,1.21
-16.572,16.074405670166016,47.272,-73.4983018659486,0.153,-0.285,25.358,1.131
-14.227,16.07473349571228,63.582,-73.4983018659486,0.243,-0.276,42.823,0.904
-10.727,16.07506513595581,73.417,-73.4983018659486,-0.066,-0.293,40.268,0.973
-6.667,16.075350284576416,79.892,-73.4983018659486,0.14,-0.247,34.598,0.865
-1.032,16.075564861297607,69.672,-73.4983018659486,0.295,-0.099,59.833,0.516
-0.682,16.078975200653076,72.892,-70.93724105771109,0.218,-0.084,49.123,0.543
-1.382,16.585582971572876,72.892,-70.93724105771109,0.209,-0.1,45.693,0.808
1.978,16.587714672088623,-14.363,-73.00532077575494,0.136,0.171,2.818,0.914
3.448,16.58824396133423,-20.313,-73.00532077575494,0.182,0.162,5.198,1.017
6.948,16.58863139152527,-26.333,-73.00532077575494,0.215,0.221,7.228,0.867
8.453,16.588993787765503,-30.463,-73.00532077575494,0.227,0.236,9.888,0.873
10.168,16.58932876586914,-32.563,-73.00532077575494,0.099,0.127,16.433,1.035
13.598,16.589646577835083,-28.783,-73.00532077575494,0.177,0.177,23.853,0.967
13.598,16.589974403381348,-28.888,-73.00532077575494,0.232,0.207,26.933,0.85
15.453,16.590304374694824,-30.288,-72.45787002551737,0.224,0.198,27.423,1.027
17.168,16.59060525894165,-30.253,-72.45787002551737,0.204,0.279,25.568,1.0
18.813,16.59090256690979,-32.038,-72.45787002551737,0.146,0.153,25.463,1.0
20.703,17.093417644500732,-28.083,-72.45787002551737,0.215,0.203,23.993,1.038
14.788,17.095438718795776,8.807,-72.29162124778946,0.288,-0.145,-5.477,1.149
16.678,17.095749616622925,17.277,-72.29162124778946,0.321,-0.063,-1.347,0.906
19.198,17.095982789993286,21.477,-72.29162124778946,0.195,-0.115,6.248,0.996
19.303,17.096201419830322,16.647,-72.29162124778946,0.224,-0.054,4.043,0.871
18.393,17.09641432762146,7.407,-72.29162124778946,0.204,-0.038,-6.247,1.06
17.063,17.09662365913391,0.687,-72.76647452942582,0.194,-0.031,-4.287,0.861
14.438,17.096840858459473,4.852,-72.76647452942582,0.258,-0.069,-1.557,1.047
13.668,17.09704875946045,5.132,-72.76647452942582,0.256,-0.147,-3.097,1.249
10.343,17.09725594520569,4.817,-72.76647452942582,0.24,-0.074,-9.572,0.921
5.023,17.097476720809937,1.562,-72.76647452942582,0.211,-0.202,-17.482,0.957
-0.542,17.617171049118042,3.347,-72.76647452942582,0.109,-0.243,-20.772,1.162
24.448,17.619272708892822,38.312,-70.39686046657076,0.136,0.11,-9.852,1.132
22.173,17.61970829963684,38.312,-70.89021375497224,0.364,0.146,-9.852,1.118
21.368,17.62009310722351,31.347,-71.65619570868748,0.327,0.147,-5.372,1.061
19.373,17.62051248550415,10.242,-71.65619570868748,0.307,0.232,-11.077,1.059
18.778,17.620909452438354,10.242,-71.65619570868748,0.307,0.232,-13.142,1.059
15.103,17.621306896209717,-9.813,-71.65619570868748,0.337,0.127,-21.297,1.167
9.573,17.621687173843384,-8.798,-71.65619570868748,0.301,0.125,-22.977,1.101
5.233,17.622028350830078,-12.228,-71.65619570868748,0.321,0.171,-21.822,0.968
0.543,17.622353315353394,-18.633,-71.65619570868748,0.237,0.088,-21.402,0.989
-2.362,17.622673749923706,-16.778,-71.65619570868748,0.246,0.209,-19.547,0.922
-4.672,17.624425649642944,-10.583,-71.65619570868748,0.303,0.061,-15.137,0.861
-6.632,18.06723952293396,0.477,-72.41066180597979,0.271,0.19,-18.812,0.841
-12.092,18.069202184677124,-36.938,-73.09311864228512,-0.132,-0.332,-5.302,0.959
-14.717,18.069602251052856,-28.223,-73.09311864228512,-0.099,-0.213,-20.282,0.998
-16.397,18.06988763809204,-14.293,-73.09311864228512,-0.071,-0.183,-25.392,0.93
-17.027,18.070156812667847,-7.188,-73.09311864228512,-0.077,-0.172,-23.187,0.87
-17.062,18.070416927337646,-13.068,-73.09311864228512,0.05,-0.169,-15.102,0.96
-16.047,18.070672035217285,-22.588,-73.07551982257236,-0.03,-0.182,-8.697,0.981
-13.632,18.070924997329712,-26.613,-73.07551982257236,0.177,-0.161,-4.147,1.077
-10.797,18.071178674697876,-22.483,-73.07551982257236,0.222,-0.304,-3.832,1.345
-10.272,18.071434259414673,-17.793,-73.07551982257236,0.092,-0.136,-5.092,1.156
-11.532,18.071693420410156,-18.038,-73.07551982257236,0.26,-0.243,-13.947,1.284
-12.652,18.074175596237183,-9.918,-73.07551982257236,0.237,-0.081,-5.477,0.85
-13.037,18.559353828430176,-17.513,-73.07551982257236,0.312,-0.104,-3.902,0.898
-2.222,18.561304807662964,-1.973,-71.98600147462368,0.108,0.047,-0.577,1.014
-3.062,18.561644554138184,-1.588,-71.98600147462368,0.087,0.025,-0.192,0.989
-3.622,18.561914443969727,-1.798,-71.98600147462368,0.094,0.022,0.858,1.008
-3.237,18.562175750732422,-1.553,-71.98600147462368,0.118,0.049,1.103,1.0
-2.502,18.562432527542114,-0.958,-71.98600147462368,0.1,0.046,0.963,1.002
-1.312,18.562687397003174,-0.363,-71.71360392232172,0.097,0.041,0.263,1.008
-0.087,18.56293797492981,0.022,-71.71360392232172,0.107,0.051,0.473,0.99
0.788,18.563182592391968,0.372,-71.71360392232172,0.106,0.029,1.418,1.034
1.943,18.5634343624115,1.002,-71.71360392232172,0.1,-0.009,1.908,1.005
2.398,18.563684940338135,1.177,-71.71360392232172,0.121,0.058,1.803,0.985
2.328,18.564167261123657,1.597,-71.71360392232172,0.11,0.029,1.068,1.003
2.118,19.053792715072632,1.597,-71.71360392232172,0.105,-0.002,0.648,1.002
-0.472,19.054344654083252,-0.398,-71.9992749380629,0.07,-0.05,0.753,1.026
0.123,19.056081771850586,-0.958,-71.9992749380629,0.07,-0.061,0.753,1.03
0.508,19.056429386138916,-1.273,-71.9992749380629,0.093,-0.038,0.928,1.015
0.508,19.056759357452393,-1.413,-71.9992749380629,0.099,-0.012,1.173,0.982
0.718,19.05705714225769,-1.623,-71.9992749380629,0.103,-0.021,1.103,1.009
0.683,19.057281017303467,-1.728,-72.34987578006988,0.085,-0.026,1.138,1.013
0.543,19.057530879974365,-1.658,-72.34987578006988,0.102,0.021,0.543,1.001
0.333,19.057776927947998,-1.623,-72.34987578006988,0.098,-0.013,0.718,1.008
0.018,19.057989358901978,-1.518,-72.34987578006988,0.109,0.003,0.928,1.011
-0.192,19.05819344520569,-1.063,-72.34987578006988,0.104,0.019,0.578,1.005
-0.297,19.05839729309082,-0.993,-72.34987578006988,0.102,0.013,0.858,1.017
-0.402,19.554139375686646,-0.853,-72.34987578006988,0.099,0.025,0.648,1.029
-0.437,19.55612564086914,0.652,-71.64705285009983,0.094,-0.069,0.403,1.014
-0.437,19.5565447807312,0.442,-71.64705285009983,0.079,-0.067,0.578,0.997
-0.542,19.5568687915802,0.057,-71.64705285009983,0.098,-0.033,0.858,1.011
-0.297,19.557183742523193,-0.223,-72.27136999315348,0.085,-0.047,1.243,1.033
-0.297,19.55748200416565,-0.573,-72.27136999315348,0.085,-0.03,0.998,0.991
-0.087,19.557749271392822,-0.853,-72.27136999315348,0.083,-0.047,0.368,1.001
0.158,19.558011770248413,-0.958,-72.27136999315348,0.083,-0.067,0.578,1.017
0.158,19.558302640914917,-1.133,-72.27136999315348,0.09,-0.038,0.858,1.036
0.368,19.55864143371582,-1.028,-72.27136999315348,0.094,-0.008,1.173,1.03
0.368,19.55897283554077,-1.308,-72.27136999315348,0.098,0.011,1.103,1.005
0.368,20.07187819480896,-1.308,-72.27136999315348,0.093,-0.01,0.788,0.999
-0.017,20.073848724365234,0.792,-72.42410636736061,0.086,-0.029,1.138,0.996
-0.087,20.074156045913696,0.652,-71.95355015446835,0.087,-0.035,1.068,1.022
-0.122,20.074390411376953,0.617,-71.95355015446835,0.102,-0.036,1.138,1.003
-0.157,20.074604988098145,0.442,-71.95355015446835,0.091,-0.023,0.963,0.996
-0.227,20.074808835983276,0.092,-71.95355015446835,0.089,0.0,0.858,1.041
-0.297,20.075029850006104,0.232,-71.95355015446835,0.1,-0.045,0.858,0.996
-0.262,20.075315713882446,0.057,-71.95355015446835,0.109,-0.03,1.173,1.009
-0.297,20.075545072555542,-0.188,-71.95355015446835,0.073,-0.039,1.068,1.019
-0.122,20.075766563415527,-0.713,-71.95355015446835,0.104,0.022,0.998,1.001
-0.332,20.076067686080933,-0.608,-71.95355015446835,0.101,-0.009,0.473,0.985
-0.087,20.07629942893982,-0.713,-71.95355015446835,0.095,-0.046,1.033,0.996
-0.192,20.56952476501465,-1.028,-72.11125631143818,0.086,-0.028,1.033,1.043
0.053,20.57043218612671,0.022,-71.76118980916094,0.097,0.018,1.173,1.015
-0.122,20.570870876312256,0.162,-71.76118980916094,0.107,0.0,0.858,1.024
-0.192,20.571232557296753,0.652,-71.76118980916094,0.092,-0.019,0.508,1.005
-0.017,20.571574687957764,0.862,-71.76118980916094,0.087,-0.003,1.033,1.01
-0.157,20.57190203666687,0.267,-71.76118980916094,0.091,-0.005,1.488,1.023
-0.122,20.572227478027344,0.232,-71.76118980916094,0.093,-0.027,0.823,0.983
-0.297,20.57255458831787,0.617,-71.76118980916094,0.097,-0.033,0.683,1.01
-0.367,20.572872638702393,0.477,-71.76118980916094,0.091,-0.017,0.718,0.996
-0.332,20.57319474220276,0.127,-71.76118980916094,0.097,-0.027,1.208,1.01
-0.332,20.57362389564514,-0.118,-71.76118980916094,0.1,-0.014,1.313,1.028
-0.262,20.57456612586975,-0.118,-71.76429054120284,0.1,-0.015,0.788,1.004
-0.157,20.584248065948486,-0.223,-71.76429054120284,0.083,-0.04,0.613,1.026
-0.192,21.08117914199829,-0.328,-71.76429054120284,0.083,-0.047,0.788,0.986
-0.367,21.08359456062317,-0.048,-71.83213536509805,0.111,0.011,0.683,0.997
-0.367,21.083949089050293,0.022,-71.83213536509805,0.098,0.004,0.683,1.023
-0.227,21.084198474884033,0.092,-71.83213536509805,0.105,0.032,0.963,1.025
-0.157,21.084471702575684,0.232,-71.83213536509805,0.096,-0.018,0.718,1.004
-0.192,21.084751844406128,0.337,-71.83213536509805,0.096,0.002,0.858,1.011
-0.227,21.085010528564453,0.372,-71.83213536509805,0.107,0.033,0.998,1.03
-0.122,21.085264921188354,0.127,-71.83213536509805,0.099,-0.007,1.418,0.957
-0.017,21.085556030273438,0.442,-71.83213536509805,0.092,-0.031,0.998,0.996
-0.087,21.085825204849243,0.582,-72.01691029067129,0.103,-0.008,0.648,0.999
-0.017,21.08607792854309,0.442,-72.01691029067129,0.094,-0.002,1.208,1.021
-0.122,21.086331129074097,0.302,-72.01691029067129,0.104,-0.008,0.718,1.039
-0.122,21.535491704940796,0.232,-72.01691029067129,0.097,-0.024,0.788,0.991
0.018,21.536032676696777,-0.468,-71.23193993315662,0.107,-0.004,0.718,1.026
-0.087,21.53766179084778,-0.398,-71.39264714521029,0.092,-0.0,1.033,1.013
-0.052,21.53792119026184,-0.748,-71.39264714521029,0.1,-0.002,0.718,0.95
0.053,21.538158178329468,-0.643,-71.39264714521029,0.091,0.006,0.543,1.019
-0.087,21.538392066955566,-0.503,-71.39264714521029,0.084,0.005,0.998,1.017
-0.052,21.53862190246582,-0.328,-71.39264714521029,0.108,0.014,0.998,1.024
-0.122,21.53884983062744,-0.398,-71.39264714521029,0.112,0.007,0.858,1.012
-0.192,21.539076328277588,-0.678,-71.39264714521029,0.105,0.003,0.963,1.008
-0.087,21.53930354118347,-0.188,-71.39264714521029,0.094,-0.012,0.648,0.992
-0.437,21.539541006088257,0.162,-71.39264714521029,0.107,0.014,0.753,1.024
-0.332,22.028104066848755,-0.048,-71.39264714521029,0.098,-0.002,0.963,0.999
-0.227,22.030105590820312,-0.013,-71.68655067886937,0.095,-0.023,0.858,1.021
-0.192,22.0305278301239,-0.153,-72.04399557566776,0.086,-0.02,0.893,1.011
-0.122,22.03078866004944,-0.538,-72.04399557566776,0.087,-0.026,0.858,0.995
-0.262,22.031037092208862,-0.223,-72.04399557566776,0.092,-0.019,0.788,1.012
-0.227,22.03127384185791,-0.503,-72.04399557566776,0.091,-0.028,0.858,1.004
-0.227,22.03150248527527,-0.503,-72.04399557566776,0.092,-0.015,0.963,1.024
-0.087,22.031743049621582,-0.433,-72.04399557566776,0.092,-0.016,1.173,1.031
-0.087,22.0319664478302,-0.398,-72.04399557566776,0.102,-0.001,0.893,1.014
0.018,22.032187461853027,-0.468,-72.04399557566776,0.114,0.013,0.753,0.989
0.228,22.03241229057312,-0.783,-72.04399557566776,0.096,-0.012,0.928,0.982
-0.017,22.034353971481323,-0.573,-72.04399557566776,0.091,-0.008,0.858,1.019
-0.017,22.548930644989014,-0.433,-72.32408025227673,0.095,0.005,1.138,1.015
-0.087,22.551302909851074,-0.048,-71.5592502477151,0.097,-0.025,0.823,0.979
-0.087,22.55171251296997,0.057,-71.5592502477151,0.101,-0.012,0.753,1.006
-0.227,22.552069664001465,-0.118,-71.5592502477151,0.097,-0.002,1.068,1.029
-0.297,22.55234718322754,-0.258,-71.5592502477151,0.094,-0.009,1.138,0.991
-0.017,22.552573680877686,-0.503,-71.5592502477151,0.095,-0.032,0.928,1.002
-0.332,22.552791118621826,-0.293,-71.5592502477151,0.094,-0.023,0.613,1.015
-0.297,22.553005695343018,-0.293,-71.5592502477151,0.091,-0.017,0.543,1.005
-0.262,22.553221464157104,-0.258,-71.5592502477151,0.081,-0.029,0.928,1.028
-0.122,22.553433656692505,-0.608,-71.41445606619165,0.088,-0.016,1.243,1.013
-0.017,22.5536630153656,-0.468,-71.41445606619165,0.102,-0.008,0.753,0.999
0.018,22.55430817604065,-0.223,-71.41445606619165,0.112,0.007,0.578,1.016
0.193,23.04106855392456,-0.293,-71.41445606619165,0.113,0.022,0.963,1.017
-0.157,23.043527364730835,0.092,-71.84981910815983,0.098,-0.019,0.823,0.998
-0.052,23.04390025138855,0.022,-71.84981910815983,0.091,-0.013,0.998,1.015
-0.087,23.04414963722229,0.162,-71.84981910815983,0.098,-0.005,1.033,1.025
0.018,23.04438090324402,0.302,-71.84981910815983,0.092,-0.019,0.928,0.996
-0.052,23.0446035861969,0.092,-71.84981910815983,0.102,-0.013,0.963,1.024
0.018,23.044820547103882,-0.118,-71.84981910815983,0.1,-0.021,0.788,1.003
-0.087,23.045039892196655,-0.363,-71.84981910815983,0.093,-0.043,1.068,1.002
-0.262,23.045254230499268,-0.258,-71.84981910815983,0.079,-0.01,0.893,1.031
-0.227,23.045480012893677,-0.188,-72.35615735104793,0.102,-0.01,0.858,1.012
-0.297,23.045695304870605,-0.293,-72.35615735104793,0.107,-0.011,0.648,1.002
-0.227,23.046344995498657,-0.258,-72.35615735104793,0.092,-0.004,1.033,1.013
-0.227,23.580028295516968,-0.538,-72.35615735104793,0.091,-0.023,0.998,0.994
-0.227,23.580576181411743,-0.048,-72.07259060899223,0.082,-0.014,1.138,1.007
-0.122,23.581902980804443,-0.083,-72.07259060899223,0.089,-0.029,0.893,1.031
-0.122,23.58268404006958,-0.048,-72.07259060899223,0.093,-0.008,0.928,1.036
0.018,23.5832622051239,-0.083,-71.22128062520652,0.099,-0.017,0.753,0.998
-0.017,23.583986520767212,-0.013,-71.22128062520652,0.09,-0.019,0.858,0.994
0.053,23.584321975708008,-0.153,-71.22128062520652,0.1,-0.008,1.138,0.998
-0.017,23.584656953811646,-0.223,-71.22128062520652,0.112,0.001,1.103,0.971
-0.122,23.58660078048706,-0.048,-71.22128062520652,0.097,-0.015,0.858,1.019
-0.192,23.586942195892334,-0.188,-71.22128062520652,0.093,-0.003,0.718,1.009
-0.262,23.587271690368652,-0.363,-71.22128062520652,0.093,-0.056,0.788,0.998
-0.332,23.58756947517395,-0.363,-71.22128062520652,0.091,0.015,0.823,1.014
-0.262,24.07035779953003,-0.188,-71.22128062520652,0.09,-0.018,0.998,1.004
-0.087,24.071101665496826,0.022,-72.01977003877113,0.102,-0.016,0.928,0.984
-0.227,24.071497917175293,-0.118,-72.01977003877113,0.09,-0.011,1.243,1.031
-0.297,24.07576632499695,-0.013,-72.01977003877113,0.098,-0.021,0.753,1.004
-0.332,24.079207181930542,-0.188,-71.71942522192704,0.091,-0.008,1.138,1.018
-0.262,24.079728841781616,-0.048,-71.71942522192704,0.091,-0.0,0.893,0.983
-0.227,24.081177711486816,-0.118,-71.71942522192704,0.076,-0.024,1.208,1.002
-0.192,24.593698024749756,-0.013,-71.71942522192704,0.109,0.019,1.173,1.037
-0.052,24.595776081085205,-0.153,-72.21188383052468,0.1,0.004,1.173,1.004
-0.122,24.596095085144043,-0.188,-72.21188383052468,0.102,0.003,0.928,1.025
-0.227,24.59634494781494,0.092,-72.21188383052468,0.094,-0.006,0.508,1.011
-0.297,24.596577405929565,0.092,-72.21188383052468,0.087,-0.035,0.893,1.022
-0.402,24.596801280975342,0.022,-72.21188383052468,0.088,-0.012,0.613,1.008
-0.332,24.59701681137085,-0.083,-72.21188383052468,0.097,-0.01,1.348,0.989
-0.262,24.59723472595215,-0.153,-72.21188383052468,0.081,-0.013,1.278,1.009
-0.157,24.59745478630066,-0.048,-72.21188383052468,0.091,-0.014,0.718,1.0
-0.227,24.59767723083496,0.022,-71.64500935016974,0.088,-0.021,0.683,1.045
-0.157,24.597895622253418,-0.013,-71.64500935016974,0.102,0.0,0.858,1.032
0.053,25.119141817092896,0.092,-71.64500935016974,0.104,0.006,1.068,0.981
0.053,25.686198711395264,-0.118,-72.19527933333974,0.087,-0.039,0.683,1.003
-0.017,25.68679118156433,-0.083,-71.98433638269549,0.089,-0.019,0.858,1.0
