ay,vy,time,ax,vx,az,vz,comp
-0.009,1.127,0.40070462226867676,0.037,0.147,1.009,-0.556,-74.38145756252989
-0.014,0.882,0.4037513732910156,0.034,0.077,1.01,-0.381,-74.38145756252989
-0.013,0.987,0.4094691276550293,0.038,-0.203,1.012,-0.521,-74.38145756252989
-0.009,0.742,0.4099857807159424,0.036,0.007,1.013,-0.381,-74.38145756252989
-0.013,1.022,0.4103724956512451,0.038,0.077,1.011,-0.486,-74.38145756252989
-0.014,1.057,0.4111053943634033,0.041,0.112,1.009,-0.486,-74.38145756252989
-0.011,0.882,0.4114663600921631,0.027,-0.133,1.01,-0.451,-74.38145756252989
-0.013,1.232,0.41182494163513184,0.045,0.077,1.012,-0.521,-74.2613765583489
-0.017,0.812,0.41216540336608887,0.039,0.007,1.011,-0.486,-74.2613765583489
-0.01,1.162,0.41246843338012695,0.037,-0.098,1.012,-0.416,-74.2613765583489
-0.014,0.917,0.4128568172454834,0.033,0.112,1.01,-0.626,-74.2613765583489
-0.014,1.022,0.41326284408569336,0.041,0.007,1.013,-0.416,-74.2613765583489
-0.01,1.022,0.4136672019958496,0.037,-0.063,1.011,-0.486,-74.2613765583489
-0.009,0.952,0.41406798362731934,0.041,-0.063,1.013,-0.381,-74.2613765583489
-0.011,0.987,0.42170190811157227,0.04,0.042,1.014,-0.626,-74.2613765583489
-0.015,1.022,0.4318966865539551,0.033,0.077,1.008,-0.451,-74.2613765583489
-0.01,1.022,0.44165682792663574,0.034,-0.063,1.011,-0.486,-74.2613765583489
-0.012,1.302,0.4520735740661621,0.042,0.042,1.018,-0.556,-74.71817827906213
-0.013,0.917,0.4616379737854004,0.035,0.007,1.011,-0.381,-74.71817827906213
-0.014,1.162,0.4772369861602783,0.033,-0.203,1.01,-0.451,-74.71817827906213
-0.01,0.987,0.4837324619293213,0.034,-0.168,1.008,-0.486,-74.71817827906213
-0.015,1.267,0.4948008060455322,0.042,0.042,1.015,-0.451,-74.71817827906213
-0.014,0.987,0.5052554607391357,0.035,-0.028,1.008,-0.521,-74.71817827906213
-0.012,1.022,0.5176510810852051,0.03,-0.063,1.009,-0.346,-74.71817827906213
-0.011,0.987,0.521622896194458,0.041,0.042,1.013,-0.521,-74.71817827906213
-0.014,0.777,0.5321757793426514,0.045,0.182,1.017,-0.521,-74.71817827906213
-0.011,1.302,0.5418968200683594,0.03,-0.133,1.004,-0.311,-74.71817827906213
-0.01,0.672,0.5513801574707031,0.039,0.042,1.012,-0.626,-74.03778290872623
-0.013,1.267,1.1279754638671875,0.04,-0.098,1.011,-0.241,-74.03778290872623
-0.014,1.057,1.128744125366211,0.033,-0.133,1.009,-0.486,-73.72842981989608
-0.013,0.847,1.1291556358337402,0.034,0.007,1.007,-0.451,-73.23698000646725
-0.012,0.952,1.1295182704925537,0.039,0.147,1.013,-0.626,-73.23698000646725
-0.013,1.057,1.1298530101776123,0.035,-0.063,1.01,-0.416,-73.23698000646725
-0.011,1.057,1.13016939163208,0.034,0.007,1.007,-0.521,-73.23698000646725
-0.011,1.022,1.1304845809936523,0.039,0.042,1.015,-0.486,-73.23698000646725
-0.016,1.022,1.1307804584503174,0.037,0.147,1.013,-0.451,-73.23698000646725
-0.013,0.952,1.1311185359954834,0.04,-0.098,1.012,-0.556,-73.23698000646725
-0.013,0.952,1.1314258575439453,0.009,-0.028,1.006,-0.416,-73.23698000646725
-0.012,1.302,1.131748914718628,0.037,0.007,1.012,-0.486,-73.23698000646725
-0.012,0.882,1.1320576667785645,0.043,0.007,1.018,-0.521,-73.21487852078441
-0.011,1.127,1.1419987678527832,0.038,-0.133,1.012,-0.311,-73.21487852078441
-0.012,1.127,1.7322430610656738,0.037,0.042,1.012,-0.591,-73.21487852078441
-0.014,1.127,1.7347111701965332,0.035,0.147,1.012,-0.381,-74.03525208743226
-0.01,0.952,1.735135555267334,0.036,-0.168,1.01,-0.521,-74.03525208743226
-0.01,1.022,1.7354710102081299,0.038,0.007,1.014,-0.521,-74.03525208743226
-0.016,1.372,1.7357501983642578,0.038,0.042,1.01,-0.591,-74.03525208743226
-0.016,1.337,1.73604416847229,0.037,-0.028,1.01,-0.591,-74.03525208743226
-0.01,1.232,1.7362926006317139,0.032,-0.168,1.008,-0.486,-74.03525208743226
-0.009,1.022,1.7365281581878662,0.037,-0.063,1.012,-0.486,-74.03525208743226
-0.013,1.057,1.7367594242095947,0.031,0.007,1.009,-0.451,-74.03525208743226
-0.014,0.917,1.7370026111602783,0.038,-0.098,1.013,-0.556,-73.54710361560565
-0.009,1.267,1.737241506576538,0.037,-0.063,1.01,-0.591,-73.54710361560565
-0.012,0.777,2.3322205543518066,0.039,0.112,1.013,-0.381,-73.54710361560565
-0.013,1.267,2.334763526916504,0.038,0.007,1.014,-0.486,-73.97371730606619
-0.013,0.812,2.3353052139282227,0.032,-0.028,1.007,-0.521,-73.97371730606619
-0.01,1.162,2.335648775100708,0.036,-0.028,1.011,-0.311,-73.97371730606619
-0.012,1.057,2.3359692096710205,0.041,0.182,1.014,-0.591,-73.97371730606619
-0.011,0.952,2.3362724781036377,0.033,-0.063,1.008,-0.381,-73.97371730606619
-0.01,1.092,2.3365774154663086,0.04,-0.098,1.015,-0.451,-73.97371730606619
-0.011,0.812,2.336866617202759,0.035,0.042,1.012,-0.556,-73.97371730606619
-0.011,1.197,2.3371853828430176,0.037,-0.098,1.013,-0.346,-74.58935664638445
-0.011,1.127,2.3374977111816406,0.036,0.007,1.011,-0.591,-74.58935664638445
-0.014,1.127,2.3378307819366455,0.032,-0.098,1.009,-0.171,-74.58935664638445
-0.011,1.197,2.342700242996216,0.041,-0.063,1.013,-0.416,-74.58935664638445
-0.015,1.162,2.9666433334350586,0.036,-0.098,1.009,-0.416,-74.58935664638445
-0.016,1.057,2.9674224853515625,0.034,-0.028,1.011,-0.556,-73.15565938981138
-0.01,0.882,2.969905138015747,0.036,0.077,1.011,-0.556,-73.15565938981138
-0.013,1.092,2.9703593254089355,0.036,-0.098,1.01,-0.416,-73.15565938981138
-0.013,1.197,2.9707252979278564,0.037,0.042,1.012,-0.416,-73.75867201428363
-0.011,0.777,2.971104383468628,0.039,0.007,1.012,-0.381,-73.75867201428363
-0.011,1.197,2.971424102783203,0.041,-0.133,1.013,-0.451,-73.75867201428363
-0.014,0.987,2.971715211868286,0.03,0.007,1.007,-0.486,-73.75867201428363
-0.012,1.197,2.9719934463500977,0.036,-0.063,1.013,-0.486,-73.75867201428363
-0.01,1.057,2.9722652435302734,0.043,0.007,1.015,-0.521,-73.75867201428363
-0.013,1.022,2.972536087036133,0.034,-0.028,1.009,-0.416,-73.75867201428363
-0.012,1.197,2.9727985858917236,0.04,0.112,1.013,-0.486,-73.75867201428363
-0.012,0.917,3.6085169315338135,0.037,-0.098,1.011,-0.381,-73.75867201428363
-0.015,0.847,3.6108360290527344,0.047,-0.413,1.008,-0.276,-74.68089943686738
-0.003,2.352,3.6112194061279297,0.054,-0.098,1.01,-0.591,-74.68089943686738
-0.052,2.107,3.6115145683288574,0.013,1.092,0.99,-0.171,-74.68089943686738
-0.001,1.757,3.611788749694824,-0.008,0.182,0.99,-0.171,-74.68089943686738
-0.016,-0.448,3.6120998859405518,0.066,-1.043,1.028,-1.081,-74.68089943686738
0.027,4.802,3.612407922744751,0.08,0.287,1.014,0.144,-74.68089943686738
-0.033,1.022,3.612658739089966,0.006,-0.623,0.967,0.669,-74.68089943686738
0.005,2.072,3.6128954887390137,0.045,0.532,1.038,-0.871,-74.53461596039054
-0.038,2.982,3.6131370067596436,0.066,0.147,1.017,0.214,-74.53461596039054
-0.011,1.862,3.61337947845459,0.033,-0.833,1.005,-0.416,-74.53461596039054
0.0,1.477,3.613623857498169,0.06,-0.413,0.993,-1.046,-74.53461596039054
-0.024,0.987,4.269556522369385,0.016,-0.308,1.017,0.039,-74.53461596039054
-0.016,1.127,4.271833419799805,0.029,-0.378,1.011,-0.066,-74.2493333653826
-0.003,1.057,4.272337198257446,0.037,0.077,1.018,-0.906,-74.2493333653826
-0.018,1.127,4.272694826126099,0.045,0.287,1.004,-0.766,-74.2493333653826
-0.01,0.462,4.273031234741211,0.037,0.602,1.005,-0.486,-74.2493333653826
-0.012,1.232,4.27337121963501,0.031,-0.063,1.016,-0.241,-74.2493333653826
-0.017,0.182,4.273699522018433,0.027,0.007,1.014,-0.346,-74.2493333653826
-0.035,3.087,4.274017810821533,0.046,-0.763,1.004,-0.346,-74.2493333653826
-0.003,1.547,4.274335861206055,0.049,-0.448,1.024,0.144,-74.2493333653826
-0.003,1.197,4.2746710777282715,0.035,1.232,1.014,-0.136,-74.2493333653826
-0.024,1.372,4.274988889694214,0.02,0.742,1.011,-1.151,-73.75045634463332
-0.012,2.002,4.828864812850952,0.058,-0.798,1.008,-0.031,-73.75045634463332
-0.006,0.952,4.831149578094482,0.052,0.357,1.009,-0.696,-74.09444025243087
0.015,-0.903,4.83155369758606,0.028,0.287,1.006,-0.696,-74.09444025243087
-0.017,1.127,4.831897974014282,0.028,-1.428,1.007,-0.486,-74.5039953039108
0.001,0.322,4.832228422164917,0.012,1.022,1.016,-0.521,-75.16776003896152
-0.03,0.987,4.832549571990967,0.04,0.252,1.002,-0.801,-75.16776003896152
-0.03,1.162,4.832860946655273,0.04,-0.378,1.001,-0.451,-75.16776003896152
-0.006,0.007,4.833184719085693,0.038,-0.448,1.005,0.074,-75.16776003896152
-0.008,2.037,4.83355188369751,0.027,0.007,1.025,-0.731,-75.16776003896152
-0.013,0.427,4.833888530731201,0.035,0.322,1.012,-0.801,-75.16776003896152
-0.01,1.302,4.834206581115723,0.048,-0.028,1.011,-0.241,-75.16776003896152
-0.024,0.987,5.488954067230225,0.046,0.322,1.021,-0.731,-75.16776003896152
-0.036,2.772,5.491480350494385,0.046,1.022,1.03,0.004,-74.43159928808466
-0.024,-0.518,5.49202561378479,0.059,-0.378,0.988,-0.451,-74.43159928808466
-0.024,-0.518,5.492439031600952,0.059,-0.378,0.988,-0.241,-74.43159928808466
0.024,1.092,5.4927978515625,0.058,-0.588,1.03,-0.731,-74.43159928808466
-0.005,0.147,5.49315071105957,0.06,-0.938,1.041,-0.241,-74.43159928808466
-0.017,1.057,5.493510484695435,0.052,0.987,1.007,-0.556,-74.3016987719028
-0.005,1.267,5.493861436843872,0.032,0.252,0.975,-0.276,-74.3016987719028
-0.02,-0.203,5.4942262172698975,0.064,-0.273,0.999,-1.011,-74.3016987719028
-0.021,3.017,5.494607210159302,0.014,-0.938,1.059,-0.031,-74.3016987719028
0.003,-1.113,5.49495267868042,0.05,-0.798,1.026,-0.731,-74.3016987719028
0.01,1.792,5.4952051639556885,0.066,0.672,1.035,-0.171,-74.3016987719028
-0.023,1.057,6.106802225112915,0.052,1.582,0.994,-0.276,-74.3016987719028
-0.011,0.847,6.107393026351929,0.037,-0.273,1.015,0.389,-73.72204067017498
-0.02,1.477,6.107714891433716,0.021,0.182,1.012,-0.661,-73.72204067017498
-0.022,0.987,6.107980966567993,0.044,0.147,1.0,-0.486,-73.96833210458614
-0.019,2.072,6.108224630355835,0.044,-0.028,1.015,-0.521,-73.96833210458614
-0.009,0.112,6.108587980270386,0.015,-0.448,1.008,0.074,-73.96833210458614
0.002,0.007,6.108966827392578,0.036,-0.448,1.01,-0.556,-73.96833210458614
-0.003,-0.238,6.109405517578125,0.046,0.042,1.031,-0.941,-73.96833210458614
-0.02,1.407,6.111684560775757,0.032,0.812,1.016,0.004,-73.96833210458614
-0.032,1.302,6.111980438232422,0.063,0.252,1.009,-0.276,-73.96833210458614
-0.018,1.652,6.112308502197266,0.056,-1.113,1.029,-0.871,-73.96833210458614
-0.03,0.147,6.112793684005737,0.043,-0.658,1.014,0.004,-73.96833210458614
-0.023,-0.203,6.719988822937012,0.043,0.427,1.008,-0.871,-74.04907255057985
-0.021,1.827,6.722658157348633,0.043,0.567,1.01,-0.486,-72.91529376631371
-0.012,0.252,6.723165512084961,0.042,-0.833,0.999,0.004,-72.91529376631371
-0.004,1.862,6.723503112792969,0.049,-1.498,1.016,0.004,-72.91529376631371
0.027,0.147,6.7237632274627686,0.017,0.847,1.013,-1.116,-72.91529376631371
-0.01,0.497,6.724005460739136,0.055,2.212,1.018,-0.836,-72.91529376631371
-0.029,0.567,6.7242372035980225,0.021,-0.483,1.01,-0.801,-72.91529376631371
-0.008,0.322,6.7244648933410645,0.032,-0.868,0.995,0.039,-72.91529376631371
0.007,0.672,6.72469162940979,0.031,0.322,1.023,-1.046,-72.91529376631371
-0.011,-0.833,6.724921941757202,0.038,0.707,1.015,-1.291,-72.91529376631371
-0.027,1.932,6.725253105163574,0.018,0.882,0.992,-0.136,-74.52498843665057
-0.013,1.057,6.725959777832031,0.037,-0.378,1.01,-0.696,-74.52498843665057
-0.011,0.742,7.3259437084198,0.016,-0.658,1.0,-0.731,-74.52498843665057
0.002,-0.028,7.32675838470459,0.043,0.287,1.022,-0.521,-74.43326066259243
-0.011,1.722,7.3272545337677,0.03,0.077,1.005,-0.591,-74.43326066259243
-0.013,1.267,7.327661752700806,0.041,-0.588,1.006,-0.836,-74.43326066259243
-0.011,1.652,7.3280439376831055,0.043,-0.273,1.02,-0.451,-74.43326066259243
-0.013,1.092,7.328429460525513,0.023,0.007,1.009,-0.241,-74.43326066259243
-0.023,1.407,7.32881236076355,0.025,-0.133,1.011,-0.171,-74.43326066259243
-0.011,1.582,7.329178810119629,0.029,-0.238,1.006,-0.381,-74.43326066259243
-0.015,0.812,7.329550743103027,0.028,0.007,1.0,-0.556,-74.2493333653826
-0.007,0.987,7.329949378967285,0.031,0.077,1.006,-0.661,-74.2493333653826
-0.016,0.777,7.33252215385437,0.038,0.462,1.007,-0.311,-74.2493333653826
-0.006,1.302,7.332984685897827,0.03,-0.273,1.004,-0.381,-74.2493333653826
-0.004,1.162,7.938238143920898,0.041,0.042,1.007,-0.591,-74.2493333653826
-0.009,0.952,7.938910961151123,0.055,0.637,1.014,-0.696,-74.36561045946533
-0.021,0.707,7.941038370132446,0.045,0.182,1.016,-0.416,-74.36561045946533
-0.014,0.637,7.9414637088775635,0.011,-0.308,1.002,-0.241,-74.36561045946533
-0.003,1.127,7.941838502883911,0.052,-0.273,1.015,-0.451,-74.36561045946533
-0.012,1.127,7.9421751499176025,0.06,0.182,1.026,-0.276,-74.36561045946533
-0.017,0.357,7.94250750541687,0.015,-0.098,1.013,-0.556,-74.03510247303886
-0.008,1.547,7.942840814590454,0.048,0.042,1.005,-0.451,-74.03510247303886
-0.009,0.987,7.943163156509399,0.037,0.322,1.011,-0.661,-74.03510247303886
-0.011,0.952,7.943482398986816,0.036,0.357,1.016,-0.451,-74.03510247303886
-0.006,1.057,7.943798065185547,0.031,-0.238,1.006,-0.381,-74.03510247303886
-0.012,1.512,7.944117546081543,0.038,0.182,1.005,-0.381,-74.03510247303886
-0.014,0.567,8.512434482574463,0.037,0.357,1.015,-0.591,-74.03510247303886
-0.035,1.512,8.515008687973022,0.032,-0.028,1.022,-0.346,-74.5030233376855
-0.01,-0.168,8.515440940856934,0.059,-1.778,0.998,-0.381,-74.5030233376855
0.019,2.107,8.515739917755127,0.042,0.602,1.019,-0.766,-74.5030233376855
-0.032,0.847,8.5160231590271,0.04,0.252,1.011,-1.046,-74.5030233376855
-0.009,0.847,8.516312599182129,0.044,-0.728,1.002,0.004,-74.5030233376855
0.003,1.862,8.516579389572144,0.025,-0.693,0.994,-0.311,-74.26663634221156
0.008,0.147,8.516848802566528,0.03,0.287,0.994,-0.206,-74.26663634221156
-0.02,2.037,8.517107963562012,0.038,0.672,1.017,-0.871,-74.26663634221156
-0.021,1.372,8.517388105392456,0.04,-0.343,1.017,-0.346,-74.26663634221156
-0.014,0.462,8.517665147781372,0.033,-0.448,1.011,-0.416,-74.26663634221156
-0.003,1.162,9.079582452774048,0.049,0.427,1.017,-0.346,-74.26663634221156
-0.018,0.357,9.080365657806396,0.028,-0.063,1.013,-0.031,-74.56645638945648
-0.003,1.337,9.082605361938477,0.041,0.287,1.011,-0.661,-74.56645638945648
-0.003,0.847,9.082968950271606,0.037,0.427,1.01,-0.381,-74.56645638945648
-0.025,0.427,9.083280801773071,0.03,0.322,1.005,-0.591,-74.56645638945648
-0.003,0.672,9.083541870117188,0.041,-0.623,1.006,-0.731,-74.56645638945648
-0.004,0.392,9.083779096603394,0.028,-0.483,1.015,-0.486,-74.56645638945648
-0.02,1.372,9.08401083946228,0.048,0.357,1.024,-0.451,-74.56645638945648
-0.017,0.462,9.084240913391113,0.042,0.112,1.005,-0.731,-74.56645638945648
-0.004,0.812,9.084510087966919,0.027,0.112,0.999,-0.486,-75.84005048992236
-0.016,1.092,9.084830522537231,0.047,0.532,1.015,-0.556,-75.84005048992236
-0.015,0.672,9.08517050743103,0.041,-0.168,1.016,-0.311,-75.84005048992236
-0.013,1.232,9.690197229385376,0.031,-0.553,1.016,-0.661,-75.84005048992236
-0.017,1.127,9.69079303741455,0.035,-0.168,1.006,-0.276,-74.19228679203944
-0.013,2.247,9.692732572555542,0.045,0.252,1.021,-0.381,-74.19228679203944
-0.013,0.182,9.6930410861969,0.04,-0.273,1.01,-0.556,-74.19228679203944
-0.007,1.232,9.693337440490723,0.034,0.042,1.013,-0.381,-74.19228679203944
-0.009,1.337,9.69360876083374,0.045,0.077,1.013,-0.486,-74.19228679203944
-0.007,-0.028,9.69392728805542,0.037,0.077,1.008,-0.626,-74.19228679203944
-0.01,2.282,9.694298028945923,0.031,-0.203,1.013,-0.451,-74.85164349545381
-0.014,0.322,9.694666862487793,0.044,-0.098,1.006,-0.591,-74.85164349545381
-0.01,0.847,9.69504690170288,0.043,0.462,1.015,-0.521,-74.85164349545381
-0.017,1.617,9.69543719291687,0.028,-0.168,1.013,-0.486,-74.85164349545381
-0.008,-0.273,9.69581389427185,0.051,0.042,1.004,-0.661,-74.85164349545381
-0.006,0.987,10.330842971801758,0.023,0.322,1.009,-0.661,-74.85164349545381
-0.018,0.672,10.331416845321655,0.05,0.672,1.026,-0.871,-74.53338001602609
-0.01,-0.168,10.333769083023071,0.016,-0.868,0.997,-0.591,-74.4802540633861
-0.014,2.562,10.334168434143066,0.033,-0.273,1.017,-0.451,-74.4802540633861
0.017,0.742,10.334464073181152,0.046,0.882,1.022,-0.801,-74.4802540633861
-0.008,2.492,10.334743976593018,0.035,1.617,1.034,-0.311,-74.4802540633861
-0.049,0.812,10.335012435913086,0.028,1.372,0.998,0.284,-74.4802540633861
-0.001,1.722,10.335272550582886,0.026,-1.708,0.993,-1.151,-74.4802540633861
0.05,0.567,10.335594654083252,0.019,-0.868,1.008,-1.011,-74.4802540633861
0.003,1.792,10.335934162139893,0.048,1.022,1.044,0.214,-74.4802540633861
-0.035,1.897,10.336403846740723,0.01,0.637,1.002,-0.416,-74.4802540633861
-0.038,1.547,10.33675765991211,0.029,-0.203,0.992,-0.626,-74.4802540633861
0.014,1.722,10.970409870147705,0.043,-0.973,1.0,-0.311,-75.55156379067121
0.0,1.337,10.971107482910156,0.041,0.707,0.993,-1.186,-74.10525353246243
-0.025,1.057,10.973107099533081,0.017,1.127,1.006,-0.171,-74.10525353246243
-0.033,0.567,10.973471879959106,0.035,-0.448,1.02,-0.906,-74.10525353246243
-0.006,1.197,10.973766088485718,0.043,-0.623,1.033,-1.046,-74.10525353246243
-0.004,1.022,10.974034786224365,0.024,0.007,0.995,0.109,-74.10525353246243
-0.014,0.847,10.97429871559143,0.037,0.497,1.009,-0.661,-75.21809421058173
-0.03,1.477,10.974563121795654,0.048,-0.798,1.028,-0.731,-75.21809421058173
-0.0,0.952,10.9748215675354,0.042,0.357,1.019,-0.556,-75.21809421058173
-0.019,0.532,10.975079774856567,0.035,0.987,1.009,-0.556,-75.21809421058173
-0.036,1.512,10.975338220596313,0.042,-0.413,0.999,-0.206,-75.21809421058173
-0.008,1.862,10.975598573684692,-0.001,-1.218,0.998,-0.661,-75.21809421058173
-0.029,1.197,11.63044786453247,0.047,-0.028,1.017,-0.031,-75.21809421058173
-0.022,0.882,11.632912158966064,0.009,-0.063,1.004,-0.556,-74.46071361079
0.006,1.267,11.6334810256958,0.058,-0.238,1.016,-0.416,-74.46071361079
-0.015,1.197,11.633909702301025,0.027,0.427,1.013,0.039,-74.46071361079
-0.026,2.282,11.634272336959839,0.041,-0.623,1.017,-0.416,-74.46071361079
0.012,-0.623,11.634690046310425,0.025,-0.658,1.005,-0.766,-74.46071361079
-0.006,2.107,11.635081768035889,0.044,0.987,1.014,-0.136,-74.46071361079
-0.028,0.707,11.635403394699097,0.034,-0.518,1.013,-0.696,-74.46071361079
-0.019,1.372,11.63568663597107,0.045,-0.343,1.007,0.074,-74.16644424497449
-0.003,0.882,11.636050701141357,0.039,-0.098,1.024,-0.591,-74.16644424497449
-0.011,0.847,11.6364004611969,0.042,-0.413,1.016,-0.836,-74.16644424497449
-0.015,1.057,12.252091646194458,0.046,0.462,1.005,-0.381,-74.16644424497449
-0.011,1.232,12.254413843154907,0.034,-0.133,1.015,-0.206,-74.10743944668803
-0.02,1.967,12.25477123260498,0.023,-0.133,1.015,-0.346,-74.10743944668803
-0.012,0.182,12.255038738250732,0.029,-0.308,1.008,-0.696,-74.10743944668803
-0.014,1.477,12.2552809715271,0.033,-0.448,1.012,-0.066,-74.10743944668803
0.0,0.672,12.255513191223145,0.024,0.147,1.02,-0.486,-73.86844417865687
-0.029,1.267,12.25574517250061,0.051,0.112,1.016,-0.416,-73.86844417865687
-0.013,1.162,12.25597071647644,0.023,-0.133,1.007,-0.416,-73.86844417865687
-0.013,1.372,12.2561936378479,0.044,-0.448,1.014,-0.346,-73.86844417865687
-0.01,1.162,12.256419658660889,0.042,0.042,1.011,-0.416,-73.86844417865687
-0.011,1.372,12.25664496421814,0.022,0.007,1.017,-0.591,-73.86844417865687
-0.006,1.092,12.931723833084106,0.032,0.042,1.019,-0.206,-73.86844417865687
-0.016,1.022,12.932390928268433,0.039,0.252,1.016,-0.591,-75.1029415203142
-0.02,1.127,12.93477749824524,0.027,-0.098,1.008,-0.241,-75.1029415203142
-0.006,0.532,12.93516230583191,0.04,-0.308,1.009,-0.661,-75.1029415203142
-0.02,1.897,12.935433626174927,0.037,-0.028,1.017,-0.346,-75.1029415203142
-0.021,1.092,12.935693740844727,0.036,-0.203,1.024,-0.486,-75.1029415203142
-0.01,0.637,12.935944080352783,0.043,0.672,1.007,-0.696,-74.29747600327318
-0.01,0.637,12.936188697814941,0.043,0.672,1.007,-0.521,-74.29747600327318
-0.018,1.652,12.936427354812622,0.041,-0.028,1.012,-0.381,-74.29747600327318
-0.003,0.847,12.936667919158936,0.044,0.112,1.008,-0.521,-74.29747600327318
-0.003,1.337,12.9369056224823,0.044,0.112,1.008,-0.451,-74.29747600327318
0.005,0.357,12.937138557434082,0.014,-0.168,1.005,-0.591,-74.29747600327318
-0.024,-0.413,13.596152782440186,0.038,0.567,1.022,-0.486,-74.29747600327318
-0.015,0.497,13.598469972610474,0.041,0.357,1.02,-0.416,-74.40810408028918
-0.009,1.022,13.598840713500977,0.025,-0.098,1.005,-0.206,-74.40810408028918
-0.0,0.287,13.599178791046143,0.041,-0.378,1.007,-0.206,-74.40810408028918
-0.002,1.337,13.599499464035034,0.04,1.022,1.008,-0.696,-74.40810408028918
-0.025,1.267,13.599853038787842,0.032,0.567,1.008,-0.451,-74.40810408028918
-0.021,1.477,13.600212335586548,0.046,-0.833,1.015,-0.101,-74.40810408028918
0.022,1.512,13.600472688674927,0.03,-0.273,1.023,-0.521,-74.40810408028918
-0.026,-0.273,13.600709676742554,0.017,0.987,1.001,-0.486,-74.43774486106834
-0.025,2.912,13.600943565368652,0.04,0.637,0.997,-0.276,-74.43774486106834
-0.017,0.847,13.601226568222046,0.028,-0.623,1.009,-0.346,-74.43774486106834
-0.007,2.247,14.257253170013428,0.017,0.217,1.01,-0.486,-74.43774486106834
-0.021,0.567,14.259462833404541,0.052,-0.483,1.018,-0.066,-74.15979988470049
-0.003,0.742,14.259861707687378,0.012,-0.378,1.002,-0.766,-74.15979988470049
-0.001,0.532,14.260147094726562,0.029,0.357,1.004,-0.451,-74.15979988470049
-0.021,1.337,14.260420799255371,0.054,0.602,1.016,-0.731,-74.15979988470049
-0.026,0.777,14.260685443878174,0.028,-0.308,1.011,-0.031,-74.15979988470049
-0.002,1.057,14.26094675064087,0.026,-0.448,0.999,-0.171,-74.15979988470049
-0.011,1.722,14.261242866516113,0.043,-0.028,1.016,-0.906,-74.15979988470049
-0.018,0.882,14.261551856994629,0.031,0.182,1.014,-0.556,-74.15979988470049
-0.014,1.197,14.261820316314697,0.03,0.077,1.009,-0.556,-74.15979988470049
-0.008,1.162,14.26208209991455,0.046,-0.063,1.01,-0.346,-74.47917613369556
-0.018,1.932,14.262344121932983,0.025,0.217,1.017,-0.381,-74.47917613369556
-0.017,0.462,14.872628688812256,0.042,-0.238,1.008,-0.591,-74.47917613369556
-0.004,0.847,14.874972105026245,0.044,-0.098,1.003,-0.311,-75.16205904013624
-0.005,1.512,14.875476360321045,0.024,0.007,1.006,-0.626,-75.16205904013624
-0.026,1.897,14.875761985778809,0.044,0.147,1.024,-0.451,-75.16205904013624
-0.025,0.917,14.876092910766602,0.026,-0.168,1.003,-0.311,-75.16205904013624
-0.022,1.267,14.876408338546753,0.039,-1.113,1.013,-0.591,-75.16205904013624
-0.008,1.372,14.876707315444946,0.033,-0.098,1.014,-0.276,-75.16205904013624
0.009,1.617,14.876999616622925,0.051,0.812,1.023,-0.696,-73.13927298733175
-0.03,0.392,14.877290725708008,0.04,0.497,1.011,-0.451,-73.13927298733175
-0.03,0.042,14.877606391906738,0.027,-0.868,1.012,-0.276,-73.13927298733175
-0.001,1.827,14.877905130386353,0.029,-0.168,0.999,-0.661,-73.13927298733175
-0.006,0.742,14.882578372955322,0.032,-0.728,1.009,-0.346,-73.13927298733175
-0.019,0.532,15.458337783813477,0.031,0.952,1.011,-0.416,-73.13927298733175
-0.022,1.302,15.459054946899414,0.02,0.917,1.018,0.039,-74.4866824210054
-0.039,0.812,15.461522817611694,0.047,1.582,0.999,-0.416,-74.4866824210054
-0.001,1.267,15.461949348449707,0.026,-1.078,0.994,-0.976,-74.4866824210054
0.012,2.247,15.462305068969727,0.038,-2.058,1.035,-0.731,-74.4866824210054
0.018,0.217,15.46264386177063,0.049,0.462,1.037,-0.136,-74.4866824210054
-0.027,0.427,15.46297836303711,-0.005,1.337,0.979,-0.311,-74.4866824210054
-0.043,1.092,15.463309288024902,0.019,0.042,0.973,-0.696,-74.4866824210054
-0.007,1.057,15.46363639831543,0.059,-1.043,1.007,-0.801,-73.96564851850125
-0.002,1.722,15.463964462280273,0.031,0.042,1.027,-0.591,-73.96564851850125
-0.015,0.672,15.464286804199219,0.041,-0.308,1.044,0.074,-73.96564851850125
-0.015,2.177,15.46588683128357,0.028,0.532,1.002,0.109,-73.96564851850125
-0.014,0.532,16.064923763275146,0.031,1.092,0.982,-0.381,-73.96564851850125
-0.012,1.197,16.067289352416992,0.03,0.252,1.003,-0.206,-73.89223803095939
-0.02,0.112,16.067679405212402,0.027,0.217,1.02,-0.381,-73.89223803095939
-0.005,1.302,16.06801152229309,0.022,0.077,1.006,-0.941,-73.89223803095939
-0.003,1.372,16.068319082260132,0.057,-0.553,1.002,-0.346,-73.89223803095939
-0.01,1.127,16.06861662864685,0.028,0.602,1.012,-0.031,-74.51715116534069
-0.022,1.162,16.068910360336304,0.029,-0.273,1.015,-0.276,-74.51715116534069
-0.013,0.742,16.069197177886963,0.035,-0.378,1.005,-0.486,-74.51715116534069
-0.008,0.462,16.06949210166931,0.025,0.812,1.0,-0.556,-74.51715116534069
-0.017,0.462,16.069783687591553,0.04,0.462,1.005,-0.311,-74.51715116534069
-0.017,0.952,16.070076942443848,0.052,0.252,1.021,-0.276,-74.51715116534069
-0.013,2.177,16.657000064849854,0.049,-1.043,1.018,-0.696,-74.51715116534069
-0.007,2.457,16.6576669216156,0.034,-0.168,1.018,-0.381,-73.53954342153892
-0.004,0.882,16.659827709197998,0.059,0.322,1.021,-0.661,-73.53954342153892
-0.014,1.407,16.66016674041748,0.036,0.252,1.014,-0.661,-73.53954342153892
-0.014,0.707,16.660456657409668,0.041,0.322,1.015,-0.381,-73.53954342153892
-0.019,2.072,16.66081953048706,0.044,-0.483,1.008,-0.661,-74.29320647552058
-0.009,0.462,16.66122055053711,0.03,-0.518,1.011,-0.276,-74.29320647552058
-0.013,1.162,16.661540031433105,0.038,0.462,1.014,-0.241,-74.29320647552058
-0.023,1.162,16.661812782287598,0.039,0.322,1.015,-0.801,-74.29320647552058
-0.019,1.022,16.662102699279785,0.034,-0.308,1.006,-0.661,-74.29320647552058
-0.005,0.917,16.662352800369263,0.048,0.147,1.016,-0.031,-74.29320647552058
-0.018,1.092,16.66261649131775,0.055,-0.063,1.023,-0.556,-74.29320647552058
-0.009,0.112,17.31774616241455,0.034,0.392,1.009,-0.556,-74.29320647552058
-0.02,1.792,17.3200044631958,0.045,-0.273,1.015,-0.416,-74.20236851554675
-0.011,1.792,17.320399522781372,0.045,-0.273,1.015,-0.416,-74.20236851554675
-0.007,1.337,17.32067322731018,0.039,0.042,1.011,-0.556,-74.20236851554675
-0.015,0.777,17.320934295654297,0.044,-0.063,1.018,-0.486,-74.20236851554675
-0.024,1.442,17.321191549301147,0.022,0.322,1.008,-0.661,-74.20236851554675
-0.003,0.637,17.3214430809021,0.038,0.252,1.01,-0.556,-74.20236851554675
-0.007,0.847,17.32168745994568,0.042,0.287,1.006,-0.696,-74.20236851554675
-0.016,1.267,17.32196807861328,0.04,0.462,1.012,-0.451,-74.43523578280676
-0.013,1.547,17.322322607040405,0.038,-0.063,1.013,-0.346,-74.43523578280676
-0.012,1.197,17.32260012626648,0.033,0.217,1.015,-0.521,-74.43523578280676
-0.012,0.812,17.322867155075073,0.035,0.252,1.01,-0.556,-74.43523578280676
-0.011,0.812,17.93614673614502,0.039,0.182,1.007,-0.346,-74.43523578280676
-0.014,1.652,17.938453674316406,0.032,-0.798,1.011,-0.276,-73.91336349498754
-0.002,0.427,17.938809871673584,0.044,-0.063,1.015,-0.381,-73.91336349498754
-0.015,-1.113,17.939083099365234,0.033,1.197,1.011,-0.696,-73.91336349498754
-0.041,2.947,17.93933868408203,0.024,0.252,1.007,-0.101,-74.30978623793477
-0.003,0.847,17.939586877822876,0.071,-1.358,1.035,-1.011,-74.30978623793477
0.019,1.197,17.93982744216919,0.028,-0.378,1.024,-0.836,-74.30978623793477
-0.019,1.127,17.940064430236816,0.038,1.232,1.011,-0.031,-74.30978623793477
-0.039,-0.273,17.940300941467285,0.051,0.777,1.018,-0.696,-74.30978623793477
-0.003,2.702,17.940597772598267,0.031,-0.063,0.992,-0.556,-74.30978623793477
0.012,0.112,17.94094967842102,0.035,-0.063,1.009,-0.836,-74.30978623793477
-0.009,1.407,17.941659688949585,0.04,0.252,1.032,-0.661,-74.30978623793477
-0.015,1.127,18.532291650772095,0.012,1.127,1.009,0.039,-74.30978623793477
-0.012,2.597,18.534944534301758,0.043,0.497,1.011,-0.276,-74.74848321933096
-0.022,1.827,18.535392999649048,0.058,0.217,1.004,-0.346,-74.74848321933096
-0.024,1.897,18.53567600250244,0.03,-0.728,1.007,-0.241,-74.96830391476381
0.01,1.302,18.535921573638916,0.047,-0.763,1.015,-0.661,-74.96830391476381
-0.024,1.127,18.536159992218018,0.038,0.812,1.014,-0.136,-74.96830391476381
-0.032,1.057,18.53639507293701,0.047,0.497,1.017,-0.136,-74.96830391476381
-0.008,1.967,18.53662395477295,0.048,0.357,1.005,-0.871,-74.96830391476381
0.015,1.267,18.536914587020874,0.048,-0.098,1.02,-0.311,-74.96830391476381
-0.01,1.197,18.537216424942017,0.063,0.252,1.018,-0.486,-74.96830391476381
-0.019,0.882,18.537522792816162,0.015,0.847,1.019,-0.801,-74.96830391476381
-0.001,1.022,19.13010025024414,0.055,-0.693,1.011,-0.381,-74.96830391476381
-0.007,1.582,19.132506370544434,0.023,0.672,1.016,-0.416,-73.28301896556798
-0.025,-0.133,19.13317847251892,0.037,0.287,1.018,-0.486,-74.44783140449141
-0.006,0.217,19.133556365966797,0.038,-0.623,1.01,-0.626,-74.44783140449141
-0.012,-0.763,19.13385272026062,0.023,-0.553,1.001,-0.591,-74.44783140449141
-0.018,0.427,19.13413143157959,0.048,0.917,1.011,-0.591,-74.44783140449141
-0.023,1.267,19.134405374526978,0.045,0.357,1.018,-0.731,-74.44783140449141
-0.021,1.687,19.13467574119568,0.035,-0.343,1.001,-0.031,-74.44783140449141
-0.003,0.707,19.134969234466553,0.044,-0.483,1.009,-0.346,-74.44783140449141
-0.005,1.302,19.13523578643799,0.037,0.007,1.016,-0.416,-74.44783140449141
-0.015,1.092,19.135498762130737,0.034,0.322,1.011,-0.906,-74.44783140449141
-0.005,0.777,19.74795913696289,0.033,0.357,1.005,-0.416,-74.03484790772221
-0.022,0.987,19.75052547454834,0.034,0.672,1.007,-0.486,-72.97352182761962
-0.007,0.812,19.750993251800537,0.04,0.532,1.006,-0.486,-72.97352182761962
-0.002,1.862,19.751292943954468,0.031,-0.588,1.006,-0.836,-72.97352182761962
-0.015,0.707,19.75157380104065,0.04,-0.273,1.015,-0.171,-72.97352182761962
-0.0,1.652,19.751848459243774,0.022,-0.483,1.01,-0.486,-72.97352182761962
-0.0,0.952,19.75216007232666,0.022,0.322,1.019,-0.416,-72.97352182761962
-0.005,2.352,19.75244903564453,0.044,0.252,1.022,-0.241,-72.97352182761962
-0.006,2.387,19.75272274017334,0.015,-1.393,1.005,-0.136,-72.97352182761962
0.011,1.022,19.752989053726196,0.019,-1.428,1.019,-0.416,-73.2677993070552
0.007,1.792,19.753416299819946,0.062,-0.063,1.024,-0.486,-73.2677993070552
-0.016,2.072,20.380337476730347,0.053,0.777,1.03,-0.591,-73.2677993070552
-0.023,0.917,20.382719039916992,0.029,-0.203,1.004,-0.871,-73.95394303127699
-0.011,1.722,20.383145332336426,0.029,-1.358,0.997,-0.661,-73.95394303127699
0.008,-0.903,20.38341450691223,0.04,1.337,1.037,-0.731,-73.95394303127699
-0.027,1.512,20.38365650177002,0.04,0.777,1.032,0.739,-73.95394303127699
-0.024,0.392,20.383892059326172,0.052,-0.413,0.984,-0.801,-74.09361872890237
-0.003,0.672,20.384221076965332,0.03,-0.728,0.988,-0.976,-74.09361872890237
-0.005,1.757,20.38457226753235,0.032,-0.063,1.021,-0.486,-74.09361872890237
-0.034,0.742,20.384891510009766,0.043,0.357,1.031,0.144,-74.09361872890237
-0.022,0.602,20.38519597053528,0.033,-0.553,1.02,-0.591,-74.09361872890237
0.019,0.952,20.385515451431274,0.029,1.022,0.992,-0.836,-74.09361872890237
-0.03,0.987,20.385916471481323,0.054,0.952,1.022,-0.311,-74.09361872890237
-0.048,1.022,21.041544437408447,0.045,0.497,1.018,-0.696,-74.09361872890237
-0.008,1.617,21.043978214263916,0.034,0.672,1.012,-0.311,-74.06843430531455
-0.032,0.987,21.044545888900757,0.044,0.497,1.01,-0.451,-74.06843430531455
-0.014,0.707,21.04497241973877,0.046,-1.043,1.007,-0.486,-74.06843430531455
0.001,2.037,21.04537320137024,0.043,-0.623,1.02,0.039,-74.06843430531455
-0.02,1.442,21.04577350616455,0.042,0.812,1.007,-0.556,-74.06843430531455
-0.028,1.442,21.04610562324524,0.036,0.812,1.007,-0.556,-74.06843430531455
-0.015,1.652,21.04636788368225,0.03,-0.903,1.004,-0.346,-74.37261626087893
0.003,1.757,21.046621322631836,0.077,-0.693,1.024,-0.521,-74.37261626087893
0.013,4.557,21.046860694885254,0.015,0.077,1.014,0.109,-74.37261626087893
-0.009,-1.813,21.04709529876709,0.015,-0.623,1.005,-0.871,-74.37261626087893
-0.014,1.897,21.05306625366211,0.056,-0.798,1.013,-0.521,-74.37261626087893
-0.011,1.477,21.687219858169556,0.037,-0.168,0.997,-0.801,-74.37261626087893
-0.017,1.722,21.689443588256836,0.049,-0.273,1.023,-0.171,-73.19070537457709
-0.001,1.652,21.68980121612549,0.035,0.357,1.017,-0.241,-73.19070537457709
-0.014,0.847,21.690086126327515,0.027,0.217,1.012,-0.871,-73.19070537457709
-0.012,1.162,21.690356492996216,0.045,-0.133,1.013,-0.206,-73.19070537457709
-0.016,1.582,21.690618753433228,0.032,-0.448,1.012,-0.311,-73.19070537457709
-0.008,0.742,21.690879106521606,0.03,-0.063,1.012,-0.556,-73.19070537457709
-0.013,0.532,21.691136360168457,0.046,-0.098,1.025,-0.241,-73.19070537457709
-0.012,0.917,21.691394805908203,0.038,-0.028,1.011,-0.311,-73.19070537457709
-0.014,1.827,21.69165062904358,0.026,-0.168,1.009,-0.381,-73.19070537457709
-0.015,1.162,21.691907167434692,0.047,-0.413,1.011,-0.276,-73.19070537457709
-0.015,1.162,21.692734479904175,0.043,-0.413,1.011,-0.276,-73.86272343828215
-0.012,1.652,22.34060001373291,0.025,-0.273,1.011,-0.416,-73.86272343828215
-0.01,0.952,22.34297275543213,0.042,-0.203,1.016,-0.381,-73.38011006989444
-0.015,1.792,22.343355655670166,0.032,-0.168,1.007,-0.171,-73.38011006989444
-0.005,0.742,22.343717575073242,0.051,0.182,1.007,-0.451,-73.38011006989444
-0.018,1.512,22.34402346611023,0.032,-0.413,1.012,-0.381,-73.38011006989444
-0.012,0.042,22.344342947006226,0.035,-0.098,1.004,-0.486,-73.62754893973609
-0.006,1.687,22.344655513763428,0.037,-0.308,1.012,-0.311,-73.62754893973609
-0.014,0.777,22.34496831893921,0.043,0.042,1.014,-0.521,-73.62754893973609
-0.012,0.882,22.345272302627563,0.049,0.217,1.01,-0.696,-73.62754893973609
-0.012,1.162,22.345601320266724,0.026,0.007,1.004,-0.346,-73.62754893973609
-0.017,0.427,22.345918655395508,0.042,0.042,1.009,-0.591,-73.62754893973609
-0.015,1.547,22.346224069595337,0.045,0.357,1.011,-0.556,-73.62754893973609
-0.02,0.882,22.984050989151,0.044,-0.588,1.027,-0.241,-73.62754893973609
-0.011,-0.168,22.98645305633545,0.022,0.812,0.986,-0.801,-74.22136311259924
-0.013,1.582,22.98680830001831,0.026,0.112,0.996,-0.696,-74.22136311259924
-0.018,0.567,22.98707365989685,0.029,-0.483,0.993,-0.381,-74.22136311259924
0.004,0.077,22.987380266189575,0.029,-0.308,1.038,-0.521,-74.22136311259924
-0.015,0.812,22.9876389503479,0.017,0.252,1.03,0.109,-74.22136311259924
-0.014,0.392,22.987874031066895,0.043,0.847,0.983,-0.766,-74.22136311259924
-0.027,2.492,22.988105297088623,0.037,0.427,0.987,-0.556,-74.22136311259924
-0.006,0.252,22.988333463668823,0.03,-1.043,1.011,-0.626,-74.22136311259924
0.002,0.497,22.9885573387146,0.034,0.182,1.0,-0.101,-74.22136311259924
-0.013,1.267,22.988780975341797,0.05,0.742,1.021,0.074,-74.22136311259924
-0.023,0.322,22.993072271347046,0.017,0.812,0.987,-0.696,-74.48465166803634
-0.011,1.092,23.608839750289917,0.041,-0.553,1.004,-0.486,-74.48465166803634
-0.009,1.827,23.60953640937805,0.025,1.477,1.017,-0.241,-74.6418186611773
-0.044,0.707,23.61180877685547,0.049,1.302,1.027,-0.801,-74.6418186611773
-0.036,0.742,23.61215567588806,0.031,-0.133,0.976,-0.871,-74.6418186611773
0.032,0.637,23.612443923950195,0.05,-1.533,1.011,0.214,-74.6418186611773
-0.005,1.792,23.61271595954895,0.011,-0.448,1.012,-0.101,-74.83715055916737
-0.02,0.707,23.612982511520386,0.026,1.197,1.008,-1.011,-74.83715055916737
-0.021,0.707,23.613245487213135,0.067,0.182,1.012,-0.591,-74.83715055916737
-0.008,1.022,23.61353635787964,0.025,0.077,0.999,-0.416,-74.83715055916737
-0.03,1.932,23.61383366584778,0.022,-0.343,1.006,-0.276,-74.83715055916737
-0.008,-0.308,23.61409568786621,0.047,-0.938,1.019,-0.416,-74.83715055916737
0.01,1.862,23.61435341835022,0.015,-0.588,1.022,-0.661,-74.83715055916737
0.0,1.092,24.269692182540894,0.048,1.442,1.003,-0.066,-74.83715055916737
-0.009,1.127,24.272040605545044,0.029,-0.273,1.027,-0.171,-74.60192012547243
-0.01,0.672,24.27243947982788,0.044,0.252,1.008,-0.626,-74.60192012547243
-0.019,1.512,24.272737741470337,0.041,0.497,1.013,-0.556,-74.60192012547243
-0.021,0.147,24.273082733154297,0.036,-0.448,1.009,-0.346,-74.60192012547243
-0.003,2.037,24.273494720458984,0.031,-0.273,1.017,-0.311,-74.60192012547243
-0.012,0.147,24.27381157875061,0.029,-0.133,1.022,-0.661,-74.60192012547243
-0.019,0.602,24.27409052848816,0.043,0.707,1.005,-0.416,-74.47479005663382
-0.017,1.722,24.2743661403656,0.028,0.147,1.001,-0.941,-74.47479005663382
-0.015,0.357,24.274637937545776,0.057,0.077,1.019,-0.241,-74.47479005663382
-0.029,1.442,24.274901390075684,0.023,-0.063,1.01,-0.486,-74.47479005663382
-0.005,0.252,24.27558946609497,0.017,0.007,1.01,-0.696,-74.47479005663382
0.001,1.687,24.943896293640137,0.049,0.182,1.012,-0.416,-74.47479005663382
-0.012,1.477,24.94615936279297,0.03,-0.413,1.017,-0.311,-73.11527690512919
-0.012,1.547,24.946537017822266,0.03,-0.413,1.017,-0.031,-73.11527690512919
-0.02,0.497,24.946810245513916,0.038,0.217,1.008,-0.906,-73.11527690512919
-0.006,1.232,24.947059631347656,0.049,-0.133,1.011,-0.486,-73.11527690512919
-0.01,0.987,24.947349786758423,0.025,-0.168,1.02,-0.206,-73.11527690512919
-0.024,1.477,24.947698831558228,0.052,0.532,1.011,-0.556,-73.11527690512919
-0.021,0.707,24.948014974594116,0.042,-0.343,1.017,-0.451,-73.11527690512919
0.006,1.932,24.94834280014038,0.033,-0.203,0.999,-0.416,-73.11527690512919
-0.011,0.777,24.948681116104126,0.047,-0.238,1.027,-0.136,-73.4362200605623
-0.019,0.602,24.949026823043823,0.043,1.232,1.01,-0.521,-73.4362200605623
-0.04,2.107,24.949599981307983,0.045,-0.448,1.017,-0.311,-73.4362200605623
-0.009,0.602,25.6119282245636,0.029,-0.203,0.984,-0.556,-73.4362200605623
0.017,2.492,25.614278078079224,0.021,-0.378,1.022,-0.031,-75.19476471827943
-0.018,0.252,25.61482048034668,0.04,0.847,1.019,-0.381,-75.19476471827943
-0.041,3.192,25.615219354629517,0.015,-0.028,0.996,0.074,-75.19476471827943
-0.041,3.192,25.615538597106934,0.03,-0.028,0.996,0.074,-75.19476471827943
0.005,-0.378,25.615806102752686,0.053,-0.413,1.028,-1.116,-75.19476471827943
-0.01,0.217,25.616148233413696,0.017,-0.063,1.014,-0.276,-75.19476471827943
-0.01,0.217,25.616415977478027,0.017,-0.063,1.014,-0.416,-75.19476471827943
-0.006,0.357,25.616658926010132,0.028,0.707,0.987,-0.311,-75.19476471827943
-0.012,1.092,25.61689567565918,0.041,0.532,0.994,-0.661,-75.19476471827943
-0.025,1.547,25.617128610610962,0.023,-0.203,1.014,-0.521,-75.19476471827943
-0.013,0.917,25.6173894405365,0.047,-1.218,1.025,-0.696,-73.45587799346734
0.002,1.232,26.260135889053345,0.04,0.007,1.018,-0.066,-73.45587799346734
-0.003,0.987,26.262582540512085,0.07,-0.553,1.011,-0.346,-73.72330373871091
-0.001,1.267,26.263172149658203,0.023,-0.798,1.006,0.004,-73.72330373871091
-0.003,1.302,26.263553142547607,0.017,0.707,1.023,-0.556,-73.72330373871091
-0.01,1.407,26.263892650604248,0.049,-0.343,1.007,0.109,-74.55905779870425
-0.015,1.407,26.264228105545044,0.022,-0.343,1.0,0.109,-74.55905779870425
-0.012,1.372,26.264519929885864,0.037,-0.238,1.019,-0.626,-74.55905779870425
-0.009,1.477,26.264803647994995,0.03,-0.273,1.013,-0.416,-74.55905779870425
-0.009,1.477,26.26508140563965,0.038,-0.273,1.013,-0.416,-74.55905779870425
-0.017,1.442,26.265362977981567,0.042,-0.168,1.006,-0.451,-74.55905779870425
-0.013,1.057,26.265637636184692,0.034,0.602,1.004,-0.591,-74.55905779870425
-0.024,1.162,26.265973567962646,0.027,-0.378,1.004,-0.276,-74.55905779870425
-0.006,0.812,26.935399293899536,0.05,-0.343,1.019,-0.591,-74.55905779870425
-0.024,0.952,26.937746286392212,0.045,0.602,1.017,-0.556,-74.66767057182669
-0.002,1.127,26.938283920288086,0.034,-0.483,1.023,-0.556,-74.66767057182669
-0.01,1.057,26.938685417175293,0.039,-0.238,1.025,-0.381,-74.66767057182669
0.005,0.427,26.93903422355652,0.042,0.357,1.007,-0.241,-74.66767057182669
-0.022,1.547,26.939369916915894,0.034,0.462,1.006,-0.696,-74.41033690869175
0.002,1.512,26.939697742462158,0.045,-0.063,1.019,-0.451,-74.41033690869175
-0.017,1.267,26.940021514892578,0.036,-0.378,1.001,-0.101,-74.41033690869175
-0.004,0.847,26.9403395652771,0.031,0.007,1.008,-0.346,-74.41033690869175
-0.017,1.267,26.940656423568726,0.028,-0.238,1.014,-0.486,-74.41033690869175
-0.002,1.337,26.940972328186035,0.03,-0.658,1.008,-0.276,-74.41033690869175
-0.015,0.812,26.941834688186646,0.029,-0.028,0.996,-0.486,-74.41033690869175
-0.023,1.127,27.58733558654785,0.044,0.392,1.014,-0.171,-74.41033690869175
-0.023,0.392,27.587921142578125,0.04,0.112,1.006,-0.556,-74.31065753595733
-0.009,1.617,27.588239431381226,0.041,-0.798,1.015,-0.206,-74.31065753595733
-0.01,1.232,27.590139150619507,0.031,-0.203,1.017,-0.451,-74.31065753595733
-0.012,1.127,27.590407848358154,0.029,0.112,1.019,-0.451,-74.31065753595733
-0.01,0.427,27.590691328048706,0.038,0.707,1.01,-0.486,-74.31065753595733
-0.005,1.302,27.591057300567627,0.036,-0.063,1.0,-0.521,-74.31065753595733
-0.002,0.567,27.591336488723755,0.035,-0.273,1.004,-0.241,-74.31065753595733
-0.011,1.442,27.591581344604492,0.02,0.287,1.014,-0.486,-74.31065753595733
-0.013,1.547,27.59181499481201,0.052,0.217,1.021,-0.591,-73.69866408589426
-0.015,1.477,27.592047929763794,0.036,-0.413,0.999,-0.591,-73.69866408589426
-0.005,1.267,27.59371066093445,0.022,-0.168,0.994,-0.276,-73.69866408589426
-0.018,0.777,28.25472140312195,0.037,0.077,1.01,-0.696,-73.69866408589426
-0.001,1.722,28.257023334503174,0.022,0.007,1.005,-0.591,-73.77944577218283
-0.018,1.127,28.257363080978394,0.038,-0.868,1.014,-0.241,-73.77944577218283
-0.014,1.127,28.257644176483154,0.036,-0.833,1.027,-0.136,-73.77944577218283
-0.015,0.882,28.257951736450195,0.037,-0.238,1.017,-0.276,-73.77944577218283
-0.029,1.967,28.258309364318848,0.047,0.322,1.004,-0.591,-73.77944577218283
-0.017,1.477,28.258668661117554,0.039,-0.063,0.996,-0.696,-73.77944577218283
-0.009,1.022,28.259053468704224,0.043,-0.168,1.02,-0.521,-73.77944577218283
-0.026,0.357,28.259387969970703,0.013,-0.378,1.007,-0.171,-73.77944577218283
-0.014,1.757,28.259703397750854,0.048,0.217,1.016,-0.696,-73.77944577218283
-0.014,1.547,28.260127782821655,0.035,0.182,1.004,-0.066,-74.71440577490391
-0.025,1.267,28.870241165161133,0.021,-0.028,1.003,-0.731,-74.71440577490391
-0.007,1.127,28.872559785842896,0.034,-1.078,1.003,-0.031,-74.40447220457783
-0.008,1.442,28.87300181388855,0.037,-0.238,1.015,-0.346,-74.40447220457783
-0.017,0.427,28.873302221298218,0.018,0.742,1.022,-0.696,-74.40447220457783
-0.02,0.427,28.873600721359253,0.049,-0.798,1.005,-0.031,-74.40447220457783
-0.004,0.777,28.87387180328369,0.037,-0.623,0.996,-0.101,-74.40447220457783
-0.007,1.127,28.874136209487915,0.026,-0.553,1.014,-0.451,-74.40447220457783
-0.007,0.917,28.87439489364624,0.049,0.427,1.029,-0.836,-73.40690897854952
-0.019,1.512,28.874654293060303,0.033,-0.308,1.01,-0.136,-73.40690897854952
-0.001,-0.308,28.874911308288574,0.036,0.602,1.01,-0.766,-73.40690897854952
-0.018,2.072,28.875166416168213,0.035,0.427,1.008,-0.591,-73.40690897854952
-0.032,-0.238,29.478979110717773,0.045,-0.133,1.008,-0.346,-73.40690897854952
0.012,0.182,29.481138229370117,0.046,0.427,0.997,-0.731,-74.159531192452
0.012,-0.693,29.481481075286865,0.029,-0.483,1.028,-0.661,-74.159531192452
0.001,2.177,29.48183012008667,0.033,1.267,1.018,0.039,-74.159531192452
-0.023,1.197,29.482127904891968,0.027,0.602,1.018,-0.836,-74.159531192452
-0.003,0.917,29.482402563095093,0.038,-1.183,1.012,-0.486,-74.159531192452
0.007,0.987,29.482673406600952,0.036,-0.623,1.008,-0.206,-74.28952470772042
-0.006,1.687,29.482950925827026,0.027,0.602,1.024,-0.626,-74.28952470772042
-0.023,0.812,29.48322868347168,0.053,0.252,1.019,-0.241,-74.28952470772042
-0.024,1.302,29.48351001739502,0.046,0.217,1.001,-0.241,-74.28952470772042
-0.005,0.917,29.483790636062622,0.018,-0.028,1.007,-0.451,-74.28952470772042
-0.019,1.617,29.48405933380127,0.025,-0.133,1.018,-0.801,-74.28952470772042
-0.018,0.252,30.13463044166565,0.051,0.042,1.026,-0.451,-74.28952470772042
-0.001,0.952,30.13547968864441,0.046,-1.043,0.984,-0.941,-74.74137332048711
0.0,1.757,30.13766598701477,0.048,-1.428,1.022,-0.591,-74.74137332048711
-0.008,2.282,30.138006925582886,0.024,0.322,1.04,0.004,-74.74137332048711
-0.015,0.462,30.138421535491943,0.032,0.532,0.993,-0.171,-74.74137332048711
-0.019,1.687,30.138785362243652,0.02,0.322,0.986,-1.081,-74.74137332048711
-0.005,1.582,30.1391384601593,0.018,-0.868,1.009,-0.591,-74.74137332048711
-0.017,-0.693,30.139492511749268,0.022,-0.728,1.029,-0.521,-74.74137332048711
0.006,1.862,30.139833450317383,0.05,0.987,1.063,-0.451,-73.70177124173429
-0.045,0.077,30.14018726348877,0.022,0.707,0.986,-0.031,-73.70177124173429
-0.008,1.862,30.140546560287476,0.059,-0.273,0.97,-0.941,-73.70177124173429
-0.01,0.497,30.144205331802368,0.027,-0.903,1.018,-1.011,-73.70177124173429
0.001,2.107,30.76510214805603,0.04,-0.413,1.044,0.039,-73.70177124173429
-0.014,0.497,30.767502069473267,0.02,-0.378,1.007,-0.801,-74.75904764095151
-0.009,1.477,30.768096685409546,0.036,-0.728,1.001,-0.276,-74.75904764095151
-0.024,0.357,30.76848006248474,0.029,0.707,1.009,-0.521,-74.75904764095151
-0.021,0.252,30.768831491470337,0.051,-0.413,1.02,-0.311,-73.9247883919254
-0.011,1.197,30.7691752910614,0.038,0.252,1.02,-0.591,-73.9247883919254
-0.006,1.582,30.769525051116943,0.043,-0.203,1.012,-0.521,-73.9247883919254
-0.011,1.512,30.769866704940796,0.04,-0.063,1.011,-0.556,-73.9247883919254
-0.015,0.077,30.770188093185425,0.017,0.077,1.013,-0.731,-73.9247883919254
-0.009,2.002,30.77050805091858,0.045,0.007,1.017,-0.521,-73.9247883919254
-0.019,1.197,30.770835876464844,0.043,-0.133,1.011,-0.311,-73.9247883919254
-0.017,1.197,30.77185368537903,0.032,-0.133,1.012,-0.381,-73.9247883919254
-0.005,2.142,31.38729166984558,0.047,-0.098,1.011,-0.031,-73.9247883919254
-0.025,0.567,31.389697790145874,0.034,0.077,1.013,0.004,-73.83745072598917
-0.029,1.967,31.390169143676758,0.048,-0.308,1.019,-0.626,-73.83745072598917
-0.012,0.847,31.39047622680664,0.039,0.007,1.006,-0.451,-73.83745072598917
-0.017,1.722,31.390751361846924,0.04,0.217,1.016,-0.416,-73.83745072598917
-0.019,0.637,31.391014337539673,0.029,-0.273,1.012,-0.626,-73.83745072598917
-0.001,0.847,31.39126944541931,0.04,-0.168,1.013,-0.171,-73.83745072598917
-0.013,0.917,31.391537189483643,0.03,-0.063,1.005,-0.626,-73.83745072598917
-0.015,1.477,31.391808032989502,0.043,0.077,1.017,-0.871,-73.83745072598917
-0.016,0.462,31.392119884490967,0.045,-0.028,1.02,-0.346,-73.83745072598917
-0.008,0.847,31.392411947250366,0.025,0.287,1.01,-0.416,-73.9126214895902
-0.012,0.847,31.392672300338745,0.053,0.182,1.013,-0.871,-73.9126214895902
-0.01,1.057,32.05482864379883,0.045,-0.168,1.011,-0.381,-73.9126214895902
-0.011,1.862,32.05547118186951,0.044,0.112,1.017,-0.486,-73.60027857630519
-0.011,1.337,32.05790710449219,0.036,-0.203,1.01,-0.521,-74.09733449898555
-0.009,0.847,32.05836224555969,0.03,-0.203,1.012,-0.346,-74.09733449898555
-0.003,1.512,32.05873513221741,0.043,-0.203,1.008,-0.206,-74.09733449898555
-0.014,0.882,32.05915021896362,0.029,0.357,1.003,-0.661,-74.09733449898555
-0.017,1.092,32.05950975418091,0.035,-0.168,1.018,-0.381,-74.09733449898555
-0.014,0.952,32.05986666679382,0.043,-0.098,1.002,-0.521,-74.09733449898555
-0.015,1.267,32.060224294662476,0.035,-0.098,1.01,-0.171,-74.09733449898555
-0.017,1.162,32.06054401397705,0.055,0.392,1.008,-0.311,-74.09733449898555
-0.011,0.917,32.06086730957031,0.048,-0.063,1.014,-0.591,-74.09733449898555
-0.012,0.812,32.69639253616333,0.034,-0.098,1.009,-0.346,-74.39304916288113
0.019,1.267,32.698683977127075,0.045,-0.798,1.024,-0.801,-73.7833968729419
-0.025,2.177,32.69908046722412,0.052,1.582,1.017,0.144,-73.7833968729419
-0.027,0.532,32.699395179748535,0.039,0.777,1.009,-0.381,-73.7833968729419
-0.017,0.952,32.69969606399536,0.024,0.077,0.999,-1.011,-73.7833968729419
-0.0,0.952,32.699989795684814,0.046,-0.798,1.005,-0.416,-73.7833968729419
-0.011,0.077,32.70028781890869,0.042,-0.028,1.027,-0.591,-73.7833968729419
-0.003,2.562,32.700581312179565,0.042,0.462,1.014,0.144,-74.24984304839542
-0.012,1.792,32.70087289810181,0.052,-0.133,1.006,0.039,-74.24984304839542
-0.018,0.532,32.701167345047,0.032,1.127,0.993,-1.116,-74.24984304839542
-0.021,0.497,32.70151996612549,0.022,-1.148,1.013,-0.381,-74.24984304839542
-0.006,0.987,32.70256757736206,0.065,-1.008,1.033,-0.626,-74.24984304839542
-0.0,1.127,33.33938980102539,0.022,0.042,1.026,-0.416,-74.24984304839542
-0.026,1.932,33.34158253669739,0.013,0.882,1.014,0.039,-74.58860755238969
-0.017,1.477,33.34203886985779,0.054,-0.238,1.006,-0.101,-74.58860755238969
0.003,0.357,33.342390298843384,0.024,-0.378,0.994,-0.871,-74.58860755238969
-0.02,0.812,33.3427255153656,0.038,0.182,1.026,-0.136,-74.58860755238969
-0.042,0.987,33.34305191040039,0.038,0.007,1.027,-0.101,-74.58860755238969
-0.002,0.882,33.3433780670166,0.032,-0.448,0.996,-0.696,-74.58860755238969
-0.015,1.617,33.34369707107544,0.042,0.777,1.002,-0.276,-74.58860755238969
-0.027,1.057,33.344013929367065,0.034,0.812,1.005,-0.381,-74.58860755238969
-0.027,1.792,33.34432935714722,0.043,-0.518,1.027,-0.836,-74.58860755238969
0.008,1.302,33.344642639160156,0.043,-0.728,1.011,0.214,-74.58860755238969
0.007,1.827,33.345093965530396,0.022,0.707,0.998,-0.101,-75.18734525793653
-0.032,0.882,33.971882820129395,0.053,0.637,1.007,-1.011,-75.18734525793653
-0.009,1.127,33.97245264053345,0.017,-0.203,1.007,-0.626,-74.39480960726881
-0.007,0.917,33.974753618240356,0.061,0.217,1.014,-0.696,-74.39480960726881
-0.021,0.882,33.975159883499146,0.049,0.217,1.006,-0.556,-74.39480960726881
-0.018,1.652,33.9755072593689,0.019,-0.938,1.013,-0.311,-74.39480960726881
0.006,-0.168,33.97584509849548,0.05,0.532,1.006,-0.661,-74.39480960726881
-0.026,2.107,33.97617030143738,0.018,0.007,1.013,-0.766,-75.05680110900488
-0.009,0.252,33.97649884223938,0.056,0.427,1.007,-1.116,-75.05680110900488
-0.016,1.617,33.97690534591675,0.033,0.042,1.002,-0.171,-75.05680110900488
-0.009,0.252,33.977293252944946,0.031,-0.238,1.008,-0.311,-75.05680110900488
-0.009,0.952,33.977622270584106,0.028,-0.168,1.015,-0.521,-75.05680110900488
-0.014,0.602,34.60657048225403,0.041,0.427,1.01,-0.731,-75.05680110900488
-0.029,0.567,34.60883450508118,0.039,-0.483,1.016,-0.311,-73.38011006989444
-0.039,1.337,34.609325647354126,0.035,-0.343,1.027,-1.116,-74.46395215660992
-0.008,0.112,34.60971665382385,0.024,-0.028,1.01,-0.381,-74.46395215660992
-0.017,1.127,34.61004161834717,0.039,0.532,1.019,-0.346,-74.46395215660992
-0.018,0.917,34.610361099243164,0.013,-0.378,1.005,-0.311,-74.46395215660992
-0.001,1.617,34.6106390953064,0.041,-0.063,1.013,-0.696,-74.46395215660992
-0.031,1.197,34.61090540885925,0.054,0.077,1.017,-0.206,-74.46395215660992
-0.031,0.707,34.61117601394653,0.054,0.252,1.017,-0.101,-74.46395215660992
-0.013,1.967,34.611438274383545,0.026,-0.518,1.024,-0.556,-74.46395215660992
-0.011,0.987,34.61170244216919,0.027,0.077,1.006,-0.311,-74.46395215660992
-0.014,0.777,34.612898111343384,0.027,0.532,1.001,-0.556,-74.75719578158763
-0.015,1.372,35.277424573898315,0.018,-0.413,1.012,-0.241,-74.75719578158763
-0.038,0.147,35.27979922294617,0.029,0.252,0.979,-0.521,-75.8040891804842
-0.005,1.792,35.28024888038635,0.03,-1.148,0.992,-1.046,-75.8040891804842
0.008,0.217,35.280637979507446,0.046,0.077,1.058,-0.591,-74.25289780781482
-0.012,-0.063,35.28101181983948,0.028,1.687,1.032,-0.521,-74.25289780781482
-0.009,0.392,35.28138303756714,0.037,0.987,0.98,-0.626,-74.25289780781482
-0.019,1.547,35.28173542022705,0.058,-0.343,1.006,-0.591,-74.25289780781482
-0.009,1.547,35.2820999622345,0.031,-0.343,1.006,-0.556,-74.25289780781482
-0.006,1.862,35.28256034851074,0.009,0.812,1.039,-0.276,-74.25289780781482
-0.051,0.077,35.2830548286438,0.033,-1.043,1.005,-0.661,-74.25289780781482
0.017,0.077,35.283477544784546,-0.001,-1.043,0.972,-1.116,-74.25289780781482
-0.014,0.217,35.28388452529907,0.039,0.847,1.015,-0.346,-74.25289780781482
-0.046,2.877,35.91666913032532,-0.011,0.182,0.998,0.039,-73.901407192729
-0.026,2.667,35.919127225875854,0.023,0.147,1.021,0.214,-75.045938902276
-0.037,0.637,35.919615745544434,0.042,-0.098,1.012,-0.871,-75.045938902276
-0.015,0.707,35.919981718063354,0.05,-0.308,1.006,-0.346,-75.045938902276
0.009,1.687,35.92033386230469,0.01,-0.203,1.004,-0.661,-75.045938902276
-0.03,0.777,35.92066478729248,0.047,0.462,1.012,-0.486,-75.045938902276
-0.025,1.197,35.92098426818848,0.015,-0.028,0.998,-0.276,-75.045938902276
0.015,0.007,35.92129611968994,-0.008,-0.938,0.996,-0.206,-75.045938902276
-0.012,0.847,35.92161178588867,0.025,1.232,1.0,-0.591,-74.85878206859124
-0.037,2.247,35.92194604873657,0.05,-0.028,1.02,-0.871,-74.85878206859124
-0.017,-0.028,35.922263860702515,0.034,-0.553,1.004,-0.136,-74.85878206859124
0.009,1.407,35.92257308959961,0.033,-0.588,1.019,-0.451,-74.85878206859124
-0.006,1.162,36.55778455734253,0.037,0.637,0.998,-0.276,-74.85878206859124
0.013,0.917,36.55839824676514,0.047,1.057,1.016,-0.416,-73.34770026964586
0.0,1.302,36.560420751571655,0.041,0.392,1.009,-0.626,-73.61849924449187
-0.013,1.722,36.56072759628296,0.035,0.252,1.009,-0.206,-73.61849924449187
-0.016,0.742,36.56100559234619,0.034,-0.168,1.015,-0.451,-73.61849924449187
-0.015,0.672,36.561338663101196,0.032,-0.063,0.997,-0.311,-73.61849924449187
-0.024,0.182,36.56163501739502,0.036,-0.098,1.007,-0.311,-73.61849924449187
-0.004,0.812,36.56192755699158,0.056,-0.448,1.021,-0.871,-73.61849924449187
-0.022,-0.098,36.562225580215454,0.038,0.427,1.008,-0.486,-73.61849924449187
-0.022,1.617,36.56250739097595,0.023,-0.518,0.994,-0.311,-73.61849924449187
0.005,0.287,36.562864542007446,0.043,-0.063,1.02,-0.346,-73.61849924449187
-0.013,1.512,36.56315779685974,0.042,0.462,1.022,-0.416,-73.61849924449187
-0.022,0.357,37.2147650718689,0.018,-0.238,0.998,-0.766,-74.67554396147243
-0.011,0.777,37.21738147735596,0.036,-0.028,1.009,-0.591,-73.03418364088778
-0.023,0.007,37.21792221069336,0.033,-0.203,1.009,-0.556,-73.03418364088778
-0.007,1.232,37.21831250190735,0.051,-0.203,1.019,-0.626,-73.03418364088778
-0.004,1.092,37.21865797042847,0.045,-0.448,1.017,-0.276,-73.03418364088778
-0.007,1.232,37.21904945373535,0.032,0.182,1.008,-0.241,-73.95152919486183
-0.015,0.637,37.21940207481384,0.043,0.497,1.014,-0.801,-73.95152919486183
-0.028,0.952,37.21967267990112,0.044,-0.378,1.017,-0.346,-73.95152919486183
-0.003,0.952,37.21992349624634,0.028,-0.448,1.003,-0.381,-73.95152919486183
-0.006,0.637,37.22025513648987,0.036,0.217,1.014,-0.276,-73.95152919486183
-0.013,0.987,37.2205536365509,0.05,0.532,1.023,-0.661,-73.95152919486183
-0.016,1.022,37.22314691543579,0.037,-0.063,1.011,-0.381,-73.95152919486183
-0.003,1.162,37.87143111228943,0.035,-0.203,1.006,-0.521,-73.95152919486183
0.0,0.532,37.873650789260864,0.037,0.217,1.009,-0.381,-74.46719794839953
-0.019,1.477,37.874064207077026,0.037,0.777,0.999,-0.556,-74.46719794839953
-0.024,1.232,37.87435340881348,0.045,-1.043,1.0,-0.416,-74.46719794839953
-0.008,1.372,37.874632835388184,0.028,-1.008,1.019,-0.661,-74.46719794839953
0.007,1.477,37.874886989593506,0.038,0.392,1.024,0.004,-74.46719794839953
-0.018,1.512,37.87512183189392,0.034,0.777,1.0,-0.101,-74.46719794839953
-0.026,0.672,37.87535071372986,0.028,-0.483,0.995,-0.976,-74.46719794839953
0.003,0.567,37.8755784034729,0.053,-0.343,1.015,-0.836,-74.42906272182772
-0.016,0.777,37.87580418586731,0.013,0.497,1.017,-0.346,-75.2751504019268
-0.032,1.162,37.876060009002686,0.027,0.147,1.02,-0.276,-75.2751504019268
-0.01,-0.098,37.876298904418945,0.041,-0.588,1.001,-0.276,-75.2751504019268
0.008,2.002,38.50776410102844,0.037,0.427,0.995,-0.871,-75.2751504019268
-0.023,0.952,38.51001000404358,0.041,0.532,1.001,-0.626,-74.65705828247052
-0.019,1.267,38.51051878929138,0.036,-0.028,1.006,-0.696,-74.65705828247052
-0.004,0.812,38.51087784767151,0.043,0.077,1.015,0.004,-74.13797973800455
-0.011,1.407,38.511215925216675,0.035,-0.203,1.012,-0.591,-74.13797973800455
-0.024,1.232,38.511547327041626,0.038,-0.238,1.018,-0.311,-74.13797973800455
-0.012,0.812,38.511871576309204,0.044,0.217,1.009,-0.626,-74.13797973800455
0.001,1.687,38.512189865112305,0.031,-0.063,1.005,-0.486,-74.13797973800455
-0.026,0.287,38.51250720024109,0.044,0.462,1.012,-0.311,-74.13797973800455
-0.022,0.637,38.51282215118408,0.042,0.077,1.017,-0.626,-74.13797973800455
-0.004,1.197,38.51313495635986,0.024,-0.693,1.005,-0.486,-74.13797973800455
-0.014,0.567,38.51785755157471,0.049,0.672,1.02,-0.696,-74.13797973800455
-0.027,0.602,39.215718507766724,0.035,0.532,1.012,-0.486,-74.13797973800455
-0.014,0.952,39.218085050582886,0.038,-0.308,1.0,-0.451,-74.11918326063534
-0.009,0.322,39.21853303909302,0.038,-0.798,1.006,0.074,-74.11918326063534
-0.007,1.687,39.218921422958374,0.028,0.042,1.02,-0.486,-74.11918326063534
-0.02,1.547,39.21930265426636,0.06,0.217,1.02,-0.871,-74.11918326063534
-0.006,-0.343,39.219618797302246,0.032,0.252,1.009,-0.346,-74.11918326063534
-0.003,1.127,39.219998359680176,0.035,0.042,0.998,-0.381,-74.11918326063534
-0.021,0.602,39.22041344642639,0.049,-1.148,1.025,-0.451,-74.11918326063534
-0.01,1.127,39.22076487541199,0.039,1.302,1.022,-0.416,-74.11918326063534
-0.023,0.462,39.22114276885986,0.032,0.602,1.012,-0.731,-74.11918326063534
-0.013,1.337,39.22152543067932,0.048,-0.798,1.007,0.039,-74.11918326063534
-0.011,1.127,39.22272229194641,0.024,-0.238,1.01,-0.311,-74.1104261581032
-0.009,0.532,39.94458198547363,0.055,-0.658,1.021,-0.801,-74.1104261581032
0.027,2.247,39.94687080383301,0.002,-1.463,1.036,-0.311,-73.8101672925788
0.015,1.127,39.94723153114319,0.081,0.462,1.046,-0.521,-73.8101672925788
-0.02,-0.168,39.947516679763794,0.055,1.092,1.006,0.074,-73.8101672925788
-0.026,2.807,39.94778490066528,0.018,0.252,0.973,-0.136,-73.8101672925788
-0.006,-0.308,39.94805431365967,0.061,-0.903,1.006,-1.186,-73.8101672925788
0.0,2.037,39.948336124420166,0.0,-0.833,1.032,-0.381,-73.28143237814736
0.005,2.002,39.94862198829651,0.056,0.357,1.03,0.004,-73.28143237814736
-0.031,0.672,39.948883056640625,0.032,1.372,0.993,-0.416,-73.28143237814736
-0.049,1.127,39.94916486740112,0.046,0.707,0.991,-0.346,-73.28143237814736
-0.02,0.707,39.949552059173584,0.055,-1.148,0.997,-0.766,-73.28143237814736
0.007,0.602,40.669883251190186,0.034,-0.693,1.032,-0.346,-73.28143237814736
-0.018,1.477,40.67068576812744,0.049,0.252,1.009,-0.626,-74.54830581485187
-0.014,0.847,40.67295718193054,0.027,-0.518,1.015,-0.381,-74.54830581485187
-0.008,0.007,40.6732976436615,0.042,-0.203,1.013,-0.731,-74.61099204186696
-0.01,1.092,40.67371606826782,0.043,0.112,1.006,-0.381,-74.61099204186696
-0.025,1.022,40.674116134643555,0.033,0.497,1.007,-0.416,-74.61099204186696
-0.005,0.847,40.674492835998535,0.05,0.112,1.009,-0.521,-74.61099204186696
-0.001,0.497,40.67486023902893,0.038,-0.658,1.01,-0.556,-74.61099204186696
-0.009,1.722,40.67521262168884,0.026,0.287,1.003,-0.556,-74.61099204186696
-0.019,0.987,40.67562770843506,0.039,0.427,1.003,-0.416,-74.61099204186696
-0.021,1.582,40.67605233192444,0.049,-0.098,1.009,-0.241,-74.61099204186696
-0.008,1.407,41.38403248786926,0.018,-0.658,1.006,-0.416,-74.61099204186696
-0.009,1.652,41.386306285858154,0.025,-0.203,1.009,-0.591,-73.66497734638668
-0.028,0.497,41.38673424720764,0.058,0.182,1.011,-0.451,-73.66497734638668
-0.013,1.792,41.3870952129364,0.032,-0.448,1.005,-0.661,-73.66497734638668
-0.03,0.567,41.38742280006409,0.03,-0.238,1.006,-0.206,-73.66497734638668
-0.012,0.567,41.38774561882019,0.046,-0.273,1.007,-0.801,-73.66497734638668
-0.02,1.617,41.38806962966919,0.021,-0.658,1.006,-0.941,-73.66497734638668
-0.016,1.162,41.3883843421936,0.05,-0.063,1.014,0.074,-73.66497734638668
-0.025,0.462,41.38870573043823,0.014,0.427,1.001,-0.836,-74.071218794715
-0.012,0.987,41.389037132263184,0.014,-0.133,1.003,-0.521,-74.071218794715
-0.011,0.392,41.3893723487854,0.06,0.217,1.011,-0.451,-74.071218794715
-0.01,1.022,42.11028838157654,0.028,0.042,1.014,-0.346,-74.071218794715
-0.017,1.372,42.112850189208984,0.047,-0.028,1.007,-0.416,-74.64832149528974
-0.013,0.147,42.113263845443726,0.024,0.322,1.015,-0.661,-74.64832149528974
-0.01,2.177,42.11369276046753,0.022,-0.553,1.013,-0.311,-74.64832149528974
-0.019,1.092,42.113959312438965,0.046,-0.238,1.008,-0.346,-74.64832149528974
-0.009,1.162,42.11420488357544,0.041,-0.378,1.017,-0.241,-74.65876006736097
-0.009,1.582,42.11448812484741,0.023,-0.133,1.011,-0.416,-74.65876006736097
-0.01,1.092,42.11478567123413,0.039,0.112,1.014,-0.486,-74.65876006736097
-0.01,0.952,42.115074634552,0.022,0.007,1.001,-0.731,-74.65876006736097
-0.01,1.057,42.115376234054565,0.022,-0.378,1.005,-0.381,-74.65876006736097
-0.01,0.322,42.115673542022705,0.048,0.147,1.015,-0.486,-74.65876006736097
-0.01,-0.063,42.119614601135254,0.024,0.987,1.007,-0.731,-74.65876006736097
-0.015,0.357,42.862133741378784,0.024,0.182,1.012,-0.591,-74.65876006736097
0.009,1.932,42.86448407173157,0.03,-0.413,0.987,-0.591,-73.87956087064182
-0.006,0.392,42.864882946014404,0.036,0.322,1.029,-0.416,-73.87956087064182
-0.007,1.267,42.865164041519165,0.04,0.042,1.025,0.109,-73.87956087064182
-0.022,1.722,42.865450620651245,0.018,0.532,0.972,-0.626,-73.87956087064182
-0.013,1.162,42.865710496902466,0.04,-1.183,0.999,-0.136,-73.87956087064182
-0.005,1.442,42.86595702171326,0.046,0.042,1.009,-1.046,-73.87956087064182
-0.0,1.652,42.866199016571045,0.017,-0.168,1.025,-0.346,-73.87956087064182
-0.017,0.602,42.86643934249878,0.04,0.847,1.03,-0.101,-74.19489023839029
-0.022,1.337,42.86668300628662,0.015,0.007,0.992,-0.381,-74.19489023839029
-0.001,1.407,42.8669548034668,0.015,-0.903,0.98,-0.136,-74.19489023839029
0.001,0.882,43.57899475097656,0.045,0.182,1.019,-1.046,-74.19489023839029
-0.019,0.182,43.58151340484619,0.058,0.497,0.997,-0.836,-74.36406469323258
0.004,2.072,43.582032680511475,0.019,-0.868,0.99,0.074,-74.36406469323258
0.01,-0.483,43.58234739303589,0.035,0.637,1.025,-0.591,-74.36406469323258
-0.037,1.442,43.58262252807617,0.036,0.112,1.003,-0.906,-74.36406469323258
-0.037,0.777,43.582873582839966,0.036,-0.098,0.972,-0.486,-73.61728248729364
-0.004,0.322,43.583120822906494,0.044,-1.043,1.008,0.179,-73.61728248729364
-0.006,1.302,43.58336138725281,0.033,-0.063,1.01,-0.801,-73.61728248729364
-0.026,0.287,43.58360004425049,0.025,0.427,1.01,-0.941,-73.61728248729364
-0.012,1.512,43.58383512496948,0.049,-0.553,1.011,0.074,-73.61728248729364
-0.019,1.477,43.584070682525635,0.029,0.462,1.003,-0.451,-73.61728248729364
-0.021,1.092,43.58839559555054,0.029,0.497,1.008,-0.381,-73.61728248729364
0.002,0.532,44.28728222846985,0.03,-0.588,1.014,-0.626,-73.61728248729364
-0.009,1.792,44.28940439224243,0.046,-0.273,1.012,-0.206,-73.66827805895458
-0.004,0.672,44.28974366188049,0.029,-0.378,1.013,-0.591,-73.66827805895458
-0.026,1.127,44.290008783340454,0.048,0.077,1.023,0.004,-73.57964996494856
-0.014,0.532,44.290260791778564,0.035,0.077,1.015,-0.976,-73.57964996494856
0.006,1.512,44.2905011177063,0.057,0.847,1.007,-0.311,-73.57964996494856
-0.018,0.252,44.29080271720886,0.051,0.497,1.01,-0.241,-73.57964996494856
-0.027,1.302,44.29112505912781,0.034,-1.078,1.012,-0.031,-73.57964996494856
-0.009,1.757,44.291483879089355,0.031,-0.868,1.01,-0.451,-73.57964996494856
-0.009,1.197,44.29176950454712,0.031,-0.868,1.01,-0.591,-73.57964996494856
-0.023,0.532,44.292009353637695,0.045,0.672,1.006,-0.521,-73.57964996494856
-0.021,0.497,45.00047707557678,0.019,-0.448,1.01,-0.626,-73.57964996494856
-0.022,1.162,45.00286245346069,0.048,-0.273,0.978,-0.626,-74.27676576007896
0.003,1.617,45.00331449508667,0.028,-10.178,1.012,-0.731,-74.27676576007896
0.012,0.567,45.00364422798157,0.059,-0.833,1.049,-0.101,-74.27676576007896
-0.024,1.827,45.003958225250244,0.055,0.882,1.028,-0.206,-74.27676576007896
-0.028,1.092,45.004255294799805,0.028,-1.148,0.975,-0.556,-74.27676576007896
-0.006,0.952,45.00455331802368,0.048,-0.448,1.023,-0.906,-74.27676576007896
-0.006,-0.028,45.00484609603882,0.048,-0.448,1.023,-0.766,-74.27676576007896
-0.036,0.882,45.005138874053955,0.017,1.022,1.028,0.214,-74.27676576007896
-0.015,0.532,45.00544452667236,0.014,0.182,1.006,-0.451,-74.27676576007896
0.002,0.707,45.00574994087219,0.027,-0.273,0.968,-0.941,-74.0102468005307
0.007,2.177,45.00603914260864,0.046,-0.833,1.023,-0.731,-74.0102468005307
-0.022,0.707,45.719435691833496,0.034,-0.343,1.022,-0.381,-74.0102468005307
-0.001,1.197,45.72167706489563,0.034,0.497,1.017,-0.276,-73.44397556242878
-0.022,0.987,45.72219777107239,0.028,0.707,1.019,-0.661,-73.44397556242878
-0.003,0.182,45.72258639335632,0.034,-0.343,0.998,-0.206,-73.44397556242878
0.001,1.232,45.722952365875244,0.025,-0.518,1.008,-0.416,-73.44397556242878
-0.001,1.897,45.72333812713623,0.027,0.007,1.012,-0.626,-73.44397556242878
-0.032,1.512,45.723735332489014,0.05,0.287,1.025,-0.556,-73.44397556242878
-0.01,1.267,45.724098443984985,0.039,-0.658,1.01,-0.101,-74.60900788580267
0.003,1.022,45.72444772720337,0.044,-0.203,1.02,-0.451,-74.60900788580267
-0.024,1.022,45.72478699684143,0.032,0.777,1.012,-0.556,-74.60900788580267
-0.024,1.022,45.72514367103577,0.032,0.777,1.012,-0.381,-74.60900788580267
-0.006,0.567,45.725449562072754,0.038,0.322,0.997,-0.661,-74.60900788580267
0.003,1.232,46.450294733047485,0.034,-0.728,1.015,-0.486,-74.60900788580267
0.0,1.757,46.45300221443176,0.037,0.217,1.009,-0.416,-74.3482522804529
-0.014,0.007,46.45353055000305,0.039,0.602,1.006,-0.626,-73.95763357836898
-0.015,1.197,46.45390558242798,0.034,-0.133,1.007,-0.521,-73.95763357836898
-0.009,0.357,46.4542133808136,0.042,0.077,1.015,-0.241,-73.95763357836898
-0.007,1.757,46.45448136329651,0.04,0.042,1.005,-0.626,-73.95763357836898
-0.015,0.532,46.45473623275757,0.027,-0.063,1.003,-0.591,-73.95763357836898
-0.013,0.952,46.454983711242676,0.042,0.007,1.021,-0.171,-73.95763357836898
-0.017,0.917,46.455228328704834,0.031,-0.623,1.01,-0.241,-73.95763357836898
-0.015,0.917,46.455474853515625,0.032,-0.623,1.01,-0.241,-73.95763357836898
-0.005,0.707,46.455729722976685,0.041,0.007,1.013,-0.976,-73.95763357836898
-0.015,0.287,46.45988631248474,0.05,0.812,1.012,-0.416,-74.6513847724558
-0.015,0.847,47.15756702423096,0.05,0.812,1.012,-0.276,-74.6513847724558
-0.019,1.477,47.15981841087341,0.03,-0.623,1.008,-0.521,-75.11049920734344
0.004,1.302,47.16020917892456,0.017,-0.658,1.005,-0.661,-75.11049920734344
-0.027,1.127,47.16053080558777,0.032,0.217,1.014,0.004,-75.11049920734344
-0.032,1.792,47.160852909088135,0.044,0.357,1.015,-0.136,-75.11049920734344
-0.006,0.812,47.16114902496338,0.031,-0.588,1.008,-0.556,-75.11049920734344
-0.011,0.567,47.161452531814575,0.029,0.287,1.01,-0.731,-75.11049920734344
-0.031,0.567,47.1617534160614,0.03,0.287,1.019,-0.731,-75.11049920734344
-0.01,1.232,47.162049293518066,0.032,-0.203,1.009,-0.346,-75.11049920734344
-0.007,0.427,47.16235280036926,0.042,0.497,1.002,-0.766,-74.07686353055752
-0.007,0.427,47.162649154663086,0.042,0.497,1.002,-0.766,-74.07686353055752
-0.012,0.532,47.89215898513794,0.025,-0.028,1.009,-0.381,-74.07686353055752
-0.018,0.707,47.89455533027649,0.05,-0.623,1.017,-0.486,-73.63201948137265
-0.027,0.707,47.89494562149048,0.044,-0.623,1.01,-0.486,-73.63201948137265
-0.015,1.582,47.895219564437866,0.029,-0.413,1.006,-0.311,-73.63201948137265
-0.006,0.952,47.89547395706177,0.038,0.462,1.013,-0.171,-73.5184994908915
-0.015,1.022,47.895721197128296,0.034,0.217,1.009,-0.836,-73.5184994908915
-0.01,0.882,47.895963191986084,0.037,0.112,1.009,-0.276,-73.5184994908915
0.0,0.707,47.896201848983765,0.03,0.147,1.001,-0.486,-73.5184994908915
-0.027,1.232,47.896437883377075,0.021,0.252,1.004,-0.941,-73.5184994908915
0.007,0.847,47.89674186706543,0.044,-0.483,1.015,-0.486,-73.5184994908915
-0.005,1.197,47.89708352088928,0.033,0.042,1.021,-0.416,-73.5184994908915
-0.022,0.777,48.61960983276367,0.033,0.637,1.01,-0.381,-73.5184994908915
-0.001,1.372,48.62201738357544,0.029,0.182,1.009,-0.171,-74.71428131079304
0.001,1.372,48.622541189193726,0.031,0.182,1.011,-0.171,-74.71428131079304
-0.031,1.547,48.62287759780884,0.035,0.112,1.009,-0.486,-74.71428131079304
-0.012,0.742,48.62316560745239,0.039,-0.273,1.016,-0.486,-74.71428131079304
-0.008,1.197,48.623446464538574,0.034,-0.693,1.018,0.004,-74.71428131079304
-0.001,0.847,48.62372279167175,0.034,0.357,1.012,-0.731,-74.71428131079304
-0.026,1.337,48.62404012680054,0.04,0.392,1.004,-0.731,-74.71428131079304
-0.011,0.322,48.62433624267578,0.03,0.007,0.999,-0.311,-74.71428131079304
-0.007,0.462,48.62460708618164,0.03,0.287,1.013,-0.836,-74.71428131079304
-0.018,0.882,48.62487053871155,0.031,0.427,1.013,-0.276,-74.19157477029452
-0.02,1.162,48.6251335144043,0.034,0.077,1.007,-0.626,-74.19157477029452
-0.007,0.462,49.3747935295105,0.041,0.252,1.006,-0.451,-74.19157477029452
-0.004,1.197,49.37703323364258,0.043,-0.098,1.02,-0.731,-74.20076648485662
-0.018,1.022,49.37750196456909,0.033,0.077,1.011,-0.206,-74.20076648485662
-0.012,1.652,49.37783169746399,0.045,-0.168,1.001,-0.031,-73.90772006395835
-0.002,0.987,49.3781418800354,0.026,-0.063,1.001,-0.661,-73.90772006395835
-0.026,1.547,49.37844634056091,0.032,-0.308,1.025,-0.311,-73.90772006395835
-0.026,1.547,49.37874460220337,0.058,-0.308,1.025,-0.311,-73.90772006395835
-0.009,1.197,49.3790397644043,0.027,-0.098,1.0,-0.346,-73.90772006395835
-0.015,0.812,49.379332304000854,0.021,0.812,1.015,-0.976,-73.90772006395835
-0.015,1.302,49.37962460517883,0.036,0.007,1.014,-0.731,-73.90772006395835
-0.016,0.182,49.37992477416992,0.049,0.042,1.007,-0.206,-73.90772006395835
-0.001,1.232,50.09440851211548,0.018,0.182,1.002,-0.661,-73.90772006395835
-0.032,-0.343,50.095043897628784,0.022,2.352,0.995,-0.276,-74.18242802288604
-0.026,1.302,50.09543991088867,0.016,-0.658,0.991,-0.591,-74.18242802288604
0.0,-0.343,50.09736609458923,0.06,-1.918,1.01,-1.466,-74.18242802288604
0.022,1.162,50.09767508506775,0.042,-0.693,1.028,-0.556,-74.18242802288604
-0.014,2.002,50.0979540348053,0.05,0.602,1.03,0.494,-74.18242802288604
-0.022,-0.623,50.0982232093811,0.046,0.567,1.0,-1.011,-74.18242802288604
0.009,2.387,50.09851384162903,0.026,0.252,1.012,-0.381,-74.18242802288604
-0.015,-0.063,50.098787784576416,0.027,-0.518,0.994,-0.591,-74.18242802288604
-0.012,1.302,50.09905529022217,0.04,-0.133,1.034,-0.696,-74.3389895744059
-0.018,1.022,50.09933304786682,0.024,-0.343,1.01,0.074,-74.3389895744059
-0.004,1.057,50.10402822494507,0.015,0.112,0.984,-0.836,-74.3389895744059
-0.012,0.357,50.84175181388855,0.046,0.462,1.009,-0.521,-74.3389895744059
-0.036,2.282,50.84414863586426,0.044,0.357,1.017,-0.591,-74.66671520694645
-0.002,0.392,50.84473371505737,0.035,-1.008,1.001,-0.346,-74.6720695405815
0.006,1.337,50.84507751464844,0.037,-0.938,1.003,-0.451,-74.5939864867489
-0.004,1.862,50.84540843963623,0.033,0.357,1.018,-0.241,-74.5939864867489
-0.025,1.022,50.8457088470459,0.034,0.427,1.016,-0.591,-74.5939864867489
-0.01,1.372,50.84599161148071,0.068,-0.623,1.012,-0.311,-74.5939864867489
0.006,2.072,50.84626841545105,0.008,-0.413,0.994,-0.381,-74.5939864867489
-0.013,-0.413,50.84653663635254,0.046,0.147,1.021,-0.836,-74.5939864867489
-0.015,0.147,50.846797466278076,0.047,-0.868,1.012,-0.451,-74.5939864867489
-0.001,0.882,50.847054958343506,0.027,0.007,1.003,-0.136,-74.5939864867489
-0.029,1.862,51.60268568992615,0.052,0.637,1.022,-0.871,-74.5939864867489
-0.011,1.337,51.60502004623413,0.033,-0.308,1.015,-0.521,-73.9307641239947
-0.013,1.407,51.605387449264526,0.041,-0.238,1.016,-0.346,-73.9307641239947
-0.008,1.372,51.60568284988403,0.036,0.217,1.02,-0.381,-73.9307641239947
-0.025,1.127,51.60595726966858,0.033,-0.308,1.011,-0.276,-73.9307641239947
-0.008,1.372,51.60624623298645,0.033,-0.623,0.999,-0.521,-73.9307641239947
-0.015,0.812,51.606525182724,0.036,-0.168,1.016,-0.556,-74.05178470239046
-0.013,1.127,51.60679221153259,0.035,0.112,1.016,-0.451,-74.05178470239046
-0.015,0.952,51.607057332992554,0.034,-0.063,1.009,-0.276,-74.05178470239046
-0.017,0.497,51.6073272228241,0.042,0.427,1.006,-0.521,-74.05178470239046
-0.024,1.372,51.60759234428406,0.029,-0.623,1.016,-0.346,-74.05178470239046
-0.007,1.302,51.60901498794556,0.049,0.112,1.021,-0.276,-74.05178470239046
-0.016,1.302,52.35766792297363,0.042,0.112,1.021,-0.276,-74.05178470239046
-0.008,2.352,52.3583619594574,0.023,-0.413,0.992,-0.486,-74.06857731592848
-0.004,1.512,52.36050271987915,0.048,-0.168,1.016,-0.906,-74.06857731592848
-0.013,1.617,52.36088967323303,0.048,0.042,1.034,-0.696,-74.06857731592848
-0.013,0.812,52.361247539520264,0.027,0.462,1.007,-0.171,-74.06857731592848
-0.016,2.457,52.36160063743591,0.061,0.532,1.004,-0.381,-74.06857731592848
-0.016,2.457,52.361926555633545,0.044,0.532,1.004,-0.381,-74.06857731592848
-0.023,0.637,52.36229205131531,0.043,-0.623,1.005,-0.591,-74.06857731592848
0.003,0.742,52.36265182495117,0.034,-0.588,1.028,-0.171,-74.06857731592848
0.001,0.777,52.36300015449524,0.031,0.112,1.025,-0.066,-74.06857731592848
-0.022,1.442,52.36334729194641,0.041,0.952,1.007,-0.731,-73.87123566218521
-0.02,0.812,52.363693714141846,0.056,-0.518,1.009,-0.626,-73.87123566218521
-0.012,0.812,52.36403799057007,0.028,-0.518,1.009,-0.626,-73.87123566218521
-0.006,0.987,53.08943319320679,0.036,-0.133,1.028,-0.031,-73.87123566218521
-0.015,1.967,53.091864585876465,0.038,-0.168,1.011,-0.486,-73.5390960817946
-0.022,0.707,53.09242272377014,0.033,-0.168,1.015,-0.381,-73.5390960817946
-0.009,1.302,53.09280753135681,0.031,-0.448,1.021,-0.276,-73.5390960817946
0.003,0.917,53.09316921234131,0.03,0.392,1.006,-0.941,-74.38756893807188
-0.029,1.162,53.09353518486023,0.051,0.637,1.003,-0.381,-74.38756893807188
-0.013,0.952,53.09394073486328,0.025,-0.763,1.016,-0.381,-74.38756893807188
0.001,0.742,53.09429335594177,0.031,-1.183,1.019,-0.416,-74.38756893807188
0.002,0.812,53.09462380409241,0.044,0.322,1.004,-0.066,-74.38756893807188
-0.008,0.287,53.09494709968567,0.041,0.042,1.011,-0.591,-74.38756893807188
-0.008,0.287,53.09527063369751,0.041,0.042,1.011,-0.591,-74.38756893807188
-0.007,1.197,53.09558415412903,0.028,0.042,1.008,-0.451,-74.38756893807188
-0.0,1.162,53.86000609397888,0.036,0.147,1.015,-0.766,-74.38756893807188
-0.016,0.952,53.86239409446716,0.03,-0.168,1.016,-0.521,-73.90195893781508
-0.012,0.217,53.86284065246582,0.025,-0.378,1.001,-0.311,-73.90195893781508
-0.01,1.057,53.86316800117493,0.032,0.392,1.01,-0.486,-73.90195893781508
-0.021,-0.378,53.86347270011902,0.036,0.707,1.012,-0.591,-73.90195893781508
-0.008,-0.833,53.86376690864563,0.048,-0.273,1.002,-0.731,-73.03517395938348
0.012,0.987,53.864062547683716,0.03,0.077,1.007,-0.241,-73.03517395938348
-0.02,0.707,53.864407539367676,0.053,1.162,1.027,-0.661,-73.03517395938348
-0.035,1.267,53.86478638648987,0.04,0.217,1.012,-0.661,-73.03517395938348
-0.004,-0.168,53.86520195007324,0.04,-1.183,1.003,0.039,-73.03517395938348
-0.0,0.602,53.86555051803589,0.031,-0.378,1.014,-0.206,-73.03517395938348
-0.007,2.037,53.865877628326416,0.019,0.287,1.013,-0.731,-73.03517395938348
-0.016,0.672,54.622092723846436,0.044,0.322,1.009,-0.381,-73.03517395938348
-0.021,1.197,54.62445068359375,0.014,-1.393,1.008,-0.836,-73.99259570390015
0.01,0.917,54.6249577999115,0.065,-0.203,1.019,-0.241,-73.99259570390015
-0.007,1.127,54.62533378601074,0.038,1.022,1.018,-0.136,-73.99259570390015
-0.034,-9.058,54.62568497657776,0.026,1.757,1.003,-0.416,-73.99259570390015
-0.02,0.007,54.62601637840271,0.069,-1.393,1.006,-0.766,-73.99259570390015
-0.003,0.007,54.62634205818176,0.055,-1.393,1.01,-0.766,-73.99259570390015
0.002,2.107,54.626664876937866,0.021,0.182,1.028,-0.031,-74.47158452908725
-0.024,1.372,54.62698745727539,0.035,0.777,1.008,-0.696,-74.47158452908725
-0.02,1.372,54.6273033618927,0.047,0.777,1.008,-0.696,-74.47158452908725
-0.01,1.582,54.62761831283569,0.032,-0.693,0.997,-0.766,-74.47158452908725
-0.017,1.337,55.375224351882935,0.048,-0.378,1.024,-0.241,-74.47158452908725
-0.014,1.792,55.37740874290466,0.034,-0.273,1.02,-0.241,-73.4366286926141
-0.024,0.812,55.377758741378784,0.041,0.077,0.999,-0.451,-73.4366286926141
-0.013,1.232,55.378016233444214,0.053,-0.413,1.014,-0.486,-73.4366286926141
-0.001,1.057,55.37828302383423,0.029,-0.168,1.008,-0.416,-73.4366286926141
-0.012,1.267,55.37853384017944,0.031,-0.203,1.008,-0.241,-73.4366286926141
-0.017,1.267,55.37877154350281,0.036,-0.203,1.016,-0.241,-73.4366286926141
-0.001,-0.028,55.379000186920166,0.035,0.112,1.001,-0.381,-73.4366286926141
-0.028,1.512,55.37922644615173,0.044,0.147,1.018,-0.276,-73.4366286926141
-0.028,1.512,55.37945318222046,0.044,0.147,1.018,-0.276,-73.4366286926141
-0.024,2.807,55.379671812057495,0.038,-1.148,1.016,-0.416,-73.88701588833358
0.003,0.182,56.089906215667725,0.025,0.042,1.008,-0.451,-73.88701588833358
-0.02,2.317,56.09216642379761,0.022,-0.063,0.999,-0.661,-73.24613821449884
-0.015,0.287,56.09252667427063,0.047,-0.623,1.001,0.039,-73.24613821449884
-0.015,-0.308,56.09279251098633,0.047,-0.623,1.001,-0.381,-73.24613821449884
-0.009,3.017,56.09303569793701,0.007,-0.623,1.022,-0.241,-73.24613821449884
-0.013,0.357,56.093276500701904,0.031,0.532,1.007,-0.591,-73.24613821449884
-0.016,0.637,56.093547344207764,0.067,-0.168,1.018,-0.136,-73.24613821449884
-0.014,1.442,56.09381127357483,0.027,0.462,1.006,-0.801,-73.24613821449884
-0.017,0.637,56.09407424926758,0.035,-0.308,1.006,-0.346,-73.6403575131159
-0.017,1.547,56.09433364868164,0.061,-0.308,1.027,-0.346,-73.6403575131159
-0.003,0.777,56.09458613395691,0.02,-0.063,1.012,-0.486,-73.6403575131159
-0.01,0.777,56.09483528137207,0.049,0.322,1.012,-0.276,-73.6403575131159
-0.018,1.512,56.75085115432739,0.047,0.532,1.018,-0.766,-73.6403575131159
-0.018,0.567,56.751676082611084,0.032,-0.343,1.019,-0.626,-74.21143001743997
-0.006,1.092,56.75217866897583,0.032,-0.413,1.017,-0.626,-74.21143001743997
-0.031,1.232,56.75260853767395,0.047,0.252,1.011,-0.206,-74.21143001743997
-0.015,0.847,56.75473213195801,0.04,0.462,1.02,-0.696,-74.21143001743997
-0.011,1.022,56.75508165359497,0.03,-0.343,0.999,-0.346,-74.21143001743997
0.0,1.582,56.755393743515015,0.041,0.427,1.02,-0.591,-74.21143001743997
-0.014,1.337,56.75572228431702,0.038,0.252,1.019,-0.381,-74.21143001743997
-0.02,1.022,56.75607657432556,0.036,-0.028,1.017,-0.276,-74.21143001743997
-0.001,1.372,56.75641131401062,0.036,-0.063,1.01,-0.766,-69.46964481149338
-0.015,0.847,56.75673055648804,0.024,-0.063,1.002,-0.241,-73.15816121844725
-0.025,0.147,56.75705528259277,0.03,0.077,1.005,-0.766,-73.15816121844725
-0.004,1.022,57.42509078979492,0.037,-0.483,1.01,-0.276,-73.15816121844725
-0.013,0.007,57.427319288253784,0.037,0.427,1.001,-0.731,-73.76440864143613
-0.026,0.602,57.42774033546448,0.018,-0.133,0.998,-0.696,-73.76440864143613
-0.016,0.392,57.42808532714844,0.031,-0.133,0.996,-1.081,-73.76440864143613
-0.004,1.722,57.42841935157776,0.041,-0.658,1.03,-0.206,-73.76440864143613
-0.018,1.547,57.42876362800598,0.028,0.497,1.005,-0.031,-73.76440864143613
-0.017,0.882,57.429102182388306,0.029,0.602,0.999,-0.801,-73.76440864143613
-0.007,0.777,57.429505348205566,0.034,-0.028,0.983,-0.766,-73.76440864143613
-0.008,0.917,57.42976951599121,0.03,0.252,1.025,-0.276,-73.76440864143613
-0.018,0.812,57.430007219314575,0.04,-0.133,1.036,0.004,-73.76440864143613
-0.018,1.617,57.43023681640625,0.041,0.147,1.014,-0.136,-73.76440864143613
0.001,0.847,58.09980487823486,0.032,0.042,0.99,-0.766,-74.03479619505634
-0.025,1.862,58.102097272872925,0.048,1.372,1.025,-0.136,-74.04902976631145
-0.039,1.057,58.10250163078308,0.038,0.007,0.988,-0.696,-73.39199718908593
0.003,0.357,58.10286092758179,0.024,-0.973,0.995,-0.591,-73.39199718908593
-0.015,-0.168,58.103219747543335,0.056,0.462,1.026,-0.451,-73.39199718908593
-0.025,-0.028,58.10358023643494,0.041,0.812,1.02,-0.311,-73.39199718908593
-0.01,2.072,58.1038556098938,0.029,0.147,1.007,-0.626,-73.39199718908593
-0.01,1.512,58.104114294052124,0.052,-0.098,1.008,-0.311,-73.39199718908593
-0.027,1.722,58.10437870025635,0.037,-0.203,1.011,-0.206,-73.39199718908593
-0.015,0.952,58.104625940322876,0.025,-0.833,1.018,-0.591,-73.39199718908593
-0.012,1.407,58.104867458343506,0.039,0.287,1.021,-0.311,-73.39199718908593
-0.022,0.952,58.10510468482971,0.03,1.092,1.009,-0.101,-73.39199718908593
-0.016,1.547,58.78030180931091,0.034,-0.448,1.0,-0.416,-73.65607079717275
-0.015,0.707,58.782715797424316,0.04,-0.553,1.008,-0.416,-73.49924593789325
-0.002,1.477,58.783300161361694,0.034,-0.133,1.012,-0.311,-73.49924593789325
-0.007,0.917,58.78367066383362,0.021,0.042,1.014,-0.346,-74.28711866784337
-0.028,1.512,58.784005880355835,0.06,0.357,1.018,-0.206,-74.28711866784337
-0.022,1.302,58.78432846069336,0.028,-0.028,1.002,-0.136,-74.28711866784337
0.004,0.777,58.784645318984985,0.032,0.357,1.015,-0.381,-74.28711866784337
-0.018,1.547,58.78496289253235,0.051,0.602,1.019,-0.871,-74.28711866784337
0.0,1.232,58.78527545928955,0.043,-0.133,1.016,-0.066,-74.28711866784337
-0.015,0.952,58.78560280799866,0.043,-0.728,1.012,-0.101,-74.28711866784337
0.001,1.197,58.78591990470886,0.042,0.112,1.016,-0.311,-74.28711866784337
-0.02,1.827,58.78797364234924,0.039,-0.343,1.019,-0.276,-74.28711866784337
-0.003,1.092,59.455339670181274,0.051,0.007,1.007,-0.136,-74.28711866784337
0.014,2.492,59.457655906677246,0.037,-0.763,1.027,-0.136,-73.56569645062888
-0.024,1.302,59.458112955093384,0.054,1.547,1.025,-0.766,-73.56569645062888
-0.043,1.687,59.458465337753296,0.022,0.882,1.005,-0.661,-73.56569645062888
-0.018,0.497,59.458802461624146,0.037,-0.168,0.982,-0.346,-73.9001154121273
-0.004,1.057,59.45913600921631,0.022,-0.938,1.004,-0.731,-73.9001154121273
-0.004,1.862,59.45946741104126,0.031,-0.588,1.018,-0.311,-73.9001154121273
-0.015,0.672,59.45979857444763,0.01,0.497,1.011,-0.241,-73.9001154121273
-0.008,-0.028,59.46012735366821,0.034,1.092,0.996,-0.696,-73.9001154121273
-0.02,2.737,59.46044707298279,0.074,0.427,0.998,-0.346,-73.9001154121273
-0.021,0.392,59.46077013015747,0.047,-0.973,1.028,-0.486,-73.9001154121273
0.008,1.897,59.461095333099365,0.035,-0.763,1.045,-0.381,-73.9001154121273
0.017,0.602,59.465436697006226,0.027,0.042,1.026,-0.381,-73.9001154121273
-0.016,1.512,60.1211941242218,0.045,1.127,1.0,-0.136,-73.9001154121273
-0.013,0.917,60.12394714355469,0.041,-0.448,1.031,-0.556,-73.87406244005636
-0.008,1.267,60.12434983253479,0.041,-0.203,1.024,-0.731,-73.87406244005636
0.002,0.147,60.124728202819824,0.045,0.672,1.016,-0.451,-73.87406244005636
-0.009,-0.133,60.12505292892456,0.022,0.987,0.994,-0.661,-73.87406244005636
-0.016,1.197,60.125380516052246,0.022,-0.448,0.983,-0.416,-73.87406244005636
-0.014,0.952,60.12569284439087,0.049,-0.763,1.025,-0.661,-73.45083621683001
-0.005,0.917,60.12600517272949,0.022,0.532,1.027,-0.836,-73.45083621683001
-0.04,1.267,60.12631177902222,0.031,-0.378,1.019,0.074,-73.45083621683001
-0.016,2.702,60.12661790847778,0.035,-0.798,0.996,-0.381,-73.45083621683001
0.001,0.917,60.126944065093994,0.035,0.077,1.002,-0.731,-73.45083621683001
-0.016,1.477,60.12758684158325,0.04,0.637,1.026,-0.451,-73.45083621683001
-0.012,0.567,60.842979192733765,0.042,-0.448,1.018,-0.591,-73.45083621683001
-0.014,0.882,60.84361815452576,0.024,0.007,1.004,-0.101,-73.76493853580473
-0.015,1.372,60.84586477279663,0.042,0.217,1.012,-0.836,-73.76493853580473
-0.014,0.707,60.84630298614502,0.034,-0.378,1.004,-0.626,-73.76493853580473
-0.005,1.687,60.846662759780884,0.061,-0.343,1.009,0.144,-73.76493853580473
-0.007,0.707,60.84701061248779,0.036,0.112,1.013,-0.661,-73.76493853580473
-0.025,1.267,60.84731936454773,0.037,0.042,1.014,-0.486,-73.76493853580473
-0.015,0.882,60.84758639335632,0.04,-0.098,1.009,-0.276,-73.76493853580473
-0.001,1.547,60.847825050354004,0.029,0.112,1.005,-0.416,-73.76493853580473
-0.026,2.037,60.84806823730469,0.038,0.322,1.014,-0.136,-73.76493853580473
-0.024,0.322,60.84831404685974,0.044,-0.448,1.03,-0.381,-73.76493853580473
0.006,0.182,61.50865840911865,0.043,0.357,0.995,-0.486,-73.57370215407902
-0.008,1.197,61.51112651824951,0.034,-0.413,1.021,-0.661,-73.9385119940463
-0.014,0.427,61.511656761169434,0.034,0.217,1.018,-0.381,-73.9385119940463
-0.0,1.337,61.51209759712219,0.037,0.077,1.015,-0.591,-73.9385119940463
-0.022,0.392,61.51243996620178,0.038,0.707,1.006,-0.696,-73.7661911341329
-0.009,1.477,61.51275610923767,0.019,-0.623,1.011,-0.171,-73.7661911341329
-0.02,0.392,61.51306915283203,0.039,0.112,1.012,-0.626,-73.7661911341329
-0.015,1.232,61.5134015083313,0.039,0.147,1.009,-0.486,-73.7661911341329
-0.01,0.602,61.513715982437134,0.036,0.112,1.01,-0.626,-73.7661911341329
-0.008,0.427,61.51401209831238,0.058,0.042,1.007,-0.626,-73.7661911341329
-0.008,1.827,61.51430368423462,0.03,-0.168,1.012,-0.206,-73.7661911341329
-0.001,0.637,62.186442375183105,0.048,0.462,1.027,-0.696,-73.7661911341329
-0.016,1.092,62.18705868721008,0.066,0.287,1.015,-0.066,-73.80192932804563
-0.016,-7.868,62.18900728225708,0.066,0.287,1.015,-0.626,-73.80192932804563
-0.025,2.912,62.1892831325531,0.038,-0.238,1.005,-0.801,-73.80192932804563
-0.02,1.022,62.18954348564148,0.029,-0.763,0.998,-0.451,-73.76309776006548
-0.001,1.022,62.18978214263916,0.058,-0.903,1.032,-0.381,-73.76309776006548
-0.021,0.847,62.19001293182373,0.036,0.777,1.02,-0.276,-73.76309776006548
-0.002,0.322,62.19023847579956,0.04,0.007,0.996,-0.871,-73.76309776006548
-0.002,0.952,62.19046378135681,0.04,-0.308,0.996,-0.626,-73.76309776006548
-0.016,1.617,62.19068145751953,0.021,-0.483,1.014,-0.416,-73.76309776006548
-0.024,0.742,62.190905809402466,0.046,-0.273,1.028,-0.311,-73.76309776006548
-0.012,0.742,62.194313049316406,0.046,-0.203,1.018,-0.521,-73.76309776006548
-0.006,1.442,62.84058403968811,0.029,0.742,1.007,-0.241,-73.76309776006548
-0.005,0.707,62.84285545349121,0.037,-0.273,1.01,-0.416,-73.12197103832334
-0.01,1.267,62.84336447715759,0.033,0.147,1.011,-0.591,-73.12197103832334
-0.021,1.267,62.843724966049194,0.035,0.182,1.011,-0.451,-73.12197103832334
-0.015,1.092,62.844061613082886,0.035,-0.203,1.01,-0.416,-73.12197103832334
-0.006,1.092,62.84438943862915,0.038,-0.203,1.012,-0.451,-73.12197103832334
-0.013,1.092,62.84471249580383,0.037,0.042,1.01,-0.276,-73.12197103832334
-0.015,1.162,62.84503221511841,0.038,-0.063,1.012,-0.451,-73.12197103832334
-0.011,0.812,62.845362424850464,0.04,-0.028,1.011,-0.556,-73.02368591364674
-0.008,0.987,62.84569001197815,0.032,0.007,1.007,-0.416,-73.02368591364674
-0.017,1.302,62.84600639343262,0.039,-0.063,1.011,-0.381,-73.02368591364674
-0.013,0.847,62.84633255004883,0.042,-0.028,1.014,-0.521,-73.02368591364674
-0.01,1.267,63.532100677490234,0.03,-0.063,1.01,-0.591,-73.02368591364674
-0.012,1.162,63.534544706344604,0.038,-0.028,1.012,-0.451,-73.4575921875257
-0.013,1.232,63.534977436065674,0.04,-0.133,1.013,-0.521,-73.4575921875257
-0.013,1.022,63.53526306152344,0.036,-0.028,1.013,-0.556,-73.4575921875257
-0.011,0.882,63.53552770614624,0.034,0.007,1.01,-0.381,-73.4575921875257
-0.011,1.092,63.53579616546631,0.043,-0.028,1.015,-0.556,-73.4575921875257
-0.013,0.882,63.53610014915466,0.036,0.007,1.01,-0.276,-73.2123697650846
-0.013,0.952,63.5364043712616,0.037,0.007,1.009,-0.486,-72.97707640663808
-0.013,0.917,63.536710262298584,0.036,0.077,1.011,-0.451,-72.97707640663808
-0.01,0.987,63.53700566291809,0.041,0.042,1.014,-0.416,-72.97707640663808
-0.013,1.407,63.537299394607544,0.035,-0.098,1.01,-0.591,-72.97707640663808
-0.014,1.162,64.17991423606873,0.042,-0.133,1.013,-0.346,-72.97707640663808
-0.013,1.127,64.18211627006531,0.037,-0.063,1.013,-0.486,-73.8158613630384
-0.011,1.022,64.18248653411865,0.038,0.042,1.012,-0.416,-73.8158613630384
-0.011,1.092,64.18277359008789,0.037,0.112,1.012,-0.416,-73.8158613630384
-0.014,1.197,64.18304491043091,0.033,-0.063,1.011,-0.451,-73.8158613630384
-0.014,0.952,64.1833713054657,0.035,-0.028,1.01,-0.451,-73.8158613630384
-0.011,1.267,64.18374609947205,0.04,-0.028,1.015,-0.626,-73.8158613630384
-0.014,0.952,64.18405199050903,0.036,0.007,1.012,-0.346,-73.8158613630384
-0.013,1.092,64.1843376159668,0.036,-0.098,1.01,-0.381,-73.8158613630384
-0.013,0.952,64.18461108207703,0.036,-0.063,1.012,-0.451,-73.8158613630384
-0.012,1.267,64.18487095832825,0.037,-0.168,1.011,-0.276,-73.8158613630384
-0.011,1.232,64.18512415885925,0.036,-0.028,1.01,-0.486,-73.20453158616316
-0.012,1.162,64.92465877532959,0.039,-0.098,1.013,-0.276,-73.20453158616316
-0.012,1.232,64.92722415924072,0.034,0.042,1.009,-0.381,-73.30271205457136
-0.012,0.777,64.92759990692139,0.035,0.042,1.01,-0.486,-73.30271205457136
-0.013,1.092,64.92790412902832,0.038,0.077,1.011,-0.451,-73.30271205457136
-0.012,1.057,64.92818236351013,0.035,-0.028,1.01,-0.556,-73.30271205457136
-0.012,1.057,64.92844724655151,0.039,0.077,1.011,-0.241,-73.04182015224453
-0.01,0.987,64.928715467453,0.034,0.077,1.01,-0.626,-73.04182015224453
-0.012,1.057,64.92901349067688,0.039,-0.028,1.011,-0.346,-73.04182015224453
-0.011,1.197,64.9293737411499,0.037,-0.133,1.012,-0.241,-73.04182015224453
-0.013,1.092,64.92963719367981,0.039,-0.098,1.012,-0.381,-73.04182015224453
-0.012,0.777,64.92987513542175,0.036,0.007,1.009,-0.416,-73.04182015224453
-0.012,1.197,64.93312191963196,0.041,-0.063,1.013,-0.486,-73.04182015224453
-0.011,0.847,65.64270257949829,0.039,0.077,1.011,-0.381,-73.04182015224453
-0.014,1.092,65.6433687210083,0.038,-0.063,1.014,-0.451,-73.27936658710982
-0.012,1.127,65.64544153213501,0.036,-0.098,1.012,-0.416,-73.56218252898219
-0.013,1.127,65.64580059051514,0.037,-0.063,1.013,-0.486,-73.56218252898219
-0.011,0.952,65.64612555503845,0.039,-0.063,1.013,-0.276,-73.56218252898219
-0.012,1.092,65.6464421749115,0.038,0.077,1.012,-0.556,-73.56218252898219
-0.013,0.742,65.6467490196228,0.033,-0.098,1.008,-0.486,-73.56218252898219
-0.013,1.057,65.6470537185669,0.04,-0.028,1.013,-0.311,-73.56218252898219
-0.011,1.057,65.64735388755798,0.037,-0.028,1.012,-0.521,-73.56218252898219
-0.014,0.952,65.64765763282776,0.037,-0.063,1.011,-0.416,-73.56218252898219
-0.014,1.022,65.64795112609863,0.034,0.077,1.011,-0.486,-73.56218252898219
-0.012,1.127,65.6481990814209,0.037,0.042,1.012,-0.451,-73.56218252898219
-0.013,1.197,66.31758213043213,0.036,-0.028,1.011,-0.416,-73.6833144683283
-0.013,1.092,66.3199303150177,0.036,0.042,1.01,-0.346,-73.28718408053363
-0.014,1.232,66.32035684585571,0.035,-0.098,1.009,-0.381,-73.28718408053363
-0.013,0.882,66.32068729400635,0.036,0.042,1.009,-0.521,-72.74987043695633
-0.012,1.057,66.32099843025208,0.039,-0.063,1.013,-0.416,-72.74987043695633
-0.011,1.092,66.32129716873169,0.036,-0.063,1.01,-0.591,-72.74987043695633
-0.013,0.917,66.321617603302,0.036,0.042,1.011,-0.416,-72.74987043695633
-0.012,1.162,66.32191514968872,0.037,-0.063,1.013,-0.521,-72.74987043695633
-0.011,0.952,66.32220768928528,0.038,0.042,1.011,-0.521,-72.74987043695633
-0.012,1.022,66.32251715660095,0.037,-0.098,1.014,-0.381,-72.74987043695633
-0.014,0.917,66.32281470298767,0.036,0.042,1.009,-0.416,-72.74987043695633
-0.01,1.162,66.32310748100281,0.039,0.007,1.014,-0.451,-72.74987043695633
-0.013,1.197,66.99544978141785,0.035,-0.063,1.008,-0.486,-72.84805683331277
-0.015,0.952,66.9976737499237,0.036,-0.028,1.009,-0.346,-73.05225299454706
-0.012,1.022,66.99800229072571,0.034,0.077,1.01,-0.486,-73.05225299454706
-0.013,0.917,66.99825549125671,0.038,-0.063,1.011,-0.381,-73.30857824933726
-0.015,1.092,66.99849438667297,0.034,0.007,1.009,-0.416,-73.30857824933726
-0.012,0.952,66.99872350692749,0.038,-0.063,1.012,-0.521,-73.30857824933726
-0.012,1.092,66.99894976615906,0.036,-0.098,1.011,-0.451,-73.30857824933726
-0.013,0.987,66.99917221069336,0.037,-0.028,1.013,-0.521,-73.30857824933726
-0.013,0.742,66.99939489364624,0.035,0.077,1.01,-0.346,-73.30857824933726
-0.011,1.092,66.9996178150177,0.035,-0.028,1.011,-0.381,-73.30857824933726
-0.011,1.092,66.99983596801758,0.034,-0.028,1.01,-0.451,-73.30857824933726
-0.012,0.952,67.00462484359741,0.038,0.007,1.012,-0.311,-73.30857824933726
-0.011,0.987,67.67432308197021,0.038,0.112,1.01,-0.521,-73.30857824933726
-0.011,1.057,67.67489385604858,0.037,-0.098,1.013,-0.451,-72.67876299202888
-0.012,1.057,67.67686605453491,0.036,-0.028,1.009,-0.556,-72.67876299202888
-0.012,1.022,67.67717933654785,0.039,-0.168,1.011,-0.311,-72.67876299202888
-0.012,1.232,67.67750215530396,0.036,-0.168,1.011,-0.556,-72.85856571914306
-0.012,0.812,67.67776417732239,0.038,0.042,1.011,-0.661,-72.85856571914306
-0.011,1.162,67.6780755519867,0.034,-0.028,1.011,-0.381,-72.85856571914306
-0.011,0.777,67.67839908599854,0.038,0.112,1.013,-0.661,-72.85856571914306
-0.012,0.812,67.67870759963989,0.038,0.077,1.011,-0.346,-72.85856571914306
-0.011,1.162,67.67900490760803,0.035,0.007,1.01,-0.451,-72.85856571914306
-0.013,0.882,67.67929482460022,0.039,0.007,1.012,-0.486,-72.85856571914306
-0.012,1.197,67.6831750869751,0.034,0.077,1.008,-0.451,-72.85856571914306
-0.014,1.057,68.32942223548889,0.04,0.007,1.013,-0.521,-72.85856571914306
-0.012,1.057,68.33006286621094,0.043,0.042,1.011,-0.381,-73.39199718908593
-0.01,0.987,68.33195757865906,0.035,-0.063,1.012,-0.451,-73.39199718908593
-0.013,1.127,68.33226037025452,0.037,0.182,1.01,-0.346,-73.39199718908593
-0.011,1.022,68.3325445652008,0.031,0.112,1.01,-0.521,-73.39199718908593
-0.015,0.987,68.33280825614929,0.036,-0.098,1.011,-0.556,-73.39199718908593
-0.01,0.987,68.33306884765625,0.039,-0.063,1.014,-0.451,-73.39199718908593
-0.011,0.987,68.33334469795227,0.036,0.077,1.011,-0.591,-73.38040333659279
-0.014,0.882,68.33366966247559,0.037,0.007,1.01,-0.416,-73.38040333659279
-0.011,1.232,68.33402228355408,0.035,-0.063,1.01,-0.486,-73.38040333659279
-0.011,0.777,68.33439683914185,0.036,0.077,1.012,-0.486,-73.38040333659279
-0.016,1.092,69.04040241241455,0.039,0.007,1.011,-0.381,-73.38040333659279
-0.015,1.127,69.04270720481873,0.036,0.007,1.014,-0.486,-73.85668718921285
-0.011,0.917,69.04322171211243,0.035,0.007,1.013,-0.486,-73.85668718921285
-0.011,1.162,69.04352450370789,0.035,0.007,1.011,-0.486,-73.85668718921285
-0.012,0.882,69.04379153251648,0.036,-0.028,1.012,-0.591,-73.85668718921285
-0.011,1.162,69.04406809806824,0.039,-0.098,1.01,-0.416,-73.27352393368756
-0.012,0.917,69.04438185691833,0.038,0.007,1.014,-0.556,-73.27352393368756
-0.013,0.812,69.04467988014221,0.036,-0.063,1.01,-0.451,-73.27352393368756
-0.013,1.092,69.04496669769287,0.037,-0.028,1.012,-0.416,-73.27352393368756
-0.011,1.057,69.04525470733643,0.038,-0.028,1.015,-0.451,-73.27352393368756
-0.011,0.987,69.04556107521057,0.041,0.007,1.016,-0.311,-73.27352393368756
-0.011,1.197,69.04587626457214,0.034,-0.063,1.009,-0.591,-73.27352393368756
-0.01,1.057,69.7496109008789,0.037,0.042,1.011,-0.451,-73.27352393368756
-0.01,1.022,69.75193476676941,0.039,-0.098,1.014,-0.591,-73.66194450759824
-0.012,0.987,69.75233101844788,0.037,-0.028,1.011,-0.451,-73.94507355258482
-0.012,1.022,69.75266003608704,0.038,-0.098,1.012,-0.416,-73.94507355258482
-0.013,1.092,69.75296139717102,0.035,0.007,1.01,-0.556,-73.94507355258482
-0.014,1.092,69.75326323509216,0.04,-0.063,1.008,-0.591,-73.94507355258482
-0.014,1.057,69.75357055664062,0.036,-0.028,1.008,-0.451,-73.94507355258482
-0.011,1.057,69.7538583278656,0.034,0.042,1.01,-0.486,-73.94507355258482
-0.013,0.917,69.75414252281189,0.037,-0.028,1.012,-0.556,-73.94507355258482
-0.01,1.127,69.75446033477783,0.04,0.077,1.011,-0.486,-73.94507355258482
-0.013,0.882,69.75474238395691,0.037,0.007,1.01,-0.521,-73.94507355258482
-0.01,1.057,69.75502371788025,0.038,-0.028,1.011,-0.381,-73.94507355258482
-0.013,1.092,70.41068315505981,0.036,-0.063,1.011,-0.381,-73.46971781495563
-0.014,1.197,70.41138529777527,0.037,-0.028,1.011,-0.381,-72.93886397758003
-0.011,1.162,70.41348028182983,0.039,-0.203,1.014,-0.521,-72.93886397758003
-0.013,0.882,70.41385102272034,0.036,0.077,1.011,-0.346,-72.93886397758003
-0.012,1.022,70.41417026519775,0.036,0.042,1.012,-0.626,-72.93886397758003
-0.014,1.127,70.41456913948059,0.033,0.007,1.01,-0.486,-73.51435661153958
-0.009,0.882,70.41495537757874,0.038,-0.028,1.011,-0.381,-73.51435661153958
-0.011,1.162,70.41531348228455,0.034,-0.133,1.009,-0.591,-73.51435661153958
-0.012,0.882,70.41557693481445,0.038,-0.098,1.012,-0.381,-73.51435661153958
-0.013,1.337,70.41581964492798,0.038,-0.098,1.014,-0.451,-73.51435661153958
-0.013,0.847,70.41606187820435,0.037,0.042,1.011,-0.486,-73.51435661153958
-0.012,1.127,70.41629910469055,0.038,-0.133,1.011,-0.381,-73.51435661153958
-0.011,1.022,71.08840107917786,0.036,-0.098,1.011,-0.626,-73.51435661153958
-0.009,0.847,71.09071278572083,0.042,0.042,1.017,-0.486,-74.02690892552208
-0.009,1.057,71.09107089042664,0.034,0.007,1.009,-0.486,-74.02690892552208
-0.012,1.057,71.09136962890625,0.04,-0.028,1.014,-0.556,-74.02690892552208
-0.012,1.302,71.09164619445801,0.035,-0.028,1.009,-0.416,-74.02690892552208
-0.012,1.092,71.09190964698792,0.034,0.007,1.008,-0.521,-73.42180575729705
-0.012,1.057,71.09217238426208,0.039,0.007,1.011,-0.486,-73.42180575729705
-0.012,0.777,71.0924289226532,0.038,-0.028,1.012,-0.381,-73.42180575729705
-0.014,0.987,71.09268546104431,0.036,0.217,1.01,-0.346,-73.42180575729705
-0.014,0.847,71.09294557571411,0.036,-0.028,1.011,-0.626,-73.42180575729705
-0.011,1.022,71.0932068824768,0.036,0.007,1.01,-0.381,-73.42180575729705
-0.013,1.197,71.09347558021545,0.034,0.077,1.011,-0.591,-73.42180575729705
-0.013,0.812,71.76723003387451,0.036,-0.028,1.012,-0.451,-73.42180575729705
-0.012,1.057,71.7678713798523,0.038,-0.098,1.013,-0.416,-73.03780784886949
-0.011,0.987,71.7698814868927,0.038,0.112,1.014,-0.486,-73.03780784886949
-0.014,0.882,71.7701952457428,0.033,0.147,1.011,-0.521,-73.03780784886949
-0.012,0.987,71.77047991752625,0.036,-0.063,1.011,-0.206,-73.03780784886949
-0.011,1.022,71.77073264122009,0.035,-0.098,1.009,-0.521,-73.03780784886949
-0.011,0.847,71.77097201347351,0.036,0.007,1.011,-0.381,-73.7059525434011
-0.011,0.952,71.77125668525696,0.04,0.042,1.014,-0.416,-73.7059525434011
-0.013,1.092,71.77154207229614,0.036,-0.028,1.011,-0.416,-73.7059525434011
-0.01,1.022,71.77182149887085,0.032,-0.133,1.008,-0.346,-73.7059525434011
-0.013,1.092,71.77210402488708,0.033,0.042,1.011,-0.451,-73.7059525434011
-0.014,0.917,71.7737090587616,0.039,-0.098,1.01,-0.451,-73.7059525434011
-0.013,1.022,72.45667552947998,0.04,0.077,1.011,-0.451,-73.7059525434011
-0.011,1.022,72.45896530151367,0.036,-0.028,1.011,-0.416,-73.45083621683001
-0.014,0.742,72.45933938026428,0.037,0.112,1.012,-0.486,-73.45083621683001
-0.012,1.022,72.45969533920288,0.036,0.112,1.01,-0.556,-73.45083621683001
-0.011,1.197,72.46001696586609,0.036,-0.098,1.013,-0.451,-73.45083621683001
-0.01,1.092,72.46032953262329,0.04,0.007,1.014,-0.381,-73.74878260854852
-0.013,1.022,72.4606420993805,0.036,0.007,1.011,-0.311,-73.74878260854852
-0.014,1.057,72.4609727859497,0.035,-0.028,1.01,-0.381,-73.74878260854852
-0.011,0.987,72.46133208274841,0.04,-0.063,1.012,-0.381,-73.74878260854852
-0.012,1.057,72.46168184280396,0.036,0.077,1.011,-0.451,-73.74878260854852
-0.016,1.022,72.46199083328247,0.042,0.077,1.015,-0.416,-73.74878260854852
-0.01,1.057,72.4633777141571,0.032,0.007,1.009,-0.486,-73.74878260854852
-0.013,0.707,73.16254305839539,0.035,0.042,1.01,-0.416,-73.74878260854852
-0.012,0.987,73.16317176818848,0.033,0.007,1.007,-0.451,-73.17545397840404
-0.012,1.162,73.85127258300781,0.032,-0.063,1.009,-0.521,-73.17545397840404
