az,ax,vx,comp,time,vy,vz,ay
1.011,0.039,-0.098,-73.93235550665153,1.4592173099517822,1.197,-0.486,-0.01
1.012,0.037,0.217,-74.24529954328904,1.4600865840911865,1.407,-0.556,-0.006
1.007,0.034,-0.028,-74.24529954328904,1.4605607986450195,0.917,-0.381,-0.013
1.011,0.04,-0.308,-74.24529954328904,1.4608867168426514,1.127,-0.416,-0.018
1.011,0.038,0.077,-74.24529954328904,1.4611504077911377,1.092,-0.521,-0.014
1.012,0.041,0.357,-74.24529954328904,1.4615426063537598,1.127,-0.486,-0.008
1.01,0.037,0.182,-74.24529954328904,1.461923599243164,1.162,-0.521,-0.009
1.011,0.035,-0.063,-74.24529954328904,1.462251901626587,0.847,-0.416,-0.018
1.012,0.037,-0.028,-74.24529954328904,1.4625635147094727,1.267,-0.521,-0.014
1.012,0.039,0.217,-74.24529954328904,1.4628679752349854,1.057,-0.521,-0.008
1.012,0.039,0.077,-74.24529954328904,1.4631636142730713,1.197,-0.416,-0.009
1.01,0.036,0.007,-73.7177226099781,1.4677035808563232,0.987,-0.591,-0.015
1.01,0.038,-0.098,-73.7177226099781,1.4723169803619385,0.952,-0.521,-0.015
1.007,0.036,0.007,-73.7177226099781,1.4820785522460938,1.267,-0.521,-0.011
1.007,0.039,0.217,-73.7177226099781,1.492220163345337,1.162,-0.486,-0.008
1.009,0.036,-0.133,-73.7177226099781,1.502441644668579,0.987,-0.486,-0.016
1.012,0.038,-0.063,-73.7177226099781,1.5122675895690918,1.232,-0.451,-0.013
1.011,0.038,0.217,-73.7177226099781,2.1676132678985596,1.092,-0.521,-0.007
1.009,0.039,0.007,-73.21859731294356,2.1700143814086914,1.022,-0.381,-0.009
1.011,0.037,0.217,-73.21859731294356,2.1705644130706787,1.267,-0.451,-0.014
1.012,0.039,0.147,-73.21859731294356,2.1709420680999756,0.952,-0.416,-0.015
1.006,0.038,-0.063,-73.21859731294356,2.171306610107422,1.057,-0.486,-0.016
1.011,0.036,0.042,-73.21859731294356,2.171644687652588,1.057,-0.626,-0.013
1.01,0.036,0.182,-73.21859731294356,2.1719741821289062,1.057,-0.451,-0.009
1.01,0.033,0.077,-73.21859731294356,2.172301769256592,1.162,-0.556,-0.011
1.014,0.04,0.007,-73.19537177456525,2.1726245880126953,1.092,-0.521,-0.014
1.01,0.035,-0.028,-73.19537177456525,2.1729466915130615,1.057,-0.381,-0.01
1.008,0.036,-0.028,-73.19537177456525,2.1732659339904785,1.232,-0.486,-0.012
1.009,0.037,0.147,-73.19537177456525,2.1735916137695312,1.092,-0.556,-0.011
1.012,0.039,0.077,-73.19537177456525,2.834280490875244,1.127,-0.556,-0.014
1.009,0.035,0.077,-72.97947438848014,2.8365743160247803,1.092,-0.591,-0.009
1.009,0.037,0.007,-72.97947438848014,2.8370096683502197,0.882,-0.381,-0.01
1.012,0.037,-0.063,-72.97947438848014,2.8373186588287354,1.127,-0.521,-0.014
1.011,0.038,0.077,-72.97947438848014,2.8376457691192627,1.092,-0.591,-0.013
1.01,0.038,-0.098,-72.97947438848014,2.837925434112549,1.197,-0.346,-0.009
1.008,0.034,0.077,-72.97947438848014,2.838192939758301,1.127,-0.626,-0.012
1.011,0.038,0.042,-72.97947438848014,2.8384668827056885,1.092,-0.451,-0.012
1.01,0.034,0.042,-72.97947438848014,2.8387856483459473,1.232,-0.451,-0.012
1.013,0.037,0.007,-72.97947438848014,2.839169502258301,1.092,-0.451,-0.011
1.01,0.041,-0.063,-73.20982898600815,2.839500904083252,0.987,-0.416,-0.01
1.01,0.036,0.077,-73.20982898600815,2.8421542644500732,1.092,-0.521,-0.012
1.01,0.04,0.042,-73.20982898600815,3.4589009284973145,1.057,-0.346,-0.013
1.009,0.038,0.112,-72.96790633345664,3.461284637451172,1.092,-0.311,-0.011
1.013,0.04,0.007,-72.96790633345664,3.461833953857422,0.882,-0.521,-0.013
1.012,0.037,0.112,-72.96790633345664,3.462214946746826,1.127,-0.521,-0.01
1.01,0.036,0.147,-72.96790633345664,3.4625749588012695,0.987,-0.451,-0.013
1.01,0.036,-0.273,-72.96790633345664,3.462926149368286,1.162,-0.381,-0.015
1.012,0.04,0.112,-73.00537898003864,3.463273525238037,0.952,-0.521,-0.01
1.012,0.039,-0.098,-73.00537898003864,3.463611364364624,1.162,-0.241,-0.011
1.009,0.035,0.112,-73.00537898003864,3.4639439582824707,1.092,-0.626,-0.012
1.01,0.037,-0.098,-73.00537898003864,3.464279890060425,0.952,-0.591,-0.011
1.012,0.04,-0.098,-73.00537898003864,3.4646193981170654,1.302,-0.381,-0.011
1.01,0.041,0.077,-73.00537898003864,3.4649670124053955,1.197,-0.626,-0.011
1.01,0.036,0.182,-73.00537898003864,4.123228073120117,0.847,-0.556,-0.011
1.015,0.029,-1.008,-73.46182391748452,4.123894691467285,0.672,-0.626,0.005
1.005,0.052,0.952,-73.46182391748452,4.1242499351501465,2.142,-0.136,-0.024
1.006,0.017,0.462,-73.46182391748452,4.126188039779663,2.317,-0.241,-0.038
1.017,0.068,-0.168,-73.46182391748452,4.126457691192627,0.182,-1.081,-0.001
1.001,0.047,-0.343,-73.46182391748452,4.126712322235107,0.777,-0.276,0.0
1.025,0.035,-0.308,-73.46182391748452,4.126959562301636,0.777,-0.276,-0.009
1.025,0.036,-0.308,-73.46182391748452,4.127209424972534,0.777,-0.276,-0.016
0.996,0.024,0.182,-72.90175298287036,4.127450227737427,1.232,-0.346,-0.018
0.996,0.028,0.637,-72.90175298287036,4.127732038497925,0.952,-0.976,-0.016
1.016,0.047,-0.028,-72.90175298287036,4.1279826164245605,1.617,-0.661,-0.019
1.013,0.024,-0.623,-72.90175298287036,4.831032991409302,0.707,-0.066,-0.008
0.992,0.066,0.532,-73.90302831640884,4.831662654876709,0.322,-0.521,0.005
0.987,0.013,0.112,-73.90302831640884,4.833856821060181,-1.498,-0.381,0.027
1.041,0.035,1.442,-73.90302831640884,4.8342125415802,3.192,-0.416,-0.011
0.99,0.061,0.112,-73.90302831640884,4.83448338508606,2.317,-0.521,-0.001
0.977,0.02,0.462,-73.90302831640884,4.834743499755859,-0.833,-0.626,0.023
1.044,0.034,0.112,-73.85065700299374,4.835008144378662,3.262,-0.206,-0.03
1.013,0.069,-0.728,-73.85065700299374,4.835256338119507,2.772,-0.416,-0.03
0.968,0.022,0.952,-73.85065700299374,4.835502862930298,0.077,-0.591,0.003
1.018,0.02,-1.183,-73.85065700299374,4.835745096206665,2.667,-0.171,-0.024
1.007,0.018,0.567,-73.85065700299374,4.83598780632019,-0.343,-0.871,-0.008
0.989,0.057,-0.238,-73.85065700299374,5.510538101196289,-0.098,-0.591,0.008
0.978,-0.002,0.812,-75.01638869911876,5.512840032577515,1.722,-1.116,0.0
1.043,0.08,1.302,-75.01638869911876,5.513268947601318,2.527,-0.556,-0.029
1.037,0.053,-0.588,-75.01638869911876,5.51362681388855,0.497,-0.311,-0.058
0.974,-0.003,-0.763,-75.01638869911876,5.513931035995483,0.567,-0.031,-0.008
1.014,0.057,1.267,-76.03665188652522,5.514232158660889,0.392,-0.836,-0.005
1.007,0.036,0.427,-76.03665188652522,5.514525890350342,1.442,-0.486,-0.02
1.016,0.039,0.287,-76.03665188652522,5.514808654785156,1.302,-0.661,-0.014
1.01,0.058,0.357,-76.03665188652522,5.515092611312866,2.212,-0.311,0.012
1.024,0.031,0.147,-76.03665188652522,5.5153796672821045,2.317,-0.101,-0.01
1.009,0.026,0.707,-76.03665188652522,5.515676259994507,1.057,-0.591,-0.026
1.011,0.042,-0.448,-76.03665188652522,6.132382154464722,0.217,-0.661,0.018
1.005,0.033,0.007,-73.45171481442539,6.134641408920288,0.987,-0.696,-0.009
1.009,0.026,-0.063,-73.45171481442539,6.135029554367065,2.247,-0.101,-0.019
1.007,0.044,-0.098,-73.45171481442539,6.135385990142822,1.652,-0.591,-0.019
1.002,0.041,-0.203,-72.67981382903803,6.135727643966675,-0.168,-0.556,-0.0
1.006,0.031,0.497,-72.67981382903803,6.136051654815674,1.862,-0.416,-0.008
1.012,0.039,0.882,-72.67981382903803,6.13637113571167,0.742,-0.696,-0.026
1.007,0.042,0.182,-72.67981382903803,6.136690616607666,1.582,-0.696,-0.02
1.007,0.044,-0.203,-72.67981382903803,6.137068033218384,0.532,-0.101,0.008
1.001,0.033,-0.063,-72.67981382903803,6.13748025894165,0.567,-0.276,-0.018
1.004,0.03,0.427,-72.67981382903803,6.137781858444214,1.792,-0.871,-0.014
1.022,0.048,-0.133,-72.67981382903803,6.138065576553345,1.442,-0.241,-0.006
1.006,0.02,-0.273,-72.67981382903803,6.14178204536438,1.757,-0.206,-0.003
1.005,0.035,0.007,-72.49087142411892,6.766947507858276,1.057,-0.171,-0.018
1.017,0.029,0.462,-73.74870321753559,6.76774263381958,0.007,-0.486,-0.017
0.993,0.004,-0.658,-73.74870321753559,6.7682204246521,0.182,-0.591,-0.021
0.995,0.029,0.217,-73.74870321753559,6.768629550933838,1.652,-0.731,-0.01
1.005,0.035,-0.518,-73.74870321753559,6.769031524658203,0.077,-0.416,-0.011
1.006,0.037,0.287,-73.74870321753559,6.7693705558776855,0.147,-0.556,-0.024
0.999,0.021,0.742,-73.74870321753559,6.7697670459747314,-0.343,-0.696,-0.006
1.017,0.034,-0.168,-73.74870321753559,6.770113229751587,2.282,-0.451,-0.027
1.009,0.039,-0.483,-74.49874853218908,6.770472764968872,0.567,-0.381,-0.026
0.998,0.042,0.392,-74.49874853218908,6.770862102508545,0.497,-0.381,0.004
1.007,0.019,0.567,-74.49874853218908,6.773493528366089,0.777,-0.311,-0.019
1.027,0.053,-0.063,-74.49874853218908,6.773922681808472,1.372,-0.101,-0.024
1.0,0.027,-0.273,-74.49874853218908,7.466481447219849,0.672,-0.591,-0.013
0.969,0.055,1.127,-74.19087007504339,7.4688966274261475,1.582,-1.256,0.006
1.018,0.054,-0.203,-74.19087007504339,7.469330310821533,1.512,-0.101,-0.013
1.03,0.02,-0.868,-74.19087007504339,7.469686031341553,0.602,-0.206,-0.038
1.024,0.062,-0.693,-74.19087007504339,7.47001314163208,2.002,-0.381,-0.001
0.999,0.02,0.007,-74.19087007504339,7.470311641693115,0.007,-0.556,0.012
0.992,0.031,1.022,-74.19087007504339,7.470632076263428,2.352,0.004,-0.036
1.026,0.105,0.112,-73.3798189549199,7.470947980880737,1.827,-0.241,-0.061
0.993,0.03,2.352,-73.3798189549199,7.47126317024231,-1.358,-1.711,0.023
1.0,0.02,-0.658,-73.3798189549199,7.4715845584869385,1.617,0.004,0.016
1.019,0.068,1.022,-73.3798189549199,7.471899509429932,-0.623,-0.976,0.0
1.011,-0.003,1.337,-73.3798189549199,7.472208023071289,0.392,-0.976,-0.017
0.986,0.014,1.197,-73.3798189549199,8.11028242111206,1.547,-0.101,-0.02
1.006,0.025,-0.098,-73.6210754561807,8.113148927688599,0.952,-0.836,-0.004
1.012,0.044,0.287,-73.6210754561807,8.113849401473999,1.057,-0.486,-0.01
1.013,0.016,0.392,-73.6210754561807,8.114279985427856,0.497,-0.766,-0.012
1.004,0.043,0.322,-73.6210754561807,8.114648342132568,1.162,-0.591,-0.02
1.005,0.039,-0.378,-73.6210754561807,8.11491847038269,1.162,-0.381,-0.016
1.011,0.031,0.147,-73.6210754561807,8.11516809463501,0.637,-0.556,-0.008
1.021,0.039,0.077,-73.6210754561807,8.115413188934326,1.197,-0.626,-0.006
1.014,0.03,0.882,-73.6210754561807,8.115699768066406,1.442,-1.011,-0.011
1.005,0.041,-0.028,-73.6210754561807,8.115981101989746,0.147,-0.346,-0.02
0.998,0.038,0.252,-73.34971144252462,8.116250038146973,2.107,-0.311,-0.014
1.013,0.033,-0.868,-73.34971144252462,8.12337064743042,0.637,-0.766,-0.017
1.011,0.035,0.217,-73.34971144252462,8.726887226104736,1.652,-0.276,-0.002
1.035,0.025,-0.763,-74.73954798414806,8.729536771774292,0.007,-0.101,-0.034
0.988,0.022,-0.553,-74.73954798414806,8.730018854141235,2.772,-0.451,-0.001
0.996,0.041,-0.553,-74.73954798414806,8.730358362197876,2.772,-0.451,-0.033
1.014,0.01,-0.938,-74.73954798414806,8.730751514434814,0.322,-0.556,0.0
1.01,0.043,0.567,-74.73954798414806,8.731066465377808,0.812,-0.486,-0.026
1.01,0.043,0.567,-74.73954798414806,8.731368780136108,0.812,-0.521,-0.026
1.011,0.01,-0.833,-74.73954798414806,8.731656551361084,2.352,-0.836,-0.021
1.01,0.036,-0.483,-74.36947414612577,8.731944799423218,1.652,-0.416,0.011
1.01,0.048,0.077,-74.36947414612577,8.732233047485352,1.582,-0.661,-0.002
1.007,0.025,1.372,-74.36947414612577,8.732522249221802,0.602,-0.906,-0.038
1.01,0.035,-0.098,-74.36947414612577,8.73280119895935,0.357,-0.031,-0.027
1.0,0.061,-0.483,-74.36947414612577,9.402220964431763,0.707,-0.626,0.011
1.007,0.035,0.637,-74.6857747273961,9.402783393859863,1.687,-0.241,-0.02
1.009,0.042,-0.343,-74.6857747273961,9.40477967262268,2.037,-0.626,-0.027
0.998,0.019,-0.833,-74.6857747273961,9.405061721801758,0.672,-0.626,-0.013
0.995,0.018,-0.133,-74.6857747273961,9.405343055725098,0.707,-0.626,-0.005
1.008,0.048,0.287,-74.6857747273961,9.405682802200317,0.532,-0.346,-0.006
1.019,0.022,0.077,-74.6857747273961,9.406008243560791,2.527,-0.486,-0.019
0.998,0.031,0.007,-74.6857747273961,9.40632176399231,0.182,-0.416,-0.011
1.011,0.046,-0.518,-74.74842529270148,9.406632661819458,-0.238,-0.661,-0.032
1.001,0.005,-1.323,-74.74842529270148,9.407022714614868,2.457,0.039,0.006
1.001,-0.007,-1.323,-74.74842529270148,9.407408714294434,2.457,0.039,0.006
1.016,0.075,0.637,-74.74842529270148,9.98575735092163,1.022,-0.661,-0.018
1.007,0.024,-0.168,-73.16278288301294,9.988329887390137,1.162,-0.591,-0.014
1.019,0.053,0.392,-73.16278288301294,9.989037275314331,0.147,-0.556,-0.007
1.012,0.032,0.112,-73.16278288301294,9.989503383636475,1.792,-0.556,-0.019
1.0,0.036,0.147,-73.16278288301294,9.98994493484497,1.127,-0.556,-0.007
1.002,0.049,0.672,-73.16278288301294,9.990347862243652,0.987,-0.871,-0.002
1.005,0.034,-0.203,-73.16278288301294,9.990748882293701,1.092,-0.241,-0.023
1.011,0.033,0.917,-73.16278288301294,9.991159677505493,0.812,-0.416,-0.005
1.016,0.031,-0.518,-73.16278288301294,9.9916090965271,1.477,-0.626,-0.021
1.004,0.038,-0.378,-72.66416219004289,9.992026567459106,1.022,-0.626,-0.003
1.01,0.06,0.252,-72.66416219004289,9.992406129837036,1.092,-0.556,0.003
1.023,0.054,0.322,-72.66416219004289,9.996642827987671,1.442,-0.206,-0.022
1.02,0.035,-0.273,-72.66416219004289,10.612706422805786,1.057,-0.136,-0.022
1.012,0.036,0.077,-73.32426011837848,10.615215063095093,1.582,-0.276,-0.014
1.014,0.037,0.217,-73.32426011837848,10.615815877914429,-0.063,-0.451,-0.015
1.007,0.032,-0.203,-73.32426011837848,10.616195678710938,1.757,-0.801,-0.016
1.004,0.046,-0.028,-73.32426011837848,10.616547584533691,0.567,-0.311,-0.012
1.008,0.037,0.007,-73.32426011837848,10.616890907287598,1.232,-0.066,-0.014
1.011,0.027,0.287,-74.26245100753236,10.617224931716919,1.337,-0.276,-0.003
1.014,0.04,0.007,-74.26245100753236,10.617580890655518,2.037,-0.626,-0.017
1.005,0.041,0.112,-74.26245100753236,10.61792802810669,1.232,-0.206,-0.007
1.01,0.034,0.042,-74.26245100753236,10.618256092071533,0.357,-0.591,-0.005
1.008,0.031,0.217,-74.26245100753236,10.618586778640747,1.547,-0.626,-0.016
1.012,0.042,0.287,-74.26245100753236,11.24768590927124,-0.028,-0.661,-0.01
0.998,0.076,-0.588,-74.1324478003371,11.248538494110107,-0.238,-0.381,-0.038
1.017,0.076,0.602,-74.1324478003371,11.250853300094604,1.302,-0.626,0.009
1.018,-0.015,0.602,-74.1324478003371,11.251159429550171,0.917,-0.591,-0.004
0.998,0.027,-0.098,-74.1324478003371,11.25141954421997,0.532,-0.206,-0.011
1.013,0.061,-0.168,-74.1324478003371,11.251673936843872,2.037,-1.046,-0.006
1.024,0.032,0.777,-74.1324478003371,11.251999855041504,0.847,-0.556,-0.013
1.021,0.041,-0.623,-74.1324478003371,11.252304792404175,0.462,0.249,-0.027
1.009,0.05,-0.693,-74.1324478003371,11.252569913864136,1.197,-0.836,-0.0
1.01,0.042,0.462,-74.1324478003371,11.252892971038818,0.777,-0.486,0.003
1.007,0.042,1.127,-74.1324478003371,11.253211259841919,1.862,-0.556,-0.015
1.016,0.038,0.112,-73.48533693065056,11.253544092178345,0.252,-0.556,-0.028
1.003,0.026,-0.273,-73.48533693065056,11.887949466705322,1.092,-0.556,0.003
1.003,0.045,-0.238,-74.26495037925226,11.890491008758545,1.197,-0.801,-0.003
1.013,0.032,-0.028,-74.26495037925226,11.89096736907959,1.057,-0.416,-0.008
1.002,0.035,0.252,-74.26495037925226,11.891285181045532,0.252,-0.731,-0.01
1.002,0.035,0.497,-74.26495037925226,11.89159083366394,2.072,-0.836,-0.01
1.006,0.035,-0.763,-73.60813783675253,11.8919095993042,1.057,-0.346,-0.039
1.015,0.076,-1.253,-73.60813783675253,11.892208337783813,1.022,-0.066,-0.005
1.031,0.029,-0.448,-73.60813783675253,11.892486095428467,-0.098,-0.626,-0.001
0.994,-0.015,0.182,-73.60813783675253,11.892772912979126,0.917,-0.346,-0.015
1.017,0.088,0.707,-73.60813783675253,11.893052101135254,-0.588,-0.836,-0.05
1.0,0.088,0.707,-73.60813783675253,11.893332958221436,0.217,-1.326,-0.019
1.039,0.04,1.057,-73.60813783675253,11.893620491027832,1.757,-0.486,0.008
1.017,0.041,0.042,-73.60813783675253,12.55341625213623,2.037,-0.591,0.026
1.005,0.013,0.217,-75.03852070835133,12.556185007095337,0.882,-0.416,0.001
1.013,0.069,0.287,-75.03852070835133,12.556674480438232,-0.133,-0.556,-0.006
1.04,0.052,0.322,-75.03852070835133,12.557012557983398,1.022,-0.906,0.001
1.04,0.052,0.322,-75.03852070835133,12.557340621948242,1.022,0.144,0.001
1.004,0.038,-1.078,-75.03852070835133,12.557672500610352,0.462,-0.416,-0.037
0.992,-0.013,-0.028,-75.03852070835133,12.558015823364258,1.057,-0.941,0.01
1.008,0.051,-0.203,-73.89485791585115,12.558337926864624,1.687,0.039,-0.006
1.004,0.036,-0.028,-73.89485791585115,12.558655977249146,-0.063,-0.696,-0.03
0.981,-0.017,0.917,-73.89485791585115,12.558967351913452,1.232,-0.906,-0.004
1.019,0.07,-0.728,-73.89485791585115,12.559282064437866,0.777,0.144,-0.006
0.988,0.026,-0.308,-73.89485791585115,13.280782222747803,1.267,-0.871,-0.032
1.014,0.043,0.042,-74.00197055923633,13.283097267150879,1.232,0.039,-0.013
1.006,0.017,0.322,-74.00197055923633,13.283538341522217,0.602,-0.871,-0.017
1.003,0.045,-0.063,-78.85492329177221,13.28383994102478,0.777,-0.381,-0.001
1.011,0.026,0.112,-74.21881549962147,13.284122705459595,2.107,-0.626,-0.022
1.011,0.042,-0.553,-74.21881549962147,13.284396171569824,1.337,-0.066,-0.018
1.009,0.032,0.322,-74.21881549962147,13.28467082977295,0.602,-0.941,-0.007
1.009,0.032,0.322,-74.21881549962147,13.285002708435059,0.672,-0.696,-0.007
1.011,0.047,0.287,-74.21881549962147,13.285284996032715,1.197,-0.346,-0.014
1.005,0.031,0.147,-74.21881549962147,13.285650491714478,1.162,-0.626,-0.02
1.01,0.042,-0.133,-74.21881549962147,13.286020040512085,0.742,-0.661,0.023
1.013,0.041,0.217,-74.21881549962147,13.286426544189453,1.722,-0.416,-0.015
1.002,0.03,0.497,-74.21881549962147,13.292362213134766,0.847,-0.451,-0.027
1.015,0.055,-0.098,-72.67065639325436,13.923790454864502,1.337,-0.556,-0.011
1.018,0.036,-0.448,-74.14152627791007,13.926217079162598,0.532,-0.346,-0.018
1.007,0.027,-0.098,-74.14152627791007,13.9267737865448,1.372,-0.171,-0.005
1.002,0.026,0.777,-74.14152627791007,13.927228450775146,0.672,-0.661,-0.009
0.998,0.056,0.322,-74.14152627791007,13.927596092224121,1.302,-0.766,-0.015
1.019,0.024,-0.168,-74.14152627791007,13.92793869972229,1.162,-0.276,-0.011
1.018,0.029,-0.378,-74.14152627791007,13.928269386291504,1.582,-0.311,-0.012
1.012,0.038,0.637,-74.14152627791007,13.928599834442139,0.217,-0.206,0.005
1.006,0.032,0.917,-73.88744777225386,13.928924560546875,0.777,-0.801,-0.004
1.01,0.036,-0.518,-73.88744777225386,13.929248809814453,0.987,-0.661,-0.023
1.005,0.038,0.112,-73.88744777225386,13.92957878112793,0.952,-0.416,-0.008
1.02,0.041,-0.343,-73.88744777225386,13.92990493774414,0.392,-0.136,-0.008
1.02,0.034,-0.343,-73.88744777225386,13.931724309921265,0.392,-0.136,-0.003
0.998,0.039,0.112,-73.88744777225386,14.571533918380737,1.757,-0.801,-0.008
1.014,0.039,-0.378,-73.93438183277428,14.573804140090942,1.302,-0.556,-0.017
1.002,0.015,0.217,-73.93438183277428,14.574309825897217,0.637,-0.556,0.001
1.027,0.058,0.287,-73.93438183277428,14.57471251487732,0.812,-0.696,-0.013
1.022,0.045,0.252,-73.93438183277428,14.575073719024658,0.917,-0.416,-0.014
1.004,0.026,-0.378,-73.93438183277428,14.57537293434143,0.987,-0.451,-0.018
1.009,0.048,-0.203,-73.93438183277428,14.575627565383911,1.302,-0.381,-0.007
1.009,0.04,0.182,-73.93438183277428,14.575870037078857,1.792,-0.381,-0.008
1.015,0.026,-0.343,-73.93438183277428,14.576109647750854,0.567,-0.766,-0.027
0.997,0.036,0.357,-73.93438183277428,14.57634449005127,1.932,-0.661,-0.003
1.016,0.054,0.287,-73.93438183277428,14.576582431793213,-0.063,-0.626,-0.014
0.976,0.03,-0.343,-73.71763792819443,15.251384973526001,2.422,-0.206,-0.032
1.018,0.042,-0.133,-74.00377242868164,15.253980159759521,0.812,-0.206,-0.01
1.013,0.045,0.462,-73.60090081061294,15.254684686660767,1.057,-0.416,-0.022
1.006,0.036,0.497,-73.60090081061294,15.255085468292236,1.372,-0.346,-0.008
1.003,0.048,0.217,-73.60090081061294,15.255435943603516,1.022,-0.871,-0.008
1.016,0.039,-0.343,-73.60090081061294,15.25577712059021,1.967,-0.031,-0.012
1.019,0.046,-0.238,-73.60090081061294,15.256109476089478,0.287,-0.591,-0.016
1.023,0.051,0.322,-73.60090081061294,15.256434440612793,1.057,-0.731,0.003
1.002,0.023,0.322,-73.60090081061294,15.256848335266113,1.267,-0.451,-0.016
1.008,0.053,0.112,-73.60090081061294,15.257198333740234,0.707,-0.486,-0.012
1.015,0.032,-0.833,-73.60090081061294,15.257538318634033,2.037,-0.101,-0.016
1.005,0.034,0.007,-73.60090081061294,15.257873773574829,0.252,-0.661,-0.007
1.008,0.035,-0.168,-73.94767136865593,15.26209807395935,1.582,-0.311,-0.018
1.015,0.048,0.462,-73.94767136865593,15.894056558609009,0.777,-0.766,-0.016
1.037,0.037,1.232,-73.00052543197701,15.89475154876709,0.287,-0.626,-0.018
0.979,0.046,0.182,-73.00052543197701,15.896783828735352,-0.238,-0.626,0.002
0.99,0.022,-0.483,-73.00052543197701,15.897072315216064,-0.098,-0.206,0.012
1.037,0.035,1.862,-73.00052543197701,15.897320032119751,0.567,-0.766,0.0
0.998,0.077,0.637,-73.00052543197701,15.89758825302124,1.967,-0.486,-0.04
0.978,0.034,-0.133,-73.00052543197701,15.897832155227661,-1.078,-0.451,0.023
1.028,0.036,0.182,-75.0779396353429,15.898088455200195,3.507,-0.451,0.002
1.005,0.058,0.287,-75.0779396353429,15.89832353591919,1.757,-0.276,-0.026
0.997,0.053,0.917,-75.0779396353429,15.898552656173706,0.182,-0.381,-0.022
1.02,0.025,0.497,-75.0779396353429,15.89877700805664,1.512,-0.416,0.018
1.009,0.044,0.217,-75.0779396353429,15.9010910987854,1.407,-0.381,-0.031
1.001,0.064,0.917,-75.0779396353429,15.901435136795044,2.177,-0.696,-0.028
1.015,0.042,-0.938,-75.0779396353429,16.52410864830017,1.127,-0.311,-0.012
1.001,0.006,-0.028,-77.73349945536572,16.524980068206787,0.217,-1.011,-0.024
1.02,0.031,-0.483,-75.93957293587626,16.527206420898438,0.532,-0.451,-0.025
0.973,0.04,1.092,-75.93957293587626,16.52752923965454,0.777,-0.031,0.003
0.997,0.02,-0.028,-75.93957293587626,16.527808666229248,0.707,-0.521,0.0
1.029,0.058,-0.833,-75.93957293587626,16.52809190750122,0.917,-1.151,-0.011
0.987,0.023,0.567,-75.93957293587626,16.528361558914185,1.547,-0.381,0.004
1.014,0.059,-0.168,-75.93957293587626,16.52860975265503,0.322,-0.241,-0.002
1.009,0.019,0.952,-75.93957293587626,16.528863191604614,0.462,-0.276,-0.019
0.993,0.005,-0.413,-75.93957293587626,16.52911067008972,2.387,-0.731,-0.018
1.009,0.057,-0.868,-75.93957293587626,16.529358863830566,1.407,-0.556,0.005
1.012,0.012,0.567,-75.93957293587626,16.529645919799805,0.567,-0.346,-0.007
1.005,0.011,0.637,-75.35373082376645,16.531024932861328,0.182,-0.346,-0.009
1.009,0.039,0.707,-75.35373082376645,17.14794945716858,2.107,-0.486,-0.026
0.987,0.135,0.987,-73.6446035851961,17.150148630142212,-0.168,-0.836,-0.013
1.022,0.073,-0.378,-73.6446035851961,17.150514364242554,1.267,-0.556,-0.014
1.022,0.058,-0.448,-73.6446035851961,17.150794982910156,1.337,-0.241,-0.003
1.014,0.019,0.252,-73.6446035851961,17.151063203811646,1.127,-0.661,-0.007
1.023,0.047,-0.098,-73.6446035851961,17.151329278945923,0.812,-0.451,-0.016
0.998,0.033,0.812,-73.6446035851961,17.151690006256104,1.092,-0.451,-0.007
1.007,0.049,0.112,-73.6446035851961,17.1521475315094,1.162,-0.801,-0.019
1.015,0.044,-0.168,-73.6046092177742,17.15251135826111,0.427,-0.416,-0.03
1.016,0.048,-0.693,-73.6046092177742,17.152899026870728,1.267,-0.451,-0.002
1.002,0.033,0.252,-73.6046092177742,17.15324091911316,1.092,-0.556,0.03
1.012,0.034,0.672,-73.6046092177742,17.15358304977417,1.232,-0.521,-0.028
1.005,0.029,-0.203,-73.6046092177742,17.785747528076172,0.707,-0.661,-0.019
1.022,0.025,-0.553,-73.56087635880522,17.786733865737915,0.987,-0.276,-0.026
0.985,0.037,-0.168,-73.56087635880522,17.787551641464233,0.532,-0.556,-0.008
0.99,0.027,-0.203,-73.54445740271989,17.78806209564209,0.882,-0.416,-0.015
1.027,0.055,0.252,-73.54445740271989,17.788558959960938,0.602,-0.346,-0.01
1.019,0.033,0.287,-73.54445740271989,17.789040327072144,1.057,-0.661,-0.021
1.0,0.04,0.392,-73.54445740271989,17.7895450592041,-0.238,-0.731,-0.016
1.0,0.029,0.392,-73.54445740271989,17.79016947746277,-0.238,-0.591,-0.021
1.006,0.039,-0.833,-73.54445740271989,17.79072880744934,-0.098,0.109,-0.028
1.018,0.057,-0.273,-73.54445740271989,17.79128384590149,0.882,-0.976,-0.008
1.018,0.057,-0.273,-73.54445740271989,17.791829109191895,0.882,-0.626,-0.008
1.018,0.054,-0.413,-73.54445740271989,17.79541039466858,2.667,-0.101,-0.021
0.982,0.023,0.567,-73.54445740271989,17.801628351211548,0.112,-0.486,-0.017
1.013,0.05,1.232,-73.59897570486007,18.40721344947815,0.672,-0.906,-0.032
1.029,0.05,0.847,-74.74307971283085,18.40951108932495,1.757,-0.206,0.01
1.03,0.019,0.147,-74.74307971283085,18.409940242767334,1.722,-0.416,-0.034
0.989,0.041,1.057,-74.74307971283085,18.41023063659668,0.322,-0.871,-0.011
0.993,0.064,-0.518,-74.74307971283085,18.410486221313477,0.287,-0.066,-0.013
1.027,0.019,-1.043,-74.74307971283085,18.410731077194214,2.002,-0.171,-0.012
1.018,0.038,-0.168,-74.74307971283085,18.410985231399536,-0.413,-0.661,-0.007
0.993,0.026,1.372,-74.74307971283085,18.411227703094482,1.407,-0.521,0.003
1.005,0.031,0.777,-74.74307971283085,18.411462545394897,1.232,-0.101,-0.014
1.024,0.052,0.707,-73.89609072238532,18.411691188812256,1.057,-0.836,-0.023
1.012,0.051,-0.868,-73.89609072238532,18.41197371482849,0.987,-0.346,-0.001
1.012,0.042,-0.973,-73.89609072238532,18.412224769592285,0.392,-0.241,0.0
1.019,0.027,0.357,-73.89609072238532,19.016742944717407,2.247,-0.276,-0.008
1.017,0.032,-0.378,-73.82725222611747,19.01907706260681,1.302,-0.311,-0.018
1.011,0.038,0.147,-73.82725222611747,19.01960325241089,1.162,-0.311,-0.017
1.003,0.034,0.567,-73.82725222611747,19.019993782043457,0.532,-0.871,-0.007
1.01,0.044,0.357,-73.82725222611747,19.020369052886963,1.652,-0.276,-0.001
1.014,0.039,-0.483,-73.82725222611747,19.02074646949768,0.917,-0.346,-0.008
1.005,0.036,0.112,-73.82725222611747,19.021122455596924,1.057,-0.591,-0.008
1.004,0.036,0.392,-73.52173982570827,19.021615266799927,1.407,-0.556,-0.009
1.01,0.037,0.462,-73.52173982570827,19.021952629089355,1.127,-0.696,-0.013
1.008,0.037,0.392,-73.52173982570827,19.022285223007202,0.357,-0.521,-0.016
1.01,0.033,-0.203,-73.52173982570827,19.02254843711853,1.617,-0.416,-0.003
1.009,0.038,-0.553,-73.52173982570827,19.022791624069214,0.812,-0.486,-0.006
1.014,0.041,0.357,-73.52173982570827,19.624470472335815,1.372,-0.381,-0.005
1.009,0.013,1.302,-74.02984123010333,19.627150297164917,2.877,-0.276,-0.005
1.024,0.053,-0.063,-74.02984123010333,19.627727270126343,0.952,-0.556,-0.051
0.989,0.015,-0.553,-74.02984123010333,19.628122568130493,-1.043,-0.451,0.011
1.009,0.015,0.602,-74.02984123010333,19.62848448753357,4.312,-0.591,0.031
1.006,0.048,0.917,-74.38123926844472,19.628870248794556,2.247,-0.311,-0.03
0.998,0.046,0.777,-74.38123926844472,19.62926483154297,1.512,-0.451,-0.029
1.007,0.039,-1.428,-74.38123926844472,19.62964129447937,1.967,-0.626,-0.011
1.036,0.041,0.252,-74.38123926844472,19.629963159561157,0.392,-0.066,0.015
1.003,0.046,0.217,-74.38123926844472,19.630259037017822,1.547,-0.416,-0.027
1.004,0.048,0.322,-74.38123926844472,19.63053321838379,0.847,-0.766,-0.019
1.01,0.02,0.252,-74.38123926844472,19.63080143928528,1.687,-0.381,-0.015
1.015,0.037,-0.343,-74.38123926844472,19.632508993148804,1.512,-0.241,-0.005
1.004,0.06,0.287,-74.38123926844472,20.23614525794983,-0.028,-0.031,0.002
1.007,0.01,-1.533,-74.51529763406735,20.23849105834961,0.917,-0.346,-0.006
1.04,0.061,1.057,-74.51529763406735,20.239141941070557,2.002,-1.011,0.009
1.001,0.024,0.357,-74.51529763406735,20.23952054977417,0.252,-0.346,0.021
1.014,0.024,-0.868,-74.51529763406735,20.239867210388184,1.372,-0.206,-0.01
0.998,0.021,1.652,-74.396917798733,20.240196466445923,0.742,-0.696,-0.014
1.018,0.045,-0.098,-74.396917798733,20.240526914596558,-0.238,-0.416,-0.002
1.021,0.045,-1.218,-74.396917798733,20.240849494934082,1.057,-0.031,-0.003
1.001,0.027,0.182,-74.396917798733,20.241167783737183,-0.798,-0.696,-0.007
1.012,0.018,0.637,-74.396917798733,20.24149751663208,1.022,-0.801,-0.007
1.01,0.057,0.497,-74.396917798733,20.241820335388184,1.127,-0.836,-0.014
1.019,0.05,-0.798,-74.396917798733,20.836247205734253,0.987,-0.171,-0.019
1.004,0.049,0.497,-73.02409665100535,20.83690118789673,0.882,-0.311,-0.0
1.011,0.05,0.077,-73.02409665100535,20.839000940322876,0.427,-0.626,-0.017
1.011,0.05,0.077,-73.02409665100535,20.83933424949646,0.427,-0.311,-0.017
1.015,0.036,-0.483,-73.02409665100535,20.839637279510498,1.687,-0.381,-0.011
1.002,0.023,0.217,-73.02409665100535,20.83993625640869,0.217,-0.696,0.005
1.009,0.045,0.602,-73.02409665100535,20.840225219726562,1.897,-0.311,-0.018
1.012,0.045,-0.063,-73.02409665100535,20.840514659881592,0.812,-0.591,-0.019
1.012,0.039,-0.693,-73.02409665100535,20.840805768966675,1.547,-0.381,-0.012
1.017,0.031,-0.063,-73.02409665100535,20.841087102890015,1.267,-0.521,-0.002
1.007,0.036,0.462,-73.02409665100535,20.841365098953247,0.532,-0.731,-0.017
1.006,0.014,0.112,-74.46620066110009,20.842076778411865,2.002,-0.381,-0.028
0.998,0.039,-0.028,-74.46620066110009,21.475250720977783,0.007,-0.626,0.005
1.01,0.031,-0.378,-73.09811727807441,21.47590732574463,1.652,-0.486,0.009
1.004,0.051,0.987,-73.09811727807441,21.47804307937622,1.442,-0.836,-0.007
1.029,0.041,0.287,-73.09811727807441,21.478494882583618,2.947,-0.241,-0.003
1.004,0.03,0.112,-73.09811727807441,21.478922367095947,1.232,-0.836,-0.012
1.01,0.04,-0.028,-73.09811727807441,21.479294776916504,1.022,-0.871,-0.006
1.01,0.036,0.112,-73.09811727807441,21.47963309288025,1.162,-0.591,-0.014
1.017,0.036,0.182,-73.03517395938348,21.47997760772705,-0.343,-0.171,-0.024
1.009,0.044,0.112,-73.03517395938348,21.48029398918152,1.092,-1.116,-0.003
1.012,0.039,-0.168,-73.03517395938348,21.480613470077515,-0.483,-1.186,-0.003
1.027,0.035,-0.063,-73.03517395938348,21.480920791625977,2.667,-0.066,-0.002
1.001,0.042,-0.378,-73.03517395938348,21.4811794757843,1.582,-0.486,-0.024
1.01,0.031,-0.203,-73.03517395938348,21.48154091835022,1.337,-0.451,-0.012
1.006,0.031,0.182,-73.03517395938348,22.065964698791504,0.812,-0.416,-0.007
1.012,0.044,-0.693,-73.18039481512152,22.066781759262085,1.757,-1.326,-0.01
0.98,0.031,-0.483,-73.18039481512152,22.068885326385498,-1.113,-0.451,-0.001
1.046,0.04,1.722,-73.18039481512152,22.069255828857422,-0.028,-0.416,0.02
1.049,0.023,0.217,-73.18039481512152,22.06960105895996,0.357,-0.836,0.007
0.98,0.037,2.772,-73.18039481512152,22.069909811019897,1.092,-0.801,-0.026
1.004,0.043,-0.973,-73.56920011031768,22.070209980010986,0.882,-0.276,0.021
1.031,0.032,-1.393,-73.56920011031768,22.070502996444702,1.442,-0.311,0.029
1.045,0.013,0.322,-73.56920011031768,22.07079005241394,0.357,-0.171,0.0
0.98,0.056,1.197,-73.56920011031768,22.071072578430176,1.757,-0.906,-0.024
0.98,0.032,0.322,-73.56920011031768,22.071354627609253,0.532,-1.081,-0.005
1.014,0.043,-0.063,-73.56920011031768,22.66721510887146,1.127,-0.031,-0.012
1.001,0.026,0.007,-73.37983345993084,22.669883012771606,0.567,-0.381,-0.01
1.01,0.033,-0.273,-73.37983345993084,22.670412302017212,1.967,-0.346,-0.011
1.011,0.03,0.077,-73.37983345993084,22.670822620391846,0.567,-0.626,-0.02
1.009,0.034,-0.273,-73.0733382973815,22.671142578125,1.582,-0.556,-0.003
1.017,0.037,-0.063,-73.0733382973815,22.671488285064697,1.197,-0.451,-0.012
1.023,0.038,-0.098,-73.0733382973815,22.671841621398926,1.232,-0.311,-0.011
0.996,0.04,-0.238,-73.0733382973815,22.672152519226074,0.952,-0.836,-0.009
0.994,0.043,0.112,-73.0733382973815,22.67245125770569,0.567,-0.801,-0.007
1.009,0.033,0.182,-73.0733382973815,22.67274260520935,1.547,-0.381,-0.021
1.015,0.035,0.287,-73.0733382973815,22.673025846481323,1.372,-0.346,-0.017
1.014,0.045,-0.448,-73.0733382973815,22.673306941986084,0.882,-0.486,-0.023
1.006,0.025,-0.343,-73.0733382973815,23.262210607528687,1.372,-0.206,-0.005
1.027,0.012,1.092,-73.43503338126698,23.262830018997192,1.862,-0.696,-0.02
1.02,0.074,0.042,-73.43503338126698,23.263174772262573,1.022,-0.906,-0.033
1.019,0.034,-0.308,-73.40020719274965,23.265210151672363,1.582,-0.171,-0.017
0.994,-0.028,0.217,-73.40020719274965,23.265528440475464,2.317,-0.171,-0.007
1.03,0.049,-0.273,-73.40020719274965,23.265820264816284,1.057,-0.801,-0.032
0.995,0.045,-0.098,-73.40020719274965,23.266083240509033,0.392,-0.766,-0.003
1.008,0.02,-0.763,-73.40020719274965,23.266364812850952,2.142,-0.346,-0.012
1.019,0.041,0.112,-73.40020719274965,23.266619205474854,2.037,-0.556,-0.031
0.994,0.053,0.427,-73.40020719274965,23.266867876052856,2.317,-0.556,-0.051
1.026,0.055,-1.953,-73.40020719274965,23.267117738723755,1.757,-0.731,-0.007
1.028,0.02,0.042,-73.40020719274965,23.267364501953125,1.197,0.004,0.028
0.995,0.033,0.707,-73.40020719274965,23.273637533187866,2.282,-0.591,-0.013
0.984,0.036,0.812,-73.40020719274965,23.893913745880127,0.287,-0.801,-0.033
1.018,0.054,-0.868,-75.56735514598849,23.89458441734314,2.387,-0.661,-0.018
1.005,0.039,0.742,-75.56735514598849,23.89662265777588,0.777,-0.556,0.04
1.02,0.056,-0.378,-75.56735514598849,23.8969783782959,0.147,-0.066,0.049
1.025,0.027,1.232,-75.56735514598849,23.897337675094604,2.282,-0.731,-0.029
1.008,0.031,-0.833,-75.56735514598849,23.897688627243042,1.862,-0.661,-0.008
1.012,0.062,-1.288,-75.56735514598849,23.898014307022095,1.127,-0.661,0.008
1.007,0.03,0.812,-75.56735514598849,23.89833664894104,0.882,-0.066,-0.014
1.014,0.066,0.812,-75.30396836737052,23.898669958114624,0.917,-0.766,-0.027
1.014,0.066,-0.413,-75.30396836737052,23.898996591567993,1.582,-0.871,-0.027
0.998,0.022,-0.868,-75.30396836737052,23.899324893951416,0.042,-0.241,0.005
1.023,0.064,0.497,-75.30396836737052,24.520304679870605,1.652,-0.206,-0.015
0.999,0.032,0.287,-74.13145955870013,24.52331233024597,1.127,-0.801,-0.027
0.996,0.061,-0.063,-74.13145955870013,24.524006605148315,1.582,-0.451,-0.023
1.015,0.029,-0.378,-74.13145955870013,24.524423122406006,0.742,0.214,-0.014
1.011,0.035,-0.133,-73.13748160475134,24.524802923202515,0.742,0.214,-0.004
1.029,0.036,0.427,-73.13748160475134,24.525181531906128,0.917,-0.661,-0.01
1.002,0.038,0.042,-73.13748160475134,24.525567770004272,1.022,-0.591,-0.012
1.002,0.035,0.042,-73.13748160475134,24.52600407600403,1.022,-0.591,-0.012
1.0,0.039,-0.308,-73.13748160475134,24.526490211486816,0.042,-0.346,-0.006
1.017,0.031,0.252,-73.13748160475134,24.52694344520569,1.372,-0.731,-0.009
1.017,0.031,0.252,-73.13748160475134,24.52727508544922,2.107,-0.241,-0.009
1.026,0.06,0.077,-73.13748160475134,25.154070377349854,0.357,-0.661,-0.016
1.008,0.014,0.847,-73.79209814449158,25.156574726104736,1.162,-0.451,-0.004
1.002,0.043,0.847,-73.79209814449158,25.15719246864319,1.162,-0.451,-0.009
1.004,0.026,0.042,-73.79209814449158,25.1575927734375,0.882,-0.591,-0.024
1.018,0.042,-0.203,-73.79209814449158,25.15795063972473,2.737,-0.171,-0.0
1.01,0.02,-0.938,-73.79209814449158,25.158295154571533,0.357,-0.346,-0.024
1.009,0.045,-0.203,-73.79209814449158,25.15863585472107,0.462,-0.556,-0.022
1.008,0.052,0.392,-73.79209814449158,25.158984661102295,0.987,-0.486,-0.009
1.008,0.019,-0.028,-73.79209814449158,25.159321546554565,1.512,-0.451,-0.009
1.009,0.055,0.217,-73.64481788894751,25.159655332565308,0.707,-0.906,-0.016
1.017,0.057,-0.518,-73.64481788894751,25.1600022315979,0.882,-0.556,-0.013
1.012,0.015,-0.133,-73.64481788894751,25.1623375415802,1.407,-0.206,-0.004
1.005,0.04,0.287,-73.64481788894751,25.750922203063965,0.952,-0.241,-0.006
1.017,0.068,2.107,-73.85875055163069,25.75331425666809,1.197,-0.696,-0.037
0.999,0.045,-0.798,-73.85875055163069,25.754032135009766,1.232,-0.101,-0.056
0.998,0.038,-0.623,-73.85875055163069,25.75449848175049,0.392,-0.206,0.007
1.019,0.031,0.497,-73.85875055163069,25.754908561706543,-0.378,-1.011,0.006
1.025,0.067,0.952,-73.85875055163069,25.755316495895386,0.637,-0.871,-0.015
0.982,0.013,0.917,-73.85875055163069,25.75571322441101,0.042,-0.451,-0.017
0.999,0.033,0.287,-73.85875055163069,25.75610065460205,0.427,-0.521,-0.022
0.998,0.032,-0.658,-73.85875055163069,25.756498336791992,-0.238,-0.731,-0.012
1.006,0.047,-0.098,-73.18807220399738,25.756901741027832,1.197,-0.451,0.009
1.019,0.013,0.707,-73.18807220399738,25.75730276107788,0.532,-0.416,-0.006
1.016,0.054,0.112,-73.18807220399738,26.362701177597046,2.142,-0.311,-0.044
1.009,0.057,0.322,-74.07170051179227,26.365182161331177,2.737,-0.521,-0.026
0.996,0.038,0.532,-74.07170051179227,26.365604162216187,1.127,-0.731,-0.024
1.023,0.058,-0.343,-74.07170051179227,26.365910053253174,1.267,-0.276,-0.015
1.014,0.026,0.287,-74.07170051179227,26.366198539733887,1.372,-0.521,-0.008
0.998,0.046,0.707,-74.07170051179227,26.36650252342224,0.987,-0.766,-0.016
1.002,0.038,0.567,-71.83373580939063,26.366780042648315,0.917,-0.766,-0.013
1.008,0.021,-0.063,-71.83373580939063,26.367045640945435,0.707,-0.416,-0.006
1.016,0.045,0.007,-71.83373580939063,26.367302656173706,1.232,0.039,-0.013
1.003,0.03,-0.098,-71.83373580939063,26.367560386657715,1.162,-0.696,-0.013
1.008,0.038,-0.623,-71.83373580939063,26.367825508117676,1.127,-0.486,-0.005
1.005,0.039,-0.168,-71.83373580939063,26.371972799301147,1.792,-0.136,-0.003
1.006,0.032,0.532,-71.83373580939063,26.975012063980103,1.337,-0.661,-0.017
0.963,0.037,-0.203,-74.48125227005711,26.977683544158936,1.092,-0.276,-0.011
0.997,0.037,0.357,-74.48125227005711,26.978175401687622,0.532,-0.206,-0.011
1.037,0.039,0.707,-74.48125227005711,26.978599786758423,2.107,-0.486,-0.013
1.009,0.043,-0.413,-72.75522667579662,26.978960037231445,0.567,-0.591,-0.028
0.973,0.031,0.672,-72.75522667579662,26.979238748550415,0.112,-0.486,-0.017
1.028,0.047,-0.588,-72.75522667579662,26.979515314102173,3.822,-0.626,-0.036
1.028,0.002,0.497,-72.75522667579662,26.97983455657959,-0.868,-0.591,-0.024
1.009,0.089,-0.273,-72.75522667579662,26.980146408081055,0.917,-0.101,-0.038
1.009,0.052,-0.973,-72.75522667579662,26.980474710464478,1.197,-0.906,0.019
1.025,0.025,1.442,-72.75522667579662,26.980767011642456,0.777,-0.871,-0.022
1.018,0.067,0.357,-72.75522667579662,26.982415676116943,1.967,-0.451,-0.039
1.001,0.01,0.322,-72.75522667579662,27.58541512489319,-0.483,-0.941,0.014
1.007,0.021,0.532,-74.44968317143842,27.588191509246826,2.002,-0.136,-0.018
1.024,0.063,-0.483,-73.35097793193644,27.588971376419067,0.147,-0.556,-0.02
1.003,0.018,0.497,-73.35097793193644,27.58946967124939,1.407,-0.801,-0.001
1.007,0.004,-0.413,-73.35097793193644,27.58992028236389,2.282,-0.521,-0.018
1.007,0.065,-0.308,-73.35097793193644,27.5903377532959,1.022,-0.521,-0.015
1.026,0.022,0.042,-73.35097793193644,27.590738773345947,0.742,-0.451,0.006
1.022,0.003,0.147,-73.35097793193644,27.5911386013031,0.742,-0.136,-0.005
1.017,0.068,0.112,-73.35097793193644,27.59152579307556,0.952,-0.941,-0.022
1.05,0.091,-0.448,-73.35097793193644,27.591907262802124,0.882,-0.101,-0.024
1.032,0.083,-0.448,-73.35097793193644,27.59228515625,0.637,0.039,-0.013
1.028,0.053,0.217,-73.35097793193644,27.592661380767822,2.177,-0.661,-0.001
0.997,0.029,0.147,-74.21320792791073,28.205415964126587,0.567,-0.906,-0.012
1.01,0.039,0.147,-74.1927391791257,28.207736492156982,1.617,-0.486,-0.003
1.01,0.043,-0.133,-74.1927391791257,28.208147048950195,0.812,-0.241,-0.018
1.015,0.04,-0.413,-74.1927391791257,28.20842432975769,0.637,0.039,-0.018
1.01,0.027,-0.133,-74.1927391791257,28.208674669265747,1.232,-0.766,-0.004
1.004,0.052,0.567,-74.1927391791257,28.208919763565063,0.707,-0.276,-0.004
1.013,0.06,0.252,-74.1927391791257,28.209182500839233,1.022,-0.276,-0.009
1.006,0.025,-0.203,-74.1927391791257,28.209418296813965,0.182,-0.591,-0.015
1.008,0.051,0.007,-73.04155433242065,28.209672451019287,1.407,-0.521,-0.008
1.008,0.042,0.007,-73.04155433242065,28.20990777015686,1.407,-0.521,-0.008
1.015,0.034,-0.063,-73.04155433242065,28.210137605667114,0.812,-0.381,-0.004
1.017,0.062,-0.133,-73.04155433242065,28.83109712600708,0.882,-0.451,-0.009
1.004,0.037,1.477,-73.48554257282225,28.833482265472412,2.037,-0.906,-0.019
1.012,0.054,0.392,-73.48554257282225,28.83387303352356,1.617,-0.381,-0.022
1.012,0.041,-1.358,-73.48554257282225,28.83416724205017,0.952,0.039,-0.018
1.006,0.044,-0.273,-73.21000325075349,28.834452629089355,0.987,-0.206,0.011
1.013,0.042,0.987,-73.21000325075349,28.83472728729248,2.387,-0.801,-0.036
1.017,0.06,1.197,-73.21000325075349,28.834992170333862,1.827,-0.451,-0.013
1.006,0.035,-0.623,-73.21000325075349,28.835253477096558,0.812,-0.241,-0.025
0.997,0.035,-0.273,-73.21000325075349,28.83551859855652,1.442,-0.521,-0.019
1.017,0.06,0.217,-73.21000325075349,28.83577823638916,1.652,-0.521,-0.018
1.024,0.047,-0.063,-73.21000325075349,28.83606457710266,1.092,-0.626,-0.005
0.993,0.009,1.162,-73.21000325075349,29.4039785861969,1.582,-0.381,-0.011
1.0,0.036,0.392,-73.78440868782808,29.40462827682495,1.617,-0.206,-0.046
0.997,0.04,-2.548,-73.78440868782808,29.406654119491577,1.477,-0.556,-0.006
1.012,0.011,1.407,-73.78440868782808,29.40702533721924,0.357,-0.591,0.04
1.045,0.046,1.232,-73.78440868782808,29.407362699508667,1.547,-0.731,-0.05
0.981,0.04,-0.238,-73.78440868782808,29.40768313407898,0.812,-0.486,-0.035
0.986,0.015,-0.658,-73.26551008400145,29.40799379348755,0.847,-0.276,0.008
1.044,0.051,-0.868,-73.26551008400145,29.408309936523438,1.827,-0.486,0.004
1.014,0.022,0.952,-73.26551008400145,29.40863823890686,0.637,-0.591,-0.021
1.011,0.058,-0.168,-73.26551008400145,29.408979654312134,1.302,-0.766,-0.017
1.018,0.03,-0.833,-73.26551008400145,29.4093120098114,1.057,-0.276,-0.008
1.02,0.033,-0.483,-73.26551008400145,29.958410501480103,1.127,-0.276,-0.007
1.008,0.039,0.357,-74.34739105686981,29.960964679718018,1.617,-0.801,-0.009
1.004,0.054,-0.028,-74.34739105686981,29.96152973175049,0.462,-0.486,-0.005
1.004,0.025,-0.133,-74.34739105686981,29.961873292922974,0.917,-0.486,-0.008
1.012,0.024,0.007,-74.34739105686981,29.962182760238647,1.162,-0.206,-0.007
1.001,0.042,0.112,-74.34739105686981,29.962509632110596,0.742,-0.696,-0.015
1.007,0.033,0.147,-74.34739105686981,29.962807178497314,1.162,-0.836,-0.019
1.014,0.043,0.077,-74.34739105686981,29.96310019493103,1.057,-0.346,-0.013
1.015,0.035,0.042,-74.34739105686981,29.96339440345764,1.302,-0.486,-0.01
1.013,0.032,-0.238,-72.74123311172517,29.963691473007202,0.742,-0.661,-0.015
0.995,0.038,0.112,-72.74123311172517,29.96398138999939,1.092,-0.766,-0.013
1.005,0.04,-0.063,-72.74123311172517,29.964266061782837,1.687,-0.591,-0.026
1.06,0.043,-0.168,-72.74123311172517,30.512693166732788,1.302,-0.311,-0.009
1.043,0.032,-0.483,-74.66829461250313,30.515101194381714,3.052,-0.276,-0.022
1.005,0.063,-0.833,-73.20851377235948,30.515638828277588,0.672,-0.766,-0.041
1.003,0.057,-0.693,-73.20851377235948,30.516008377075195,1.302,-0.066,0.004
0.986,-0.003,-0.168,-73.20851377235948,30.51630663871765,0.427,-0.416,0.024
1.011,0.031,1.197,-73.20851377235948,30.516586303710938,0.672,-0.871,-0.01
1.006,0.072,-0.798,-73.20851377235948,30.516862869262695,1.932,-0.591,-0.032
0.987,0.015,-0.448,-73.20851377235948,30.517133235931396,-0.238,0.214,0.012
1.023,0.028,0.357,-73.20851377235948,30.517388343811035,-0.588,-0.906,-0.015
0.998,0.033,-0.448,-73.20851377235948,30.517645835876465,1.127,-0.836,-0.035
0.976,0.019,-0.728,-73.20851377235948,30.517882823944092,-0.308,-0.591,0.006
1.019,0.04,2.142,-73.20851377235948,31.070333242416382,1.302,-0.556,-0.005
1.012,0.048,0.672,-73.95882482335779,31.072569608688354,1.477,-0.136,-0.033
1.013,0.025,-1.148,-73.95882482335779,31.07297158241272,1.022,-0.696,0.01
1.011,0.012,-0.728,-73.95882482335779,31.07332491874695,1.827,-0.206,0.0
1.005,0.044,0.812,-73.95882482335779,31.07370138168335,0.707,0.004,-0.009
1.006,0.032,-0.238,-73.95882482335779,31.07404613494873,1.022,-1.291,-0.03
1.002,0.029,-0.693,-76.31354327018973,31.07435941696167,-0.168,-0.941,-0.002
1.021,0.043,-0.798,-76.31354327018973,31.074641227722168,1.057,0.074,0.001
1.016,0.015,-0.133,-76.31354327018973,31.074974060058594,0.497,-0.626,-0.015
1.004,0.047,1.197,-76.31354327018973,31.075283527374268,3.157,-0.731,-0.008
0.998,0.039,-0.588,-76.31354327018973,31.075604915618896,-2.268,-0.346,-0.036
1.013,0.039,-0.623,-76.31354327018973,31.626864671707153,2.702,-0.766,-0.035
1.006,0.042,0.427,-74.47911160886196,31.629148483276367,0.077,-0.626,-0.01
1.006,0.042,0.007,-74.47911160886196,31.629546403884888,0.637,-0.871,-0.003
1.015,0.043,0.007,-74.47911160886196,31.629859924316406,1.022,-0.486,-0.01
1.013,0.04,0.497,-74.47911160886196,31.630211114883423,1.442,-0.521,-0.022
1.012,0.039,-0.028,-74.47911160886196,31.63051128387451,0.952,-0.171,-0.011
1.01,0.023,0.147,-74.47911160886196,31.630771160125732,0.812,-0.731,-0.002
1.006,0.051,0.147,-74.47911160886196,31.631016731262207,1.687,-0.486,-0.012
1.02,0.038,0.427,-69.11345996320728,31.631258249282837,0.532,-0.311,-0.017
1.014,0.033,-0.553,-73.18087384757239,31.63150429725647,0.812,-0.661,-0.015
1.01,0.039,0.217,-73.18087384757239,31.631755352020264,0.987,-0.766,0.001
0.999,0.034,0.042,-73.18087384757239,32.206013202667236,1.372,-0.031,-0.013
0.999,0.054,-0.308,-73.1170044868054,32.20823693275452,1.197,0.144,0.003
1.015,0.041,0.707,-73.1170044868054,32.20861744880676,0.742,-0.556,-0.004
1.014,0.034,0.392,-73.1170044868054,32.208984375,0.917,-0.206,-0.01
0.996,0.038,-0.553,-73.1170044868054,32.20929527282715,2.177,-0.626,-0.006
1.011,0.002,0.007,-73.1170044868054,32.209606409072876,1.442,-0.346,-0.016
1.025,0.023,0.007,-73.1170044868054,32.20991611480713,1.617,-0.276,-0.016
1.016,0.051,-0.483,-73.1170044868054,32.21021366119385,1.127,-0.521,-0.014
1.002,0.014,0.672,-73.1170044868054,32.21053862571716,0.252,-0.451,-0.01
1.004,0.014,0.567,-73.1170044868054,32.210832834243774,0.812,-0.521,-0.01
1.003,0.055,0.217,-73.36702066956717,32.21115183830261,1.862,-0.941,-0.016
1.02,0.031,0.077,-73.36702066956717,32.211448192596436,1.337,-0.381,-0.006
1.016,0.031,-0.203,-73.36702066956717,32.21173548698425,0.882,-0.276,-0.007
1.005,0.042,0.602,-73.36702066956717,32.82337737083435,1.442,-0.451,-0.007
1.011,0.046,0.112,-73.47398952188628,32.825780153274536,1.897,-0.381,-0.011
1.006,0.038,0.182,-73.47398952188628,32.826172828674316,1.932,-0.626,-0.013
1.014,0.04,-0.203,-73.47398952188628,32.82646942138672,1.442,-0.416,-0.012
1.013,0.031,-0.063,-73.47398952188628,32.82674813270569,0.952,-0.416,-0.008
1.007,0.047,-0.098,-73.47398952188628,32.827019453048706,1.617,-0.626,-0.01
1.007,0.057,0.182,-73.54307305313561,32.82728815078735,1.162,-0.521,-0.021
1.006,0.037,-0.343,-73.19433009059189,32.82755374908447,1.372,-0.626,-0.015
1.017,0.037,-0.273,-73.19433009059189,32.827815771102905,1.407,-0.416,-0.028
1.013,0.058,0.007,-73.19433009059189,32.82807278633118,0.287,-0.416,-0.005
1.001,0.039,-0.273,-73.19433009059189,32.82836556434631,2.072,-0.486,-0.013
1.01,0.027,-0.098,-73.19433009059189,33.39767599105835,0.812,-0.626,-0.007
1.011,0.034,0.287,-73.23768293227263,33.398348808288574,2.072,-0.101,-0.02
1.012,0.04,0.077,-73.23768293227263,33.4005446434021,1.057,-0.661,0.001
1.005,0.027,0.567,-73.23768293227263,33.40100049972534,1.057,-0.486,-0.017
1.011,0.038,0.217,-73.23768293227263,33.401419162750244,0.042,-0.486,-0.018
1.014,0.038,-0.448,-73.23768293227263,33.401856660842896,1.512,-0.696,-0.01
0.983,0.02,0.182,-73.23768293227263,33.402262687683105,2.632,-0.171,-0.006
0.983,0.021,0.182,-73.23768293227263,33.402669191360474,2.632,-0.171,0.001
1.019,0.037,1.302,-73.74547223623473,33.403074502944946,0.532,-0.801,-0.018
1.011,0.021,0.182,-73.74547223623473,33.40349626541138,1.617,-0.066,-0.032
0.981,0.042,-0.588,-73.74547223623473,33.40390062332153,1.442,-0.206,-0.027
1.006,0.024,-0.238,-73.74547223623473,33.405597448349,0.637,-0.906,0.017
1.036,0.061,0.042,-73.74547223623473,33.97041177749634,0.602,-0.591,-0.006
1.006,-0.015,0.777,-73.58225348728115,33.97285079956055,0.322,-0.556,-0.007
0.998,0.053,0.847,-73.58225348728115,33.973411560058594,3.122,-0.031,-0.005
1.001,0.062,-0.203,-73.58225348728115,33.9738073348999,0.952,-1.256,-0.008
1.016,0.041,0.287,-73.58225348728115,33.974159479141235,1.022,-0.346,-0.056
1.0,0.01,0.917,-73.58225348728115,33.974498987197876,1.022,-0.451,-0.021
1.011,0.054,1.197,-73.58225348728115,33.97483515739441,3.577,-0.346,0.015
0.989,0.016,1.477,-73.58225348728115,33.97518348693848,-0.658,-1.046,-0.018
0.99,-0.004,0.007,-73.58225348728115,33.97552967071533,-2.478,-0.171,-0.015
0.996,0.039,0.567,-74.04627339887224,33.97591280937195,1.477,-0.171,-0.019
0.994,-0.005,-0.588,-74.04627339887224,33.9762499332428,-0.868,-0.451,-0.028
1.009,0.044,-0.448,-74.04627339887224,34.55150747299194,-0.308,-0.521,0.01
1.02,0.059,-1.288,-73.76716024582808,34.554221868515015,1.687,-0.521,-0.014
1.017,0.02,-0.133,-73.76716024582808,34.554877042770386,1.092,-0.346,0.004
1.005,0.03,0.147,-73.76716024582808,34.555277824401855,0.847,-0.276,-0.014
0.996,0.066,1.022,-73.76716024582808,34.55565023422241,1.057,-0.801,-0.01
0.991,-0.01,0.112,-73.76716024582808,34.5559937953949,4.032,-0.276,-0.02
1.014,0.031,-1.323,-73.76716024582808,34.556331634521484,0.707,-0.626,-0.017
1.045,0.085,0.287,-73.76716024582808,34.55666494369507,2.317,-0.311,-0.01
1.0,0.027,-0.168,-73.76716024582808,34.557005405426025,0.217,-0.696,-0.021
0.997,0.042,-0.378,-73.76716024582808,34.55734324455261,2.667,-0.486,-0.012
1.002,0.029,-0.518,-74.46185412320256,34.55787491798401,0.077,-0.661,-0.003
1.011,0.028,0.777,-74.46185412320256,35.13799023628235,2.072,0.354,-0.025
1.009,0.038,-0.238,-74.25690298993484,35.14021182060242,2.317,-0.661,-0.018
1.006,0.036,0.252,-74.25690298993484,35.140559911727905,0.497,-0.451,0.002
1.013,0.036,-0.308,-74.25690298993484,35.14082598686218,0.952,-0.206,-0.009
1.009,0.028,0.392,-74.25690298993484,35.141112327575684,1.617,-0.311,-0.009
0.998,0.015,-0.308,-74.25690298993484,35.141411781311035,0.602,-0.801,-0.009
0.998,0.015,-0.063,-74.25690298993484,35.14168071746826,2.282,-0.766,-0.009
1.02,0.059,0.287,-74.25690298993484,35.14192199707031,-0.658,-0.101,-0.013
1.011,0.017,-0.098,-74.25690298993484,35.1422438621521,0.357,-0.766,-0.016
1.012,0.017,0.042,-74.25690298993484,35.142616510391235,0.462,-0.416,-0.016
1.011,0.054,-0.168,-73.79523658232199,35.142922163009644,0.847,-0.451,-0.005
1.011,0.028,0.112,-73.79523658232199,35.727699995040894,0.357,-0.591,-0.021
1.003,0.033,0.287,-73.57144860776243,35.7300705909729,1.022,-0.801,-0.022
1.006,0.041,0.322,-73.57144860776243,35.73043370246887,1.477,-0.801,-0.016
1.005,0.031,-0.623,-73.42091315749859,35.73074245452881,1.232,-0.241,-0.006
1.007,0.038,0.042,-73.42091315749859,35.7310049533844,1.302,-0.416,0.004
1.022,0.053,0.217,-73.42091315749859,35.73125219345093,0.917,-0.801,-0.014
1.009,0.033,0.112,-73.42091315749859,35.73149371147156,0.847,-0.486,-0.011
1.002,0.028,-0.378,-73.42091315749859,35.73173260688782,1.407,-0.206,-0.01
1.009,0.048,0.392,-73.42091315749859,35.73196983337402,0.497,-0.451,0.003
1.012,0.053,0.427,-73.42091315749859,35.73220610618591,1.197,-0.346,-0.01
1.008,0.036,-0.833,-73.42091315749859,35.732441663742065,0.742,-0.241,-0.03
0.999,0.029,0.042,-73.42091315749859,35.73267459869385,1.617,-0.871,0.008
0.998,0.026,0.567,-73.42091315749859,35.73670744895935,0.847,-0.381,-0.02
1.017,0.054,0.182,-74.67929103315306,36.29861330986023,1.547,0.459,-0.047
1.015,0.032,-0.168,-74.33932848837878,36.30095362663269,1.757,-0.381,-0.01
1.019,0.031,1.057,-73.42989560072364,36.30138397216797,-0.063,-0.696,-0.006
1.009,0.043,0.672,-73.42989560072364,36.30174708366394,1.442,-0.486,-0.024
1.006,0.038,-0.658,-73.42989560072364,36.30206084251404,0.392,-0.416,-0.01
0.992,0.017,-0.238,-73.42989560072364,36.30234718322754,1.022,-0.451,-0.013
1.014,0.045,-0.063,-73.42989560072364,36.30263304710388,1.512,-0.486,-0.023
1.021,0.034,0.112,-73.42989560072364,36.30288910865784,1.827,-0.591,-0.017
1.008,0.023,0.287,-73.42989560072364,36.303142786026,1.127,-0.416,-0.003
1.005,0.046,0.567,-73.42989560072364,36.303406715393066,0.952,-0.661,-0.008
1.008,0.036,0.007,-73.42989560072364,36.303659200668335,1.197,-0.556,-0.01
1.021,0.032,-0.623,-73.42989560072364,36.303894996643066,0.392,-0.311,-0.03
1.019,0.049,-0.273,-74.33230965696494,36.910412549972534,2.037,-0.416,-0.0
1.048,0.109,-0.378,-73.89472213678324,36.91284775733948,1.057,-0.731,-0.01
1.01,-0.004,0.462,-73.89472213678324,36.913262128829956,0.602,-0.661,-0.013
0.999,0.062,-0.378,-73.89472213678324,36.9135799407959,-0.238,-0.311,-0.04
1.014,0.06,0.042,-73.89472213678324,36.9138765335083,0.322,-0.696,-0.003
1.036,0.025,0.392,-73.89472213678324,36.91417360305786,1.022,-0.941,0.01
1.002,0.064,1.512,-73.89472213678324,36.914538621902466,1.337,-0.941,-0.007
1.014,0.061,0.392,-73.89472213678324,36.91488456726074,1.932,-1.011,-0.022
1.021,0.031,0.322,-73.89472213678324,36.91517114639282,0.182,-0.416,-0.011
1.009,0.046,-0.308,-73.61855016793052,36.91551232337952,1.372,-0.486,-0.008
1.004,0.045,-0.728,-73.61855016793052,36.915836572647095,1.162,-0.696,-0.011
1.012,0.049,0.112,-73.61855016793052,37.49249887466431,0.847,-0.661,0.005
1.013,0.033,0.287,-73.9964104950901,37.49486041069031,0.637,-0.381,-0.023
1.013,0.033,-0.413,-73.9964104950901,37.495264291763306,0.322,-0.451,-0.01
1.017,0.033,-0.413,-73.9964104950901,37.49555325508118,0.497,-0.381,-0.01
1.01,0.059,0.287,-73.9964104950901,37.49582648277283,1.967,-0.696,-0.005
1.008,0.045,0.707,-73.9964104950901,37.49610376358032,0.497,-0.766,-0.01
1.018,0.032,-0.168,-73.9964104950901,37.496368408203125,1.967,-0.136,-0.021
1.013,0.037,-0.483,-73.9964104950901,37.49662709236145,0.567,-0.521,-0.019
1.008,0.056,-0.448,-73.9964104950901,37.49689602851868,0.497,-0.836,-0.005
1.001,0.019,-0.518,-73.24507661974158,37.497151613235474,1.337,-0.556,-0.005
1.007,0.052,0.987,-73.24507661974158,37.497408866882324,0.357,-0.556,0.002
0.993,-0.011,0.322,-73.24507661974158,38.05600047111511,1.442,-0.416,-0.028
0.998,0.052,-0.028,-74.2513151417229,38.05842065811157,0.217,-0.451,-0.034
1.039,0.066,-0.028,-73.30075576600639,38.05883526802063,2.282,-0.556,-0.025
1.023,0.026,-0.763,-73.30075576600639,38.059189319610596,2.317,-0.206,-0.013
0.997,0.04,0.392,-73.30075576600639,38.05951642990112,-0.483,-0.556,-0.003
1.012,0.053,-0.063,-73.30075576600639,38.0598418712616,0.707,-0.241,0.015
1.006,0.001,-0.238,-73.30075576600639,38.06016564369202,-0.273,-0.836,-0.016
0.999,0.068,-0.098,-73.30075576600639,38.06049704551697,1.862,0.179,0.013
1.009,0.059,-1.113,-73.30075576600639,38.06083083152771,1.862,-0.451,-0.002
1.027,0.023,0.042,-73.30075576600639,38.06119894981384,1.162,-0.381,-0.002
1.009,0.059,-0.203,-73.30075576600639,38.06157851219177,0.882,-0.836,-0.024
1.009,0.059,-0.203,-73.30075576600639,38.06189966201782,0.882,-0.801,-0.024
1.012,0.017,-0.238,-73.77206096729348,38.655521392822266,2.702,-0.171,0.002
1.016,0.045,1.197,-74.48865473121656,38.65808892250061,1.127,-0.836,-0.021
1.006,0.031,-0.833,-74.48865473121656,38.6585636138916,0.952,-0.626,-0.021
1.005,0.02,-0.413,-74.48865473121656,38.65885519981384,0.042,-0.416,-0.007
1.008,0.037,-0.553,-74.48865473121656,38.659133195877075,2.352,-0.381,-0.014
1.024,0.051,0.217,-74.48865473121656,38.6593918800354,0.707,-0.416,-0.021
1.011,0.033,0.217,-74.48865473121656,38.65964436531067,0.707,-0.416,-0.019
1.006,0.049,-0.203,-74.48865473121656,38.65989947319031,0.742,-0.381,0.027
0.997,0.031,-0.063,-74.48865473121656,38.660146951675415,0.497,-0.241,-0.012
1.015,0.047,0.497,-74.48865473121656,38.66039037704468,1.092,-1.116,-0.015
1.018,0.041,0.322,-74.48865473121656,38.660632610321045,0.952,-0.591,-0.014
1.002,0.029,0.007,-75.43844017109527,38.66145706176758,0.532,-0.801,-0.011
1.003,0.04,0.077,-75.43844017109527,39.26762628555298,1.267,-0.206,-0.01
1.009,0.051,0.497,-73.08660267331388,39.27022838592529,1.652,-0.801,-0.022
1.004,0.045,0.427,-73.08660267331388,39.2706515789032,1.617,-0.591,-0.016
1.015,0.045,-0.273,-73.08660267331388,39.270944118499756,1.582,-0.346,-0.019
1.006,0.036,-0.343,-73.08660267331388,39.27131509780884,1.932,-0.416,-0.001
1.02,0.052,-0.203,-73.08660267331388,39.271602392196655,2.037,-0.451,-0.02
1.011,0.032,0.427,-73.08660267331388,39.271870136260986,0.707,-0.731,-0.02
1.008,0.025,0.112,-73.08660267331388,39.272136211395264,0.532,-0.591,-0.016
1.008,0.045,0.007,-73.08660267331388,39.27239108085632,1.582,-0.486,-0.016
1.008,0.029,0.147,-73.08763163918076,39.27264332771301,1.092,-0.381,-0.018
1.01,0.038,0.042,-73.08763163918076,39.27294707298279,1.372,-0.696,-0.005
1.008,0.038,0.077,-73.08763163918076,39.27333354949951,0.812,-0.696,0.002
1.008,0.043,0.532,-73.08763163918076,39.878602266311646,1.617,-0.486,-0.013
1.002,0.028,-0.378,-72.92448920818381,39.88080668449402,-0.273,-0.206,-0.007
1.013,0.055,0.917,-72.92448920818381,39.88115906715393,1.442,-0.661,-0.015
1.013,0.019,-0.063,-72.92448920818381,39.881468057632446,1.057,-0.906,-0.027
1.023,0.056,-0.168,-72.92448920818381,39.881744384765625,1.267,-0.136,-0.01
1.011,0.045,0.042,-72.92448920818381,39.88199830055237,1.267,-0.346,-0.001
1.004,0.023,0.112,-73.53294055276193,39.8822455406189,1.442,-0.241,-0.008
1.024,0.049,0.497,-73.53294055276193,39.88249158859253,0.987,-0.696,0.005
1.019,0.027,-0.518,-73.53294055276193,39.88273596763611,1.232,-0.206,-0.023
0.999,0.034,0.882,-73.53294055276193,39.8829824924469,1.407,-0.381,-0.005
1.02,0.043,-0.063,-73.53294055276193,39.883224964141846,2.037,-0.136,-0.009
1.018,0.043,-0.133,-73.53294055276193,39.88347029685974,1.582,-0.031,-0.019
1.004,0.035,-0.378,-73.53294055276193,40.52441120147705,1.302,-0.626,-0.008
1.017,0.036,0.007,-73.41101421978271,40.52688026428223,0.637,-0.591,-0.014
1.005,0.027,0.532,-73.41101421978271,40.52730584144592,1.932,-0.906,0.001
1.023,0.103,-2.163,-73.41101421978271,40.52758455276489,2.667,-0.346,-0.063
1.025,0.04,0.322,-73.41101421978271,40.52783274650574,0.777,-1.291,0.032
1.035,0.021,-2.758,-73.41101421978271,40.52806806564331,1.477,0.109,-0.034
1.012,0.04,0.917,-73.41101421978271,40.52829909324646,1.862,0.669,-0.015
1.012,0.076,1.267,-73.41101421978271,40.52852773666382,-0.658,-1.081,-0.014
1.006,0.028,-0.518,-73.41101421978271,40.52875232696533,2.072,-1.116,-0.027
1.012,0.073,-0.868,-73.81269689895119,40.528977155685425,0.462,-0.451,0.002
1.031,0.054,-0.448,-73.81269689895119,40.52920198440552,1.932,-0.556,-0.003
1.013,-0.001,0.497,-73.81269689895119,41.13359880447388,0.427,-0.066,-0.025
1.004,0.015,-0.063,-73.39095438614068,41.13585305213928,1.022,-0.521,-0.004
1.013,0.049,0.077,-73.39095438614068,41.13624286651611,0.847,-0.416,-0.005
1.019,0.051,-0.028,-73.39095438614068,41.13652777671814,2.002,-0.696,-0.014
1.005,0.023,0.042,-73.39095438614068,41.13680648803711,0.567,-0.346,-0.018
1.012,0.05,-0.833,-73.39095438614068,41.13705825805664,1.372,-0.521,-0.016
1.016,0.026,-0.553,-73.39095438614068,41.137295722961426,1.232,-0.416,-0.015
1.011,0.03,-0.098,-73.39095438614068,41.137542486190796,1.057,-0.521,-0.014
1.006,0.04,0.532,-73.37924308610795,41.13777732849121,1.652,-0.626,-0.011
1.013,0.046,0.567,-73.37924308610795,41.13800883293152,0.917,-0.556,-0.017
1.003,0.047,0.147,-73.37924308610795,41.13824439048767,0.917,-0.206,-0.017
1.006,0.026,-0.553,-73.37924308610795,41.74827289581299,1.372,-0.696,-0.011
1.013,0.033,0.742,-74.03812479954217,41.7506103515625,1.442,-0.801,0.016
1.019,0.026,0.497,-74.03812479954217,41.75098133087158,0.742,-0.766,-0.001
1.011,0.029,1.547,-74.03812479954217,41.75125479698181,0.602,-0.836,0.0
1.004,0.063,0.322,-74.03812479954217,41.75152540206909,-1.253,-0.276,0.005
0.995,0.027,-1.323,-74.3027070420882,41.751806020736694,-0.798,-0.241,0.001
0.998,0.036,0.462,-74.3027070420882,41.752100229263306,2.387,-0.591,-0.016
1.018,0.03,0.287,-74.3027070420882,41.75240206718445,0.812,-0.976,-0.002
1.019,0.028,0.427,-74.3027070420882,41.75266098976135,0.742,-0.626,-0.014
0.995,0.048,0.847,-74.3027070420882,41.75294375419617,-0.133,-0.346,-0.009
1.008,0.027,0.532,-74.3027070420882,41.753291845321655,0.532,-1.011,-0.002
1.008,-0.003,0.532,-74.3027070420882,41.75364112854004,0.532,-1.011,-0.002
1.026,0.06,0.217,-74.3027070420882,42.35823726654053,0.567,-0.066,-0.023
1.017,0.055,0.567,-74.39778713567819,42.36079382896423,2.807,-0.591,-0.018
1.021,0.066,0.147,-74.39778713567819,42.36127257347107,2.072,-0.206,-0.037
0.998,0.026,-0.413,-73.85770263097677,42.361608028411865,-0.413,0.074,-0.025
1.014,0.054,-0.413,-73.85770263097677,42.36190485954285,0.532,-0.976,0.008
1.013,0.056,0.427,-73.85770263097677,42.36218070983887,0.602,-0.976,0.009
1.011,0.021,0.322,-73.85770263097677,42.36245512962341,0.602,-0.136,-0.027
1.012,0.052,0.322,-73.85770263097677,42.36272716522217,-0.413,-0.276,-0.015
1.012,0.032,-0.658,-73.85770263097677,42.36299204826355,2.387,-0.241,-0.018
1.007,0.05,-0.623,-73.85770263097677,42.36325526237488,1.092,-0.276,-0.003
1.015,0.047,0.007,-73.85770263097677,42.363569259643555,1.442,-0.136,-0.013
1.025,0.04,0.637,-73.85770263097677,42.36387348175049,0.077,-0.521,-0.019
1.001,0.043,0.007,-73.85770263097677,42.976680755615234,1.652,-0.836,-0.007
1.006,0.044,0.392,-73.5564168226709,42.97893142700195,1.932,-0.521,-0.013
1.016,0.039,-0.273,-73.5564168226709,42.979347944259644,0.917,-0.486,-0.015
1.003,0.027,-0.028,-73.5564168226709,42.97968077659607,0.672,-0.346,-0.01
1.018,0.037,0.427,-73.5564168226709,42.97995924949646,1.477,-0.346,-0.011
1.003,0.048,-0.413,-73.5564168226709,42.98023319244385,1.827,-0.451,-0.019
1.005,0.037,-0.168,-73.5564168226709,42.980506896972656,1.477,-0.626,-0.014
1.019,0.043,-0.413,-73.5564168226709,42.98076033592224,0.952,-0.556,-0.002
1.007,0.041,0.602,-73.5564168226709,42.98100972175598,0.952,-0.451,-0.01
1.01,0.047,0.672,-73.5564168226709,42.981255292892456,1.652,-0.451,-0.022
1.01,0.034,-0.588,-74.0436215844497,42.98151969909668,1.197,-0.521,-0.018
1.022,0.043,-0.378,-74.0436215844497,43.588600873947144,0.672,-0.416,0.004
1.006,0.037,0.252,-73.44292862436335,43.59114599227905,1.617,-0.661,-0.012
1.006,0.037,-0.168,-73.44292862436335,43.59164571762085,0.427,-0.556,-0.025
1.014,0.055,-0.623,-73.44292862436335,43.592007875442505,1.232,-0.171,-0.016
1.01,0.034,0.812,-73.44292862436335,43.59233784675598,1.372,-0.311,-0.004
1.002,0.036,0.112,-73.44292862436335,43.592655658721924,1.687,-0.766,-0.021
0.999,0.043,-0.273,-73.44292862436335,43.59293842315674,1.442,-0.346,-0.025
1.009,0.04,-0.833,-73.21117641347703,43.593228340148926,0.917,-0.206,0.002
1.008,0.035,0.707,-73.21117641347703,43.59351634979248,1.827,-0.451,-0.021
0.997,0.034,0.497,-73.21117641347703,43.593770027160645,1.617,-0.661,-0.023
1.01,0.061,-0.098,-73.21117641347703,43.59401488304138,1.197,-0.591,-0.018
1.008,0.03,0.077,-73.21117641347703,43.59792900085449,1.232,-0.066,-0.008
0.999,0.027,0.322,-73.21117641347703,44.22615027427673,0.987,-0.346,-0.008
1.001,0.055,-0.203,-72.97087810699134,44.228456020355225,-0.413,-0.801,0.021
1.043,0.032,2.737,-73.83038852586962,44.22897934913635,-0.833,-0.346,0.032
0.981,0.032,1.407,-73.83038852586962,44.2293541431427,-1.673,-0.731,0.032
0.984,0.019,1.582,-73.83038852586962,44.229716539382935,2.072,-0.346,0.027
0.996,0.076,-0.133,-73.83038852586962,44.23006057739258,-0.098,-1.536,-0.025
1.038,0.041,0.742,-73.83038852586962,44.23039698600769,1.337,-0.731,-0.037
1.009,0.064,-0.378,-73.83038852586962,44.23073649406433,1.687,0.039,-0.02
1.032,0.044,-0.693,-73.83038852586962,44.2310676574707,1.197,-0.451,0.003
1.009,0.013,0.812,-73.83038852586962,44.231393814086914,1.267,-0.346,0.031
0.984,0.012,0.322,-73.83038852586962,44.231709718704224,0.567,-0.696,-0.004
0.999,0.055,0.042,-73.83038852586962,44.23202705383301,2.667,-1.081,-0.016
1.027,0.026,0.357,-73.80766498029293,44.8601016998291,-0.238,-0.416,0.0
1.011,0.031,-0.798,-73.91976430993621,44.86252808570862,1.267,-0.311,-0.016
1.012,0.025,-0.623,-73.91976430993621,44.86289095878601,0.567,-0.591,-0.002
1.017,0.045,0.602,-73.91976430993621,44.86314940452576,2.002,-0.731,-0.005
1.011,0.039,0.217,-73.91976430993621,44.86339020729065,1.652,-0.486,-0.023
1.012,0.039,-0.343,-73.91976430993621,44.86362624168396,1.022,-0.101,-0.008
1.004,0.035,-0.343,-74.54128765023879,44.86385798454285,1.477,-0.626,-0.01
1.01,0.031,-0.308,-74.54128765023879,44.864089488983154,0.602,-0.626,-0.016
1.015,0.027,-0.343,-74.54128765023879,44.86431813240051,1.092,-0.241,-0.001
0.998,0.032,1.092,-74.54128765023879,44.86454367637634,0.567,-0.766,0.003
1.013,0.019,-0.273,-74.54128765023879,44.86477017402649,1.372,-0.521,-0.016
1.01,0.052,-0.973,-74.54128765023879,45.47895932197571,1.092,-0.591,-0.032
0.991,0.064,1.057,-74.92854901918415,45.47962021827698,0.462,-0.591,-0.001
1.017,0.056,-1.078,-74.92854901918415,45.482009172439575,2.422,-0.311,-0.02
1.019,0.023,0.042,-74.92854901918415,45.48236703872681,1.092,-0.941,-0.018
1.008,0.062,0.252,-75.71572440391702,45.48264980316162,1.827,-0.731,-0.007
0.991,0.037,-0.063,-75.71572440391702,45.482922315597534,0.742,-0.521,-0.005
1.007,0.014,-0.063,-75.71572440391702,45.483184814453125,2.457,-0.556,-0.01
1.018,0.043,-0.063,-75.71572440391702,45.48344802856445,2.457,-0.556,-0.021
1.009,0.034,-0.553,-75.71572440391702,45.483707904815674,1.932,-0.276,-0.018
1.012,0.056,-0.168,-75.71572440391702,45.48397159576416,1.582,-0.311,-0.002
1.01,0.02,0.602,-75.71572440391702,45.48423790931702,0.812,-0.696,-0.006
1.009,0.058,-0.168,-75.71572440391702,45.484513998031616,1.162,-0.311,-0.026
1.003,0.051,-0.623,-75.71572440391702,46.13685917854309,0.882,-0.416,-0.015
0.994,0.041,-0.063,-74.44745763167026,46.13923954963684,0.637,-0.661,-0.017
1.016,0.047,-0.413,-74.44745763167026,46.13962197303772,1.547,-0.311,-0.008
1.014,0.032,-0.413,-74.44745763167026,46.13991618156433,2.002,-0.311,-0.017
1.015,0.035,0.042,-74.44745763167026,46.14019155502319,1.057,-0.766,-0.001
1.009,0.03,0.007,-74.44745763167026,46.140458822250366,0.497,-0.136,-0.005
1.006,0.053,0.462,-74.44745763167026,46.14071702957153,0.007,-0.696,-0.024
1.006,0.051,-0.343,-74.40855251013006,46.140981912612915,0.007,-0.346,-0.007
1.005,0.014,0.042,-74.40855251013006,46.14123845100403,1.477,-0.731,-0.008
1.022,0.054,0.252,-74.40855251013006,46.14150071144104,1.337,-0.241,-0.006
1.026,0.057,0.077,-74.40855251013006,46.141815185546875,2.142,-0.276,-0.027
1.0,0.03,-0.133,-74.40855251013006,46.142133951187134,0.847,-0.731,-0.005
1.01,0.039,-0.133,-74.40855251013006,46.749597787857056,1.792,-0.416,-0.02
1.007,0.034,-0.308,-74.24583875809974,46.75026798248291,1.267,-0.766,0.004
1.006,0.036,0.987,-74.24583875809974,46.75253868103027,-0.308,-0.556,-0.004
1.011,0.036,-0.133,-74.24583875809974,46.75305247306824,1.687,-0.381,-0.016
1.013,0.054,-0.378,-74.24583875809974,46.75347590446472,0.742,-0.451,-0.014
1.007,0.049,-0.623,-73.48110318309254,46.75389337539673,1.582,-0.206,-0.012
0.996,0.023,0.007,-73.48110318309254,46.75426983833313,0.602,-0.521,-0.03
1.022,0.05,-0.413,-73.48110318309254,46.75464105606079,0.672,-0.521,-0.016
1.033,0.047,-0.168,-73.48110318309254,46.75497555732727,1.512,-0.976,0.005
1.0,0.023,0.742,-73.48110318309254,46.755359172821045,1.232,-0.241,-0.032
1.014,0.057,-0.693,-73.48110318309254,46.75569200515747,1.232,-0.066,-0.04
0.998,0.022,-1.113,-73.48110318309254,46.75599241256714,0.042,-1.081,0.005
1.006,0.038,1.022,-73.48110318309254,47.35857677459717,-0.028,-0.101,0.001
1.004,0.046,-0.273,-73.31444044080388,47.361228227615356,1.547,-0.311,-0.01
0.994,0.022,-0.168,-73.42253810991662,47.36174249649048,1.057,-0.626,-0.005
1.021,0.049,0.497,-73.42253810991662,47.362059593200684,0.742,-0.521,-0.009
1.025,0.042,-0.273,-73.42253810991662,47.36235952377319,1.162,-0.591,-0.017
1.003,0.027,0.532,-73.42253810991662,47.36263632774353,0.532,-0.766,0.002
1.012,0.047,0.427,-73.42253810991662,47.3629035949707,0.987,-0.556,-0.019
1.006,0.036,0.287,-73.42253810991662,47.36316990852356,1.162,-0.346,-0.026
1.013,0.024,-0.658,-73.42253810991662,47.36343288421631,1.197,-0.521,-0.014
1.015,0.048,-0.133,-73.42253810991662,47.36369824409485,1.547,-0.381,-0.003
1.007,0.038,0.602,-73.42253810991662,47.363959550857544,0.427,-0.766,-0.009
1.014,0.042,0.112,-73.42253810991662,47.364380836486816,1.547,-0.241,-0.027
1.009,0.034,-0.273,-73.83831092452156,48.02520751953125,1.617,-0.766,-0.005
1.009,0.037,0.007,-73.18083769076756,48.02761483192444,0.987,-0.451,-0.015
1.009,0.041,-0.168,-73.18083769076756,48.028050661087036,0.952,-0.486,-0.01
1.009,0.036,0.077,-73.18083769076756,48.028411865234375,1.267,-0.696,-0.002
1.011,0.035,0.147,-73.01241873369084,48.02872943878174,1.092,-0.451,-0.014
1.007,0.035,0.007,-73.01241873369084,48.02903723716736,1.057,-0.591,-0.016
1.007,0.028,-0.203,-73.01241873369084,48.02933621406555,1.022,-0.626,-0.01
1.013,0.046,0.112,-73.01241873369084,48.029648303985596,1.197,-0.416,-0.008
1.01,0.041,0.077,-73.01241873369084,48.02995562553406,1.162,-0.451,-0.013
1.009,0.032,-0.168,-73.01241873369084,48.03032684326172,0.847,-0.381,-0.012
1.015,0.042,0.147,-73.01241873369084,48.03062915802002,1.302,-0.731,-0.008
1.01,0.04,0.112,-73.01241873369084,48.03149127960205,1.197,-0.451,-0.005
1.01,0.041,0.112,-73.01241873369084,48.645058155059814,0.812,-0.556,-0.007
1.012,0.036,0.112,-74.2283566139356,48.64575433731079,1.057,-0.626,-0.013
1.013,0.038,0.007,-74.2283566139356,48.647836446762085,1.267,-0.451,-0.017
1.003,0.034,-0.203,-74.2283566139356,48.648200273513794,1.197,-0.381,-0.016
1.01,0.043,0.182,-74.2283566139356,48.648491621017456,0.987,-0.521,-0.006
1.015,0.042,0.077,-74.2283566139356,48.648767709732056,1.162,-0.521,-0.015
1.009,0.042,-0.028,-74.2283566139356,48.64903783798218,0.987,-0.591,-0.016
1.008,0.037,-0.028,-74.2283566139356,48.64930248260498,1.162,-0.311,-0.014
1.014,0.044,-0.063,-74.2283566139356,48.64957666397095,1.092,-0.556,-0.004
1.005,0.039,0.112,-74.2283566139356,48.64992022514343,1.162,-0.416,-0.022
1.015,0.043,-0.098,-74.2283566139356,48.65024161338806,1.127,-0.416,-0.007
1.012,0.042,0.217,-73.45817203570687,48.65234088897705,1.127,-0.661,-0.015
1.01,0.035,-0.028,-73.45817203570687,49.31374526023865,1.197,-0.276,-0.007
1.007,0.039,-0.063,-73.32400027448998,49.31442975997925,1.302,-0.486,-0.018
1.009,0.034,-0.203,-73.08174515941754,49.3147976398468,0.847,-0.311,-0.019
1.009,0.036,0.322,-73.08174515941754,49.31681680679321,1.197,-0.451,-0.012
1.012,0.041,-0.203,-73.08174515941754,49.31720304489136,1.162,-0.416,-0.014
1.014,0.044,0.217,-73.08174515941754,49.3175528049469,1.057,-0.521,-0.005
1.01,0.037,0.182,-73.08174515941754,49.31789827346802,0.952,-0.661,-0.018
1.012,0.04,-0.308,-73.08174515941754,49.31819796562195,1.232,-0.346,-0.018
1.006,0.039,0.077,-73.08174515941754,49.318523645401,1.162,-0.416,-0.016
1.014,0.042,-0.168,-73.08174515941754,49.31888461112976,0.882,-0.661,-0.009
1.011,0.036,0.182,-73.08174515941754,49.31930589675903,1.232,-0.206,-0.009
1.008,0.031,0.322,-73.08174515941754,49.322425365448,1.162,-0.591,-0.012
1.012,0.041,-0.203,-73.46215731362489,49.98387002944946,0.847,-0.416,-0.014
1.01,0.038,0.112,-73.48191680832583,49.984965801239014,1.617,-0.416,-0.007
1.006,0.035,0.112,-73.48191680832583,49.98610734939575,0.602,-0.556,-0.014
1.011,0.038,-0.028,-73.48191680832583,49.98680353164673,1.407,-0.486,-0.012
1.014,0.038,-0.168,-73.15995615438624,49.98991918563843,0.987,-0.661,-0.02
1.007,0.04,0.112,-73.15995615438624,49.99035382270813,1.022,-0.381,-0.01
1.014,0.038,0.147,-73.15995615438624,49.990721702575684,1.057,-0.451,-0.016
1.011,0.037,-0.028,-73.15995615438624,49.99107575416565,1.197,-0.451,-0.011
1.009,0.036,0.147,-73.15995615438624,49.99142622947693,0.742,-0.416,-0.017
1.018,0.042,-0.133,-73.15995615438624,49.991777420043945,1.127,-0.486,-0.011
1.012,0.04,0.077,-73.15995615438624,49.99214005470276,1.232,-0.626,-0.01
1.009,0.039,-0.063,-73.15995615438624,49.99248671531677,1.162,-0.486,-0.009
1.008,0.036,0.287,-73.15995615438624,50.650062561035156,0.812,-0.451,-0.012
1.011,0.036,0.112,-74.17139222850196,50.65262818336487,0.882,-0.486,-0.006
1.008,0.043,-0.098,-74.17139222850196,50.65316081047058,1.267,-0.451,-0.013
1.012,0.044,-0.028,-74.17139222850196,50.653522968292236,0.882,-0.346,-0.015
1.01,0.034,0.007,-74.17139222850196,50.653944969177246,1.092,-0.661,-0.009
1.007,0.037,0.077,-73.38386029246324,50.65432810783386,0.952,-0.416,-0.009
1.011,0.052,0.147,-73.38386029246324,50.65463829040527,1.162,-0.346,-0.014
1.017,0.038,-0.238,-73.38386029246324,50.654969692230225,1.092,-0.556,-0.011
1.007,0.034,0.252,-73.38386029246324,50.655319690704346,0.917,-0.416,-0.006
1.01,0.043,-0.063,-73.38386029246324,50.65564274787903,1.302,-0.416,-0.012
1.013,0.036,-0.028,-73.38386029246324,50.655975103378296,0.987,-0.451,-0.019
1.015,0.038,0.007,-73.38386029246324,51.30350375175476,1.372,-0.486,-0.015
1.014,0.046,0.322,-73.46215731362489,51.304245710372925,0.812,-0.486,-0.009
1.009,0.04,-0.448,-73.46215731362489,51.306480169296265,1.582,-0.486,-0.021
1.012,0.035,0.217,-73.46215731362489,51.30688786506653,0.742,-0.626,-0.008
1.013,0.04,-0.343,-73.46215731362489,51.30722117424011,1.267,-0.451,-0.008
1.011,0.037,0.252,-73.46215731362489,51.30754089355469,1.162,-0.381,-0.007
1.013,0.037,-0.028,-73.46215731362489,51.30785346031189,0.882,-0.661,-0.01
1.009,0.041,-0.028,-73.46215731362489,51.30816078186035,1.127,-0.486,-0.007
1.005,0.04,0.357,-73.46215731362489,51.308473110198975,0.917,-0.311,-0.009
1.009,0.029,-0.518,-73.53427607500176,51.30876421928406,1.092,-0.416,-0.015
1.005,0.035,0.357,-73.53427607500176,51.30909299850464,1.162,-0.591,-0.004
1.014,0.043,0.217,-73.53427607500176,51.31179475784302,0.847,-0.451,-0.016
1.006,0.03,-0.063,-73.53427607500176,51.952696323394775,1.302,-0.521,-0.016
1.015,0.03,-0.133,-73.69516925988191,51.95348501205444,1.372,-0.451,-0.012
1.009,0.034,0.112,-73.69516925988191,52.62779784202576,0.952,-0.486,-0.013
