ay,ax,time,az,vz,vy,vx,comp
-0.005,0.032,1.097731113433838,1.011,-0.556,0.987,-0.168,-73.38159840490536
-0.011,0.038,1.0984606742858887,1.015,-0.416,1.127,0.182,-73.38159840490536
-0.019,0.041,1.098876714706421,1.008,-0.591,1.232,-0.028,-73.38159840490536
-0.012,0.031,1.099156141281128,1.005,-0.486,0.952,-0.063,-73.38159840490536
-0.011,0.04,1.0994324684143066,1.014,-0.416,0.987,0.147,-73.38159840490536
-0.015,0.039,1.0997543334960938,1.009,-0.416,1.162,-0.133,-73.38159840490536
-0.013,0.036,1.1000745296478271,1.006,-0.486,1.022,0.007,-73.38159840490536
-0.012,0.037,1.1003837585449219,1.013,-0.626,1.162,0.112,-73.38159840490536
-0.017,0.041,1.1006743907928467,1.015,-0.486,0.777,-0.028,-73.38159840490536
-0.014,0.03,1.1009576320648193,1.006,-0.451,1.372,0.077,-73.22552292667616
-0.011,0.041,1.1012458801269531,1.008,-0.521,0.777,-0.238,-73.22552292667616
-0.01,0.041,1.1084058284759521,1.013,-0.521,1.372,0.462,-73.22552292667616
-0.023,0.035,1.7186226844787598,1.014,-0.416,0.987,-0.203,-73.22552292667616
-0.018,0.033,1.721057415008545,1.014,-0.416,1.162,-0.343,-73.04684435811949
-0.012,0.038,1.721451997756958,1.012,-0.626,0.952,0.217,-73.04684435811949
-0.012,0.039,1.7217738628387451,1.012,-0.171,1.232,-0.238,-73.04684435811949
-0.009,0.036,1.7220871448516846,1.009,-0.416,1.302,0.112,-73.04684435811949
-0.018,0.032,1.7223844528198242,1.012,-0.591,0.847,-0.203,-73.04684435811949
-0.016,0.039,1.7226731777191162,1.011,-0.346,1.197,-0.203,-73.88353057170494
-0.007,0.042,1.7229704856872559,1.011,-0.521,1.232,0.112,-73.88353057170494
-0.012,0.035,1.723271131515503,1.016,-0.556,0.987,0.182,-73.88353057170494
-0.014,0.041,1.7235643863677979,1.012,-0.381,1.057,-0.098,-73.88353057170494
-0.013,0.038,1.7238540649414062,1.006,-0.521,1.022,-0.518,-73.88353057170494
-0.007,0.032,2.306305408477783,1.013,-0.521,1.092,0.252,-73.88353057170494
-0.01,0.044,2.3085737228393555,1.014,-0.346,1.267,0.042,-73.2911113108872
-0.014,0.041,2.3089797496795654,1.012,-0.416,0.987,0.182,-73.2911113108872
-0.017,0.033,2.3092992305755615,1.01,-0.486,0.497,-0.238,-73.2911113108872
-0.012,0.035,2.3096022605895996,1.008,-0.451,1.092,-0.063,-73.2911113108872
-0.013,0.038,2.3098957538604736,1.012,-0.381,1.337,0.007,-73.06230162317645
-0.011,0.036,2.3101820945739746,1.016,-0.486,1.092,0.042,-73.06230162317645
-0.015,0.036,2.3104681968688965,1.013,-0.486,0.812,0.077,-73.06230162317645
-0.015,0.041,2.3107526302337646,1.011,-0.381,1.057,-0.098,-73.06230162317645
-0.008,0.031,2.3110313415527344,1.009,-0.381,0.742,0.112,-73.06230162317645
-0.01,0.036,2.3113341331481934,1.009,-0.521,1.127,0.217,-73.06230162317645
-0.014,0.045,2.9060592651367188,1.015,-0.556,0.917,-0.168,-73.06230162317645
-0.017,0.035,2.906740188598633,1.012,-0.346,1.232,-0.133,-72.92448920818381
-0.005,0.041,2.908968210220337,1.01,-0.696,0.882,0.147,-72.92448920818381
-0.011,0.041,2.909348726272583,1.011,-0.276,1.302,0.077,-72.92448920818381
-0.018,0.035,2.9096977710723877,1.015,-0.416,0.987,-0.378,-72.92448920818381
-0.007,0.038,2.910031795501709,1.01,-0.661,0.637,0.462,-72.54492905762302
-0.016,0.034,2.9103598594665527,1.006,-0.241,1.547,-0.028,-72.54492905762302
-0.014,0.042,2.9106853008270264,1.013,-0.556,0.847,0.042,-72.54492905762302
-0.017,0.032,2.9110045433044434,1.013,-0.346,1.127,-0.168,-72.54492905762302
-0.008,0.035,2.9113283157348633,1.011,-0.416,1.057,-0.098,-72.54492905762302
-0.005,0.037,2.911651849746704,1.009,-0.661,0.847,0.707,-72.54492905762302
-0.025,0.033,2.911970615386963,1.011,-0.276,1.057,-0.273,-72.54492905762302
-0.014,0.046,3.513730764389038,1.014,-0.591,1.127,-0.028,-72.54492905762302
-0.011,0.039,3.51607346534729,1.009,-0.311,1.232,-0.028,-73.56255057591267
-0.015,0.034,3.5165228843688965,1.015,-0.591,1.057,-0.063,-73.56255057591267
-0.014,0.037,3.5168495178222656,1.014,-0.451,0.882,0.042,-73.56255057591267
-0.015,0.035,3.517186164855957,1.006,-0.486,1.057,0.112,-73.56255057591267
-0.01,0.036,3.5175039768218994,1.008,-0.521,1.162,0.007,-73.56255057591267
-0.012,0.032,3.5178542137145996,1.012,-0.521,1.057,-0.063,-72.96064962290552
-0.018,0.038,3.5182323455810547,1.011,-0.486,1.057,0.007,-72.96064962290552
-0.01,0.037,3.5185699462890625,1.01,-0.451,1.127,-0.098,-72.96064962290552
-0.008,0.037,3.518925905227661,1.013,-0.696,1.372,0.112,-72.96064962290552
-0.014,0.036,3.519300699234009,1.011,-0.346,0.987,-0.063,-72.96064962290552
-0.015,0.036,3.519681453704834,1.012,-0.451,1.162,-0.308,-72.96064962290552
-0.009,0.034,3.5200631618499756,1.011,-0.451,0.882,0.112,-72.96064962290552
-0.008,0.037,3.520465135574341,1.013,-0.486,1.127,0.287,-72.96064962290552
-0.016,0.035,3.5208377838134766,1.009,-0.556,1.022,0.042,-72.96064962290552
-0.018,0.037,4.120108604431152,1.009,-0.346,0.952,-0.203,-72.96064962290552
-0.01,0.042,4.122581720352173,1.01,-0.451,0.847,-0.168,-73.00420877015063
-0.012,0.037,4.123225212097168,1.009,-0.416,1.232,0.217,-73.00420877015063
-0.012,0.033,4.1236982345581055,1.013,-0.486,1.197,-0.063,-73.00420877015063
-0.009,0.038,4.124137878417969,1.01,-0.626,1.162,0.147,-73.00420877015063
-0.017,0.036,4.124591827392578,1.015,-0.451,0.882,-0.028,-73.00420877015063
-0.012,0.038,4.124954462051392,1.009,-0.206,1.232,-0.273,-73.00420877015063
-0.008,0.062,4.125293254852295,1.01,-0.486,1.162,0.007,-73.00420877015063
-0.011,0.038,4.125667572021484,1.013,-0.451,0.987,0.042,-73.00420877015063
-0.015,0.041,4.1260292530059814,1.011,-0.311,0.847,0.007,-73.00420877015063
-0.012,0.04,4.126331329345703,1.015,-0.451,1.477,0.042,-73.10728211117103
-0.011,0.037,4.129209995269775,1.01,-0.451,0.777,0.042,-73.10728211117103
-0.012,0.036,4.798619270324707,1.011,-0.346,1.302,0.007,-73.10728211117103
-0.025,0.062,4.800931215286255,1.029,-0.381,1.337,-0.238,-73.28508941066146
-0.004,0.039,4.801276922225952,1.005,-0.171,0.217,-0.028,-72.93004637642716
0.009,0.048,4.8015429973602295,1.012,-0.451,1.757,-0.133,-72.93004637642716
-0.026,0.03,4.801786184310913,1.013,-0.731,1.407,0.357,-72.93004637642716
-0.006,0.047,4.802018880844116,1.019,-0.416,1.092,-0.098,-72.93004637642716
-0.01,0.052,4.8022449016571045,1.021,-0.486,0.987,-0.343,-72.93004637642716
-0.012,0.055,4.802511215209961,1.006,-0.381,0.602,0.567,-72.93004637642716
-0.021,0.036,4.802775859832764,1.016,-0.731,0.182,-0.203,-72.93004637642716
-0.005,0.035,4.803018093109131,1.016,-0.731,0.672,0.217,-72.93004637642716
-0.027,0.03,4.803257942199707,1.026,-0.206,1.232,0.252,-72.93004637642716
-0.017,0.055,4.807756662368774,0.995,-0.486,0.987,0.147,-73.07754423072447
0.014,0.037,5.43175745010376,1.004,-0.346,0.392,-0.693,-73.07754423072447
-0.022,0.027,5.434039831161499,1.006,-0.591,1.127,-0.448,-73.34013836248698
-0.005,0.037,5.434380769729614,1.02,-0.836,1.967,-1.008,-73.34013836248698
-0.032,0.031,5.434641361236572,0.993,-0.416,0.777,0.392,-73.34013836248698
0.005,0.033,5.434882164001465,1.001,-0.731,0.042,1.022,-73.34013836248698
-0.015,0.022,5.435115814208984,1.026,-0.836,-0.833,1.652,-73.34013836248698
-0.03,0.052,5.4353461265563965,1.026,-0.836,-0.833,1.652,-73.34013836248698
-0.039,0.031,5.4355809688568115,1.009,0.074,2.737,-0.308,-76.31221894332138
0.025,0.058,5.43581223487854,1.023,-1.046,1.372,0.532,-76.31221894332138
0.025,0.058,5.436036825180054,1.023,-0.346,1.372,0.532,-76.31221894332138
-0.036,0.032,5.436261415481567,1.015,-0.486,0.042,1.687,-76.31221894332138
-0.008,0.038,6.039856672286987,0.993,-0.416,1.337,-0.518,-76.31221894332138
-0.014,0.046,6.040456771850586,0.996,-0.626,0.952,-0.168,-73.230382274869
-0.005,0.068,6.040789604187012,1.04,-0.171,1.442,-0.483,-73.230382274869
-0.01,0.031,6.0410566329956055,1.03,-0.346,0.427,0.182,-73.230382274869
-0.011,0.027,6.0413103103637695,0.985,-0.591,1.792,0.637,-73.230382274869
-0.014,0.048,6.041696310043335,0.989,-0.486,-0.203,0.182,-73.71174027278232
-0.023,0.002,6.042078971862793,1.007,-0.696,1.897,-0.168,-73.71174027278232
-0.018,0.043,6.0424394607543945,1.025,-0.696,1.897,-0.063,-73.71174027278232
-0.004,0.058,6.044701814651489,1.02,-0.031,1.967,-0.658,-73.71174027278232
-0.015,0.015,6.045070648193359,1.001,-0.486,1.547,0.077,-73.71174027278232
-0.016,0.033,6.04533839225769,1.001,-0.486,1.127,0.252,-73.71174027278232
-0.02,0.032,6.0457377433776855,1.023,-0.486,0.637,-0.343,-73.71174027278232
-0.017,0.024,6.048542499542236,1.021,-0.486,0.637,-0.343,-73.71174027278232
-0.008,0.036,6.693628311157227,1.011,-0.346,1.022,-0.518,-73.71174027278232
0.001,0.053,6.696036100387573,1.0,-0.381,1.127,0.182,-74.05460409907715
-0.005,0.039,6.696582317352295,1.017,0.074,1.547,-0.833,-74.05460409907715
-0.017,0.032,6.696915864944458,1.014,-0.311,1.477,0.042,-74.05460409907715
-0.021,0.047,6.697189807891846,1.017,-0.241,1.442,0.392,-74.05460409907715
-0.01,0.032,6.697438478469849,0.998,-0.591,1.512,0.042,-74.05460409907715
-0.015,0.05,6.697676658630371,1.017,0.004,1.302,0.252,-74.05460409907715
-0.022,0.05,6.6979079246521,1.009,0.249,1.407,-0.133,-74.05460409907715
-0.013,0.027,6.698139190673828,1.011,-0.976,1.652,-0.098,-73.22477446466591
0.001,0.042,6.698371410369873,1.015,-0.451,1.197,0.322,-73.22477446466591
-0.017,0.044,6.698640823364258,1.01,-0.521,1.582,0.847,-73.22477446466591
-0.017,0.03,6.698891639709473,1.003,-0.661,1.022,0.217,-73.22477446466591
-0.003,0.047,7.3257482051849365,1.018,-0.171,1.232,-0.133,-73.22477446466591
-0.034,0.029,7.328166723251343,1.014,-0.871,1.477,0.112,-73.91675239629215
-0.014,0.037,7.328655958175659,1.022,-0.346,1.232,-0.098,-73.91675239629215
-0.004,0.051,7.329023122787476,1.012,-0.241,1.477,0.077,-73.91675239629215
-0.017,0.037,7.32936692237854,1.012,-0.451,1.022,0.252,-73.60475552848601
-0.014,0.057,7.329692125320435,1.017,-0.591,1.617,0.112,-73.60475552848601
-0.012,0.039,7.330011606216431,1.02,-0.451,1.057,-0.413,-73.60475552848601
-0.029,0.056,7.33032488822937,1.008,-0.136,1.652,0.427,-73.60475552848601
-0.005,0.043,7.3306379318237305,1.012,-0.906,0.427,1.372,-73.60475552848601
-0.023,0.039,7.330947399139404,1.004,-0.521,1.547,-0.833,-73.60475552848601
-0.035,0.061,7.331260681152344,1.033,0.179,2.422,-1.533,-73.60475552848601
0.006,0.043,7.331578254699707,1.008,-0.276,0.847,0.707,-73.60475552848601
-0.032,0.027,7.9296159744262695,1.016,-0.521,2.282,-0.833,-73.60475552848601
-0.071,0.062,7.932096004486084,1.047,-0.381,2.562,-0.553,-74.47368209393656
0.009,0.073,7.932610034942627,0.991,-0.416,2.912,0.742,-74.47368209393656
-0.007,0.008,7.932969570159912,1.002,-0.556,0.847,-0.938,-74.47368209393656
-0.048,0.002,7.933304786682129,1.012,0.249,0.252,-0.273,-74.47368209393656
-0.014,0.022,7.933643817901611,1.015,0.144,0.987,-0.203,-74.47368209393656
0.01,0.039,7.933929443359375,0.994,-0.696,1.162,-0.588,-74.47368209393656
0.007,0.031,7.93420147895813,1.008,-1.081,1.652,-0.518,-74.47368209393656
-0.011,0.047,7.9344682693481445,1.027,-0.346,0.357,1.057,-74.47368209393656
-0.021,0.031,7.934732675552368,1.011,-0.871,0.112,-0.238,-74.47368209393656
-0.002,0.024,7.934993267059326,1.0,-1.291,1.302,-0.273,-74.47368209393656
-0.006,0.046,8.55482006072998,1.006,-0.136,1.617,0.147,-76.04776787877711
0.004,0.04,8.557100057601929,1.012,-0.416,1.512,-0.658,-73.36164601270619
-0.017,0.04,8.557519435882568,1.0,-0.591,0.882,0.497,-73.36164601270619
-0.027,0.054,8.557830095291138,1.015,-0.416,1.547,0.427,-73.36164601270619
-0.018,0.029,8.558106184005737,1.014,-0.556,0.672,-0.518,-73.36164601270619
-0.0,0.054,8.558364152908325,1.024,-0.521,0.357,-0.098,-73.36164601270619
-0.015,0.042,8.558619022369385,1.021,-0.661,1.197,0.567,-73.36164601270619
-0.018,0.042,8.558870315551758,1.001,-0.136,1.267,-0.623,-73.36164601270619
-0.001,0.042,8.559120893478394,1.01,-0.836,0.567,0.007,-73.99210686820959
-0.015,0.037,8.559377193450928,1.021,-0.696,1.407,1.092,-73.99210686820959
-0.032,0.04,8.5596284866333,1.017,-0.101,1.337,-0.063,-73.99210686820959
-0.013,0.053,9.11427116394043,1.006,-0.241,1.407,-0.658,-73.99210686820959
-0.015,0.028,9.11667275428772,1.028,-0.591,0.742,-0.133,-73.35917909592928
0.006,0.012,9.117117404937744,1.009,-0.696,-0.518,2.527,-73.35917909592928
-0.047,0.051,9.117403030395508,1.011,-0.311,3.087,0.602,-73.35917909592928
-0.001,0.037,9.117659091949463,1.005,-0.591,1.582,-0.238,-73.35917909592928
0.0,0.019,9.117907762527466,1.001,-0.066,0.917,0.007,-73.35917909592928
-0.024,0.04,9.118169784545898,1.012,-0.346,1.197,0.322,-73.35917909592928
-0.008,0.034,9.118422269821167,1.014,-1.151,1.722,0.602,-73.35917909592928
-0.008,0.041,9.118663549423218,1.01,-0.941,0.952,0.287,-73.35917909592928
-0.013,0.051,9.118901491165161,1.006,-0.101,1.197,0.532,-73.35917909592928
-0.019,0.028,9.119203329086304,1.018,-0.381,1.337,-0.728,-73.35917909592928
-0.008,0.041,9.1194589138031,1.021,-0.381,0.602,-0.658,-73.48853472020899
-0.009,0.038,9.691852807998657,1.006,-0.556,1.407,0.462,-73.48853472020899
-0.022,0.06,9.69407057762146,1.016,-0.521,1.862,-0.133,-72.96879572440247
-0.006,0.057,9.694430589675903,1.022,-0.521,1.302,-0.063,-72.96879572440247
-0.014,0.027,9.694751501083374,1.016,-0.486,1.162,-0.028,-72.96879572440247
-0.013,0.048,9.69514274597168,0.997,-0.731,1.092,0.637,-72.96879572440247
-0.022,0.056,9.695519208908081,1.01,-0.626,2.247,0.042,-72.96879572440247
-0.018,0.009,9.69590449333191,0.999,-1.046,-0.693,0.077,-72.96879572440247
0.004,0.043,9.69629716873169,1.019,-0.486,-0.028,-0.098,-72.96879572440247
-0.017,0.044,9.696632862091064,1.022,-0.416,1.162,0.042,-72.96879572440247
-0.029,0.017,9.69689154624939,1.007,-0.486,1.232,0.637,-72.96879572440247
-0.011,0.051,9.697129726409912,1.011,-0.066,0.147,-0.728,-72.96879572440247
0.004,0.061,9.698878288269043,1.006,-0.801,0.497,-0.203,-73.03122636958123
-0.011,0.02,10.24033784866333,1.005,-0.486,0.707,0.532,-73.03122636958123
-0.016,0.04,10.240932941436768,1.015,-0.346,0.882,0.707,-73.90500710347463
-0.017,0.026,10.241234540939331,1.02,-0.661,0.112,0.462,-73.90500710347463
-0.021,0.042,10.243193864822388,1.009,-0.556,2.352,0.707,-73.90500710347463
-0.012,0.042,10.243480205535889,1.001,-0.381,0.007,0.287,-73.90500710347463
-0.018,0.022,10.243732452392578,1.02,-0.556,1.652,-0.518,-73.90500710347463
-0.001,0.023,10.243973970413208,1.005,-0.626,-0.378,-0.378,-73.96153661231638
-0.021,0.057,10.244217872619629,1.023,-0.381,2.422,-0.343,-73.96153661231638
-0.023,0.029,10.244481563568115,1.007,-0.696,1.617,0.462,-73.96153661231638
-0.027,0.042,10.244716882705688,1.006,-0.206,1.652,0.532,-73.96153661231638
-0.012,0.044,10.244946718215942,1.005,-0.661,0.882,0.042,-73.96153661231638
-0.042,-0.0,10.245172262191772,1.0,-0.556,1.512,-0.203,-73.96153661231638
0.002,0.069,10.249885559082031,1.021,-0.241,2.422,-0.168,-73.96153661231638
0.032,0.005,10.813030242919922,0.995,-0.521,0.602,-0.063,-73.96153661231638
-0.049,0.04,10.813679695129395,0.982,-0.661,2.002,-0.028,-74.58733799328418
0.015,0.047,10.81578803062439,0.997,-1.851,0.637,-1.393,-74.58733799328418
0.015,0.029,10.816171884536743,1.001,-0.661,1.792,-0.378,-74.58733799328418
-0.024,0.026,10.816561698913574,1.051,0.564,0.987,0.392,-74.58733799328418
-0.021,0.032,10.816917181015015,1.012,-0.136,0.392,0.742,-74.58733799328418
-0.029,0.006,10.817248582839966,0.976,-1.046,1.372,0.147,-74.58733799328418
-0.008,0.071,10.817581415176392,1.014,-0.661,0.742,-0.448,-73.83002739842945
-0.012,0.016,10.817934274673462,1.025,-0.486,0.917,-0.693,-73.83002739842945
0.016,0.016,10.818251848220825,1.032,-0.311,0.567,-0.448,-73.83002739842945
-0.015,0.045,10.818565845489502,1.006,0.144,1.092,1.162,-73.83002739842945
-0.02,0.015,11.40600299835205,0.983,-0.766,0.532,-0.133,-73.83002739842945
-0.03,0.052,11.408329963684082,1.01,-0.766,2.282,-0.063,-74.35152827816678
0.008,0.075,11.408740043640137,1.001,-0.346,0.322,0.777,-74.35152827816678
-0.004,0.023,11.409005403518677,1.013,-0.731,0.987,-1.043,-74.35152827816678
-0.019,0.047,11.409267663955688,1.042,-0.801,1.442,0.112,-74.35152827816678
-0.014,0.05,11.409579515457153,1.013,-0.416,0.847,-0.693,-74.35152827816678
0.009,0.024,11.40987753868103,0.988,-0.381,0.812,0.077,-74.35152827816678
-0.035,0.043,11.410172700881958,1.022,-0.311,1.722,0.147,-74.5433687571988
-0.041,0.058,11.41047716140747,1.022,-0.206,1.722,0.147,-74.5433687571988
0.008,0.038,11.410773515701294,1.013,-0.206,1.022,-1.253,-74.5433687571988
-0.013,0.046,11.411059141159058,1.001,-0.661,2.072,1.337,-74.5433687571988
-0.013,0.046,11.41138505935669,1.001,-0.311,2.072,1.337,-74.5433687571988
0.007,0.043,12.057594299316406,1.025,-0.311,1.022,0.042,-74.5433687571988
0.008,0.029,12.060230016708374,1.001,0.144,2.562,0.287,-74.37040441021941
-0.01,0.065,12.06075119972229,1.037,-1.151,-0.483,0.322,-74.37040441021941
-0.09,0.144,12.061120986938477,1.102,0.179,2.982,-0.413,-74.37040441021941
0.032,0.02,12.061401844024658,1.007,0.179,2.982,-0.413,-74.37040441021941
-0.041,0.052,12.061658143997192,0.988,-0.696,1.057,0.707,-74.37040441021941
-0.036,0.024,12.061898231506348,1.005,-0.801,0.217,-0.203,-74.37040441021941
-0.036,0.016,12.062130451202393,1.005,-0.801,0.217,-0.203,-74.37040441021941
-0.0,0.045,12.062357187271118,1.016,-0.486,1.092,-0.063,-74.37040441021941
0.003,0.029,12.06258487701416,1.019,-0.276,1.057,-0.378,-74.37040441021941
-0.022,0.032,12.062815189361572,0.997,-0.556,0.637,1.372,-73.73411448751703
-0.015,0.035,12.067610263824463,1.011,-0.766,0.952,-0.553,-73.73411448751703
-0.001,0.033,12.688395023345947,1.026,-0.346,0.497,-0.903,-73.73411448751703
-0.024,0.053,12.691099166870117,0.986,-0.556,0.812,1.372,-75.44049919588872
0.01,0.036,12.69160532951355,1.028,-0.731,1.092,-0.203,-75.44049919588872
-0.028,0.033,12.691943407058716,1.009,-0.416,0.007,-0.378,-75.44049919588872
-0.017,0.041,12.692257642745972,1.018,0.144,2.422,0.392,-75.44049919588872
-0.025,0.037,12.692589282989502,1.014,-0.626,1.932,-0.483,-74.15664960847788
-0.009,0.037,12.692919254302979,1.015,-0.521,2.562,-0.028,-74.15664960847788
-0.006,0.048,12.69326400756836,1.009,-0.486,0.532,-0.343,-74.15664960847788
-0.033,0.017,12.69357705116272,1.011,-0.066,0.952,0.007,-74.15664960847788
-0.008,0.041,12.693871974945068,1.017,-0.101,1.337,0.742,-74.15664960847788
-0.016,0.072,12.694160461425781,1.047,-0.556,0.497,-0.833,-74.15664960847788
-0.039,-0.005,13.30752444267273,0.976,-0.556,-1.393,-1.288,-74.15664960847788
-0.005,0.014,13.30987548828125,1.028,0.214,1.127,0.217,-74.42906272182772
-0.019,0.033,13.310242414474487,1.022,0.144,0.462,0.287,-74.42906272182772
-0.005,0.04,13.3105309009552,0.995,-1.116,1.792,0.217,-74.42906272182772
-0.004,0.027,13.310818672180176,1.006,-0.941,1.792,0.007,-74.42906272182772
-0.014,0.032,13.311078786849976,1.001,-0.381,1.162,-0.238,-74.20640298312004
-0.013,0.041,13.311337947845459,1.041,-0.276,0.707,-0.658,-74.20640298312004
0.014,0.066,13.311591863632202,1.027,-0.206,0.322,0.427,-74.20640298312004
-0.015,0.04,13.311841249465942,0.988,-0.556,2.002,0.497,-74.20640298312004
-0.012,0.03,13.312089920043945,1.001,-1.081,0.497,-0.203,-74.20640298312004
-0.015,0.037,13.312340259552002,1.02,-0.556,1.162,0.672,-74.20640298312004
-0.027,0.036,13.916542053222656,1.014,-0.241,0.882,-0.098,-74.20640298312004
-0.01,-0.015,13.917121648788452,0.982,0.529,0.182,-0.868,-74.12313627214152
-0.009,0.055,13.919222831726074,1.019,-0.346,2.457,-1.533,-74.12313627214152
-0.009,0.039,13.91954779624939,1.021,-1.046,1.932,0.497,-73.21950441960297
-0.016,0.031,13.919853687286377,1.022,-0.521,-1.148,0.357,-73.21950441960297
-0.018,0.052,13.920126914978027,1.0,-0.451,2.562,0.952,-73.21950441960297
-0.026,0.023,13.920400142669678,0.988,-0.591,0.147,0.322,-73.21950441960297
-0.017,0.036,13.920677423477173,1.038,-0.171,2.177,-1.428,-73.21950441960297
-0.001,0.039,13.920932531356812,1.008,-0.416,-0.203,0.042,-73.21950441960297
-0.02,0.035,13.921185970306396,0.99,-0.941,1.687,1.092,-73.21950441960297
-0.024,0.041,13.921437740325928,1.019,-0.521,1.267,0.532,-73.21950441960297
-0.003,0.025,13.923734188079834,1.014,0.004,1.372,0.077,-73.21950441960297
-0.007,0.068,13.92402696609497,0.998,-0.626,1.267,-0.693,-73.21950441960297
-0.0,0.015,13.924339771270752,1.005,-1.221,0.462,0.987,-73.07421286830156
-0.023,0.043,13.924642086029053,1.022,0.039,2.947,0.322,-73.07421286830156
-0.019,0.059,14.486046552658081,1.023,-0.521,-0.168,-1.323,-73.07421286830156
-0.014,0.06,14.488338232040405,1.023,-0.521,1.162,-0.623,-73.99854445304253
0.01,-0.013,14.488865375518799,0.975,-0.591,0.357,-0.203,-73.40524643347077
0.009,0.033,14.489203929901123,0.997,0.109,2.492,0.742,-73.40524643347077
-0.042,0.056,14.489526510238647,1.019,-1.501,0.882,1.197,-73.40524643347077
0.032,0.011,14.489800214767456,1.005,-0.346,0.987,0.077,-73.40524643347077
-0.036,0.117,14.490063190460205,1.054,0.004,0.672,-1.848,-73.40524643347077
-0.005,0.112,14.490327835083008,1.064,-0.346,2.492,0.567,-73.40524643347077
-0.026,0.024,14.490696430206299,1.0,-0.836,-0.343,0.602,-73.40524643347077
-0.015,0.036,14.491077899932861,1.0,-0.836,2.002,-0.168,-73.40524643347077
-0.025,0.036,14.49137806892395,1.024,-0.276,0.322,0.042,-73.40524643347077
-0.018,0.053,14.493458271026611,1.022,-0.661,0.777,0.567,-73.40524643347077
-0.039,0.021,15.098625659942627,1.004,-0.626,1.337,-0.413,-73.50147515063247
-0.028,0.041,15.099275588989258,1.032,-0.871,3.437,-0.588,-75.17409499406527
-0.018,0.041,15.09966778755188,1.005,0.004,2.142,-1.253,-75.17409499406527
-0.013,0.068,15.101789236068726,0.994,-0.066,2.387,0.812,-75.17409499406527
-0.031,0.008,15.10214352607727,1.007,-0.521,1.127,-0.903,-75.17409499406527
-0.035,0.037,15.102468967437744,0.998,-0.416,-1.183,-1.113,-75.17409499406527
0.001,0.043,15.102789163589478,0.966,-0.101,2.457,-0.203,-75.17409499406527
-0.031,0.042,15.103099584579468,1.021,-0.381,0.007,0.077,-75.17409499406527
-0.028,0.025,15.103405952453613,1.016,-0.696,0.742,-0.413,-75.17409499406527
-0.025,0.041,15.103711605072021,1.006,-0.696,0.742,-0.413,-75.17409499406527
-0.027,0.044,15.10401463508606,1.021,-0.311,3.367,-1.463,-74.36795256958543
0.005,0.048,15.104324102401733,1.018,-0.731,0.077,1.337,-74.36795256958543
-0.037,0.022,15.719860792160034,0.993,0.249,2.842,0.567,-74.36795256958543
0.005,0.012,15.722123146057129,1.023,-0.871,1.232,0.077,-74.33860925930774
-0.024,0.063,15.722611427307129,1.043,0.599,-0.168,1.022,-74.33860925930774
-0.017,-0.01,15.72296667098999,0.984,-1.186,1.127,0.322,-74.33860925930774
-0.021,0.013,15.723298788070679,0.982,-1.186,1.162,0.077,-74.33860925930774
-0.007,0.069,15.723631381988525,0.999,-0.416,1.827,-0.973,-73.76059898688369
-0.008,0.037,15.723956108093262,1.029,-0.661,0.637,-0.168,-73.76059898688369
0.032,0.022,15.724276542663574,1.032,-0.136,0.672,0.112,-73.76059898688369
-0.032,0.029,15.72462272644043,0.984,-0.451,3.017,0.637,-73.76059898688369
-0.012,0.046,15.724945545196533,0.991,-0.591,1.442,0.637,-73.76059898688369
-0.012,0.034,15.725263833999634,1.003,-0.871,1.232,-0.553,-73.76059898688369
-0.017,0.053,16.245535850524902,1.029,-0.101,0.532,0.112,-73.76059898688369
0.003,0.029,16.24808621406555,1.009,-0.381,0.322,0.532,-74.32562961163195
-0.033,0.057,16.248486518859863,1.028,-1.186,3.087,0.602,-74.60359598910631
-0.024,0.041,16.248766660690308,1.017,-0.696,1.757,0.567,-74.60359598910631
-0.013,0.026,16.249037265777588,0.985,-0.136,-2.093,-0.273,-74.60359598910631
-0.012,0.026,16.24942421913147,1.0,0.074,3.787,-0.378,-74.60359598910631
0.007,0.066,16.249775171279907,1.049,-0.556,2.982,0.182,-74.60359598910631
-0.009,0.04,16.250102758407593,1.024,-0.696,0.917,-0.063,-74.60359598910631
-0.009,0.014,16.25042176246643,0.982,-0.346,1.582,0.182,-74.60359598910631
-0.031,0.043,16.250734090805054,0.996,0.039,1.057,-0.938,-74.60359598910631
-0.005,0.061,16.25104522705078,1.046,-0.906,1.827,0.847,-74.60359598910631
-0.01,0.011,16.251651763916016,1.005,-0.066,0.392,-0.483,-74.60359598910631
0.004,0.031,16.790317058563232,0.993,-0.381,2.212,-0.378,-74.1361578677898
-0.028,0.042,16.790913105010986,1.007,-0.871,1.407,0.567,-73.94692137203795
-0.014,0.02,16.793269395828247,0.991,-1.361,1.547,-0.658,-73.94692137203795
0.007,0.042,16.793569087982178,1.026,0.074,-0.168,-1.148,-73.94692137203795
0.007,0.042,16.793822288513184,1.032,-0.066,1.127,-0.413,-73.94692137203795
-0.022,0.036,16.794060468673706,1.026,-0.626,1.022,0.847,-73.94692137203795
-0.027,0.025,16.794293642044067,0.987,-0.206,1.652,-0.588,-73.61732527299975
0.01,0.025,16.794524431228638,0.991,-0.626,3.227,-0.168,-73.61732527299975
-0.018,0.037,16.794752836227417,1.012,-1.046,-0.623,0.042,-73.61732527299975
-0.023,0.013,16.794979095458984,1.028,0.214,1.827,0.287,-73.61732527299975
-0.017,0.083,16.79520344734192,1.021,0.074,0.742,-0.343,-73.61732527299975
-0.016,0.046,17.326334238052368,1.006,-1.116,0.672,-0.133,-73.61732527299975
0.004,0.034,17.328548192977905,1.03,0.144,0.567,-1.043,-74.36480648840988
-0.007,0.023,17.3289897441864,1.005,-0.801,2.492,0.742,-74.54927207268157
-0.037,0.019,17.329339504241943,1.016,-0.801,2.492,0.217,-74.54927207268157
-0.01,0.047,17.329613208770752,1.015,-0.416,1.967,-1.323,-74.54927207268157
-0.005,0.028,17.32987141609192,0.998,-0.731,-0.448,-0.553,-74.54927207268157
-0.005,0.028,17.330127000808716,0.998,-0.731,-0.448,-0.553,-74.54927207268157
-0.027,0.034,17.33037233352661,1.03,-0.276,0.182,-0.413,-74.54927207268157
-0.012,0.04,17.330636739730835,1.041,-0.311,1.547,-0.658,-74.54927207268157
-0.013,0.01,17.330888509750366,0.983,-0.731,8.057,0.357,-74.54927207268157
-0.006,0.031,17.331137895584106,1.0,-0.906,-1.883,0.987,-74.54927207268157
-0.029,0.032,17.332175493240356,1.036,-0.031,2.072,-0.833,-74.54927207268157
0.005,-0.009,17.868507623672485,1.001,-0.381,0.042,0.182,-76.08934988530773
-0.006,0.061,17.86918067932129,1.023,-0.381,0.042,-0.168,-74.5641381125332
-0.0,0.029,17.871221780776978,1.01,-0.766,2.282,0.287,-74.5641381125332
-0.034,0.069,17.87159490585327,1.021,-0.696,-0.028,-0.553,-74.5641381125332
-0.002,0.02,17.87192988395691,1.01,-0.906,0.672,0.007,-74.5641381125332
-0.034,0.051,17.872257232666016,1.025,-0.486,-0.623,0.182,-74.5641381125332
-0.018,0.033,17.87256956100464,0.998,-0.591,0.042,0.042,-74.5641381125332
-0.006,0.041,17.872870683670044,0.996,-0.766,2.107,-0.658,-74.15532906917178
-0.016,0.04,17.87319326400757,1.006,-0.171,0.042,0.497,-74.15532906917178
-0.024,0.03,17.873507976531982,1.026,-0.101,3.122,0.252,-74.15532906917178
-0.016,0.027,17.87382459640503,1.009,-0.556,-0.623,-0.308,-74.15532906917178
-0.009,0.056,17.87410855293274,1.006,-0.311,1.197,-0.238,-74.15532906917178
-0.018,0.025,18.394105434417725,0.99,-0.591,0.322,0.672,-74.15532906917178
-0.01,0.025,18.396289110183716,1.001,-0.626,0.987,-0.063,-74.236624218238
-0.016,0.047,18.39665985107422,1.014,-0.626,1.477,0.322,-73.25787117056184
-0.016,0.039,18.396930694580078,1.014,-0.661,1.547,0.182,-73.25787117056184
-0.02,0.039,18.39717411994934,1.02,-0.556,1.092,0.322,-73.25787117056184
-0.01,0.015,18.397412061691284,1.008,-0.241,1.407,-0.063,-73.25787117056184
-0.022,0.033,18.39772343635559,1.015,-0.346,1.197,-0.063,-73.25787117056184
-0.01,0.03,18.398098468780518,1.009,-0.381,1.022,-0.798,-73.25787117056184
0.009,0.031,18.39848756790161,1.007,-0.836,0.287,0.322,-73.25787117056184
-0.011,0.029,18.398810625076294,1.023,-0.696,1.372,0.497,-73.25787117056184
-0.033,0.046,18.399078130722046,1.007,-0.241,1.512,-0.203,-73.25787117056184
-0.009,0.052,18.400293111801147,1.007,-0.486,0.917,-0.483,-73.25787117056184
-0.008,0.026,18.923360109329224,1.0,-0.136,1.407,-1.078,-73.25787117056184
-0.014,0.056,18.925634145736694,1.01,-0.451,2.002,-0.448,-73.35153776284511
-0.012,0.041,18.92602276802063,1.027,-0.451,2.002,-0.448,-73.35153776284511
-0.016,0.053,18.926388263702393,1.017,-0.241,1.022,0.077,-73.35153776284511
-0.014,0.014,18.926718711853027,1.008,-0.766,0.882,0.147,-73.35153776284511
-0.014,0.028,18.92703866958618,1.008,-0.311,0.882,0.147,-73.35153776284511
-0.028,0.052,18.9273521900177,1.01,-0.451,1.442,0.217,-73.35153776284511
-0.018,0.027,18.92766308784485,1.017,-0.591,1.512,-0.833,-73.35153776284511
-0.018,0.027,18.92797017097473,1.017,-0.696,0.917,-0.448,-73.35153776284511
-0.016,0.041,18.92828059196472,1.013,-0.276,1.232,0.252,-73.60816700942956
-0.013,0.04,18.92859935760498,1.015,-0.836,0.287,0.987,-73.60816700942956
-0.02,0.019,18.93053913116455,1.006,-0.591,1.652,0.497,-73.60816700942956
-0.014,0.039,19.48512101173401,1.011,-0.416,1.127,0.112,-73.60816700942956
0.0,0.064,19.487480640411377,1.009,-0.451,1.267,-0.238,-73.71223638618612
-0.021,0.036,19.487828493118286,1.019,-0.696,1.022,0.707,-73.36677588466586
-0.022,0.06,19.488104343414307,1.005,-0.696,-0.798,0.217,-73.36677588466586
-0.001,0.04,19.488383531570435,1.017,-0.696,-0.798,0.217,-73.36677588466586
-0.021,0.02,19.488651752471924,0.996,-0.591,1.407,-0.098,-73.36677588466586
-0.019,0.038,19.488900899887085,1.002,-0.696,1.267,0.147,-73.36677588466586
-0.013,0.058,19.489141702651978,1.02,-0.556,1.162,-0.378,-73.36677588466586
-0.003,0.034,19.489381551742554,1.023,-0.451,1.267,0.882,-73.36677588466586
-0.031,0.036,19.48962140083313,1.011,-0.241,1.337,0.357,-73.36677588466586
-0.019,0.049,19.489859104156494,1.015,-0.801,0.742,-0.168,-73.36677588466586
-0.015,0.032,20.04331398010254,1.011,-0.556,1.477,-0.028,-72.67160941907751
-0.033,0.023,20.04551863670349,0.999,-0.731,1.127,-0.728,-74.03760658773014
-0.025,0.063,20.045868158340454,1.024,-0.241,0.777,-0.518,-74.03760658773014
-0.018,0.04,20.046144247055054,1.047,0.179,2.947,-0.938,-74.03760658773014
-0.006,-0.017,20.046404361724854,0.987,-0.521,-0.483,-0.553,-74.03760658773014
-0.012,0.061,20.046656608581543,1.01,-0.906,0.602,0.847,-74.57309110546528
-0.008,0.055,20.046910047531128,1.029,-0.871,-0.308,1.442,-74.57309110546528
-0.039,-0.012,20.047215223312378,0.997,0.144,2.632,-0.483,-74.57309110546528
0.008,0.073,20.04750156402588,1.038,-0.871,-0.728,-0.588,-74.57309110546528
-0.035,0.08,20.047756671905518,1.03,-0.136,2.702,0.672,-74.57309110546528
-0.043,-0.007,20.04801607131958,0.993,-0.556,-0.203,-0.063,-74.57309110546528
-0.009,0.028,20.048269748687744,1.015,-0.416,0.602,-1.078,-74.57309110546528
0.012,0.061,20.049513578414917,1.018,-1.046,1.162,0.952,-74.57309110546528
-0.038,0.022,20.594653367996216,1.018,0.529,0.322,0.252,-74.57309110546528
-0.009,0.033,20.595231771469116,1.02,-0.241,1.512,0.917,-73.08947755854247
-0.038,0.025,20.597299337387085,1.006,0.284,0.952,0.742,-73.08947755854247
-0.037,0.056,20.59761953353882,1.013,-0.486,2.282,-0.203,-73.08947755854247
0.009,0.047,20.59789490699768,0.998,-1.781,0.602,-1.183,-73.08947755854247
-0.004,0.025,20.598155736923218,1.024,-0.031,1.897,0.882,-73.08947755854247
-0.014,0.049,20.5984103679657,1.03,0.284,1.057,0.812,-73.08947755854247
-0.024,0.037,20.598660945892334,1.006,0.039,0.847,0.147,-73.08947755854247
-0.013,0.01,20.59891104698181,0.998,-0.801,0.637,0.252,-73.08947755854247
-0.013,0.062,20.599162817001343,1.012,-0.486,0.602,-0.343,-72.58393668912018
0.009,0.045,20.59942650794983,1.02,-0.871,0.917,-0.378,-72.58393668912018
-0.016,0.039,20.59968328475952,1.012,0.179,1.477,0.182,-72.58393668912018
-0.012,0.055,20.601623058319092,1.011,-0.136,1.197,1.407,-72.58393668912018
-0.02,0.034,21.1610906124115,1.006,-0.801,1.337,0.322,-72.58393668912018
-0.02,0.013,21.161651849746704,1.005,-0.696,1.477,0.322,-72.657010051831
-0.002,0.028,21.161967039108276,0.993,0.284,-1.288,-0.833,-72.657010051831
-0.004,0.022,21.16399574279785,1.005,-0.311,3.122,-0.588,-72.657010051831
-0.007,0.037,21.164281845092773,1.024,-0.836,1.757,0.322,-72.657010051831
-0.03,0.038,21.16457509994507,0.994,-1.011,0.007,0.182,-72.657010051831
-0.027,0.021,21.16482377052307,0.975,0.004,-0.063,0.182,-72.657010051831
-0.015,0.04,21.165106773376465,1.003,0.039,0.672,-0.518,-72.657010051831
-0.03,0.009,21.1653892993927,1.008,-0.521,-0.903,-1.253,-72.657010051831
-0.03,0.009,21.165650606155396,1.008,-0.276,0.952,-1.253,-72.657010051831
0.007,0.049,21.16589117050171,0.993,-0.556,0.462,0.322,-72.657010051831
-0.042,0.035,21.166156768798828,1.017,-0.451,2.842,1.337,-73.65368235929692
-0.029,0.044,21.17073631286621,1.035,-0.416,-0.238,0.042,-73.65368235929692
-0.005,0.051,21.726199626922607,1.009,-0.136,0.882,-1.078,-73.65368235929692
-0.016,0.032,21.72847318649292,1.018,-0.661,1.617,-0.133,-73.64182151429078
-0.015,0.02,21.72883892059326,1.016,-0.066,0.707,-0.588,-73.64182151429078
-0.022,0.038,21.729119062423706,0.994,-0.731,2.352,-0.343,-72.71893414708961
-0.013,0.036,21.72938370704651,1.003,-1.046,1.827,-0.028,-72.71893414708961
-0.003,0.049,21.72964096069336,1.035,-0.556,0.077,-0.448,-72.71893414708961
-0.023,0.011,21.72989273071289,1.0,-0.136,1.162,0.882,-72.71893414708961
-0.022,0.043,21.730157136917114,0.999,-0.311,1.722,0.672,-72.71893414708961
-0.011,0.046,21.730408668518066,1.004,-1.046,0.567,-0.588,-72.71893414708961
0.0,0.025,21.730669021606445,1.017,-0.241,0.427,-0.168,-72.71893414708961
-0.022,0.05,21.730915546417236,1.021,-0.101,0.882,0.462,-72.71893414708961
-0.024,0.056,21.73116421699524,1.021,-0.451,1.442,0.462,-72.71893414708961
-0.016,0.057,22.267717361450195,1.021,-0.731,0.882,-0.728,-72.71893414708961
-0.003,0.055,22.270153522491455,1.012,-0.066,-0.273,-0.588,-73.56640383447171
0.007,-0.03,22.27072548866272,1.001,-0.241,2.037,0.077,-73.56640383447171
-0.05,0.051,22.27118158340454,1.034,-0.731,0.672,-1.113,-73.56640383447171
-0.02,0.052,22.2716166973114,1.015,-0.136,1.022,-1.533,-73.56640383447171
0.026,0.041,22.272018909454346,1.016,0.074,1.897,-0.483,-73.56640383447171
-0.028,0.026,22.27241086959839,1.022,-1.326,0.182,1.022,-74.14152627791007
-0.028,0.087,22.27277374267578,1.013,-0.906,1.862,0.182,-74.14152627791007
0.025,0.024,22.273117303848267,1.009,-0.171,0.952,-0.903,-74.14152627791007
-0.007,0.032,22.273473262786865,1.021,-0.556,0.742,-0.413,-74.14152627791007
-0.042,0.057,22.273945093154907,1.005,-0.591,0.847,0.392,-74.14152627791007
-0.021,0.024,22.807634115219116,0.989,-0.731,2.282,0.077,-74.14152627791007
-0.025,0.042,22.8101544380188,1.004,-0.381,0.672,0.567,-74.9791999841697
-0.013,0.021,22.81053376197815,1.0,-0.521,2.527,-0.588,-74.62674583648776
-0.0,0.034,22.810871362686157,1.005,-0.451,-0.378,-0.553,-74.62674583648776
-0.025,0.049,22.811204433441162,1.023,-0.591,1.967,0.707,-74.62674583648776
-0.011,0.043,22.81151819229126,1.018,-0.241,2.107,-0.483,-74.62674583648776
-0.019,0.043,22.81182551383972,1.011,-0.276,1.827,-0.238,-74.62674583648776
-0.005,0.033,22.81214928627014,1.0,-0.661,1.512,0.042,-74.62674583648776
-0.011,0.039,22.81246542930603,1.014,-0.416,1.057,0.007,-74.62674583648776
-0.007,0.046,22.81278657913208,1.021,-0.486,1.197,0.357,-74.62674583648776
-0.028,0.025,22.813122272491455,1.021,-0.206,1.547,-0.308,-74.62674583648776
-0.002,0.045,22.815244436264038,1.001,-0.486,0.357,0.252,-74.62674583648776
-0.02,0.018,23.38046360015869,1.004,-0.206,1.022,-0.343,-72.99066996830058
-0.024,0.042,23.381053686141968,1.018,-0.206,0.602,0.812,-74.5697091219459
-0.014,0.064,23.383028745651245,1.022,-0.241,1.197,-0.238,-74.5697091219459
-0.001,0.038,23.383326530456543,1.011,-0.591,1.617,-0.343,-74.5697091219459
-0.006,0.033,23.383593559265137,1.008,-0.871,1.617,-0.098,-73.5489499098916
-0.022,0.044,23.383849620819092,1.023,-0.381,1.442,0.427,-73.5489499098916
-0.014,0.019,23.384098052978516,1.009,-0.381,0.742,0.392,-73.5489499098916
-0.02,0.054,23.38434076309204,1.014,-0.241,0.952,0.077,-73.5489499098916
-0.016,0.05,23.384607553482056,1.019,-0.276,1.582,-0.623,-73.5489499098916
0.001,0.037,23.384851694107056,1.016,-0.906,1.127,0.322,-73.5489499098916
-0.014,0.031,23.38509202003479,1.009,-0.626,1.337,0.672,-73.5489499098916
-0.031,0.043,23.38533329963684,1.009,-0.066,0.392,-0.273,-73.5489499098916
-0.015,0.034,23.932546138763428,1.005,-0.276,2.002,-0.728,-73.5489499098916
-0.002,0.044,23.93480134010315,1.017,-0.241,1.232,-0.553,-72.54503195817944
-0.01,0.015,23.93514084815979,1.012,-0.731,0.637,0.392,-72.54503195817944
-0.03,0.034,23.935410499572754,1.005,-0.661,0.287,0.357,-72.54503195817944
-0.012,0.043,23.935665607452393,1.01,-0.381,1.407,-0.413,-72.54503195817944
-0.02,0.028,23.935916900634766,1.02,-0.276,0.917,-0.343,-72.54503195817944
-0.019,0.033,23.936163187026978,1.015,-0.241,1.197,-0.203,-72.54503195817944
-0.019,0.046,23.936414003372192,1.007,-0.556,0.952,-0.203,-72.38196890742054
-0.006,0.032,23.936657428741455,1.013,-0.556,0.847,-0.063,-72.38196890742054
-0.012,0.048,23.936894416809082,1.014,-0.696,0.777,0.357,-72.38196890742054
-0.017,0.029,23.937130451202393,1.018,-0.206,1.792,0.077,-72.38196890742054
-0.024,0.039,23.939902305603027,1.009,-0.276,-0.028,0.112,-72.38196890742054
-0.017,0.046,24.514001607894897,1.008,-0.836,2.107,0.182,-72.38196890742054
0.001,0.019,24.51459002494812,0.989,-0.661,2.947,0.182,-73.79390580259934
-0.007,0.049,24.516562938690186,1.009,-0.836,-0.343,-0.518,-73.79390580259934
-0.03,0.048,24.516862392425537,1.013,-0.101,1.582,-0.448,-73.79390580259934
-0.016,0.022,24.517127513885498,1.017,-0.206,1.302,-1.043,-73.79390580259934
-0.012,0.042,24.51737880706787,1.013,-0.626,1.687,-0.833,-73.79390580259934
-0.019,0.028,24.517624616622925,1.005,-0.346,2.562,-0.378,-73.79390580259934
-0.026,0.036,24.51786780357361,1.006,-0.276,1.057,0.042,-73.79390580259934
-0.016,0.043,24.518108367919922,1.012,-0.556,1.057,-0.763,-73.17204661470119
-0.01,0.033,24.51835012435913,1.016,-0.416,1.617,-0.308,-73.17204661470119
-0.019,0.045,24.51858925819397,1.018,-0.591,0.917,-0.133,-73.17204661470119
-0.007,0.033,24.52016544342041,1.012,-0.871,0.602,0.497,-73.17204661470119
-0.012,0.039,25.094430923461914,1.001,-0.381,2.317,-0.028,-73.17204661470119
-0.003,0.04,25.096657276153564,1.018,-0.276,2.457,0.707,-73.60573112099674
-0.022,0.058,25.09697914123535,1.021,-0.486,1.092,-0.413,-73.60573112099674
-0.012,0.033,25.097245693206787,1.003,-0.976,-0.903,-0.238,-73.60573112099674
0.001,0.035,25.097495555877686,1.004,-0.486,2.072,-0.028,-73.60573112099674
-0.019,0.065,25.097737789154053,1.015,-0.521,0.322,-0.413,-73.60573112099674
-0.039,0.052,25.097976446151733,1.056,-0.276,1.407,-0.098,-73.60573112099674
-0.01,0.037,25.09821391105652,1.024,-0.031,0.182,0.182,-73.60573112099674
0.003,0.055,25.098449230194092,1.001,-0.871,2.422,-0.308,-76.13031356149496
0.001,0.01,25.098686456680298,0.976,-1.151,0.427,0.532,-76.13031356149496
-0.007,0.031,25.098921537399292,1.032,-0.311,1.442,-0.063,-76.13031356149496
-0.026,0.019,25.67634916305542,1.009,-0.556,0.392,0.357,-76.13031356149496
-0.016,0.067,25.678762197494507,1.017,-1.151,2.317,0.882,-73.64654965743125
-0.022,0.027,25.679262399673462,1.002,-0.346,-0.343,0.077,-73.64654965743125
-0.007,0.031,25.679628610610962,1.01,0.004,1.722,-0.588,-73.64654965743125
-0.025,0.059,25.6799635887146,1.013,-0.871,1.512,0.007,-73.64654965743125
-0.027,0.046,25.68029022216797,1.024,-0.731,0.672,0.322,-73.64654965743125
-0.017,0.012,25.68062996864319,1.029,-0.311,1.792,-0.168,-73.64654965743125
-0.008,0.046,25.680949687957764,1.004,-0.311,-0.203,-0.098,-73.64654965743125
-0.008,0.043,25.68127179145813,1.001,-0.696,1.687,0.497,-73.64654965743125
-0.021,0.024,25.68159770965576,1.022,-0.731,0.392,-0.273,-73.63586082400782
-0.006,0.067,25.681929111480713,1.019,-0.521,2.107,-0.133,-73.63586082400782
-0.001,0.034,25.682270050048828,1.015,-0.661,0.497,0.077,-73.63586082400782
-0.003,0.037,26.295090436935425,1.0,-0.066,1.127,0.707,-73.63586082400782
-0.056,0.033,26.297776222229004,0.995,-0.696,1.267,0.882,-73.32615282973003
-0.032,0.029,26.298322200775146,0.995,-0.696,1.267,0.882,-73.32615282973003
0.001,0.031,26.298675537109375,0.999,-0.381,0.322,0.147,-73.32615282973003
0.0,0.05,26.299002647399902,1.01,-0.206,1.162,-0.063,-73.32615282973003
-0.01,0.019,26.299323797225952,1.003,-0.486,0.812,0.042,-73.32615282973003
0.015,0.027,26.299640655517578,1.006,-0.241,1.232,0.217,-73.18401636048876
-0.0,0.036,26.29997420310974,1.018,-0.241,1.232,0.217,-73.18401636048876
-0.023,0.048,26.30023455619812,1.019,-0.416,0.777,1.267,-73.18401636048876
-0.025,0.024,26.30049157142639,0.991,-0.416,1.372,-1.078,-73.18401636048876
-0.011,0.026,26.300743341445923,0.994,-0.556,1.197,-1.358,-73.18401636048876
0.001,0.044,26.301027297973633,1.026,-0.206,1.197,0.287,-73.18401636048876
-0.024,0.024,26.875276803970337,1.005,-0.451,1.757,0.462,-73.18401636048876
-0.033,0.025,26.87751007080078,1.004,-0.766,-0.063,-0.308,-72.89579786663785
0.013,0.032,26.87800621986389,1.021,-0.031,1.827,-0.623,-72.89579786663785
-0.008,0.06,26.878422737121582,1.028,-0.486,1.932,0.567,-72.89579786663785
-0.019,0.033,26.878835916519165,1.012,-0.696,0.707,0.217,-72.89579786663785
-0.023,0.035,26.879226446151733,1.006,-0.556,1.477,-0.063,-72.89579786663785
-0.031,0.051,26.879616022109985,1.018,-0.066,1.407,-0.833,-73.18264026755355
-0.015,0.016,26.880008935928345,1.011,-0.066,0.987,-0.098,-73.18264026755355
-0.015,0.027,26.88040518760681,1.002,-0.171,1.652,-0.973,-73.18264026755355
-0.009,0.033,26.880770921707153,1.011,-0.661,1.372,0.462,-73.18264026755355
-0.017,0.026,26.881144285202026,1.0,-0.731,1.162,0.812,-73.18264026755355
-0.014,0.024,26.882127285003662,0.996,-0.416,0.707,-0.133,-73.18264026755355
-0.017,0.033,27.476372480392456,1.017,0.109,0.987,-1.008,-73.18264026755355
-0.011,-0.028,27.476939916610718,0.973,-0.136,1.862,0.112,-73.06645099058669
-0.014,0.082,27.479099988937378,1.019,-0.801,2.177,0.882,-73.06645099058669
0.015,0.011,27.479555130004883,1.007,-0.311,0.567,-0.938,-73.06645099058669
0.007,0.007,27.479952573776245,1.009,-0.486,1.617,-0.203,-73.06645099058669
0.002,-0.004,27.4803466796875,1.003,-0.311,3.367,0.707,-73.06645099058669
-0.043,0.016,27.480751991271973,0.999,-0.416,1.512,0.217,-74.40490408448309
-0.02,0.064,27.48117446899414,1.01,-1.116,0.252,-0.623,-74.40490408448309
-0.018,0.024,27.48154306411743,1.018,-0.136,0.392,-0.343,-74.40490408448309
-0.007,0.013,27.481905221939087,1.016,-0.206,-0.133,0.007,-74.40490408448309
-0.031,0.019,27.482270002365112,1.005,-0.206,2.387,0.952,-74.40490408448309
-0.014,0.021,27.482635498046875,1.001,-1.151,0.357,-0.028,-74.40490408448309
0.009,0.015,27.48301386833191,1.006,-1.116,2.177,-0.658,-74.40490408448309
-0.026,0.049,28.100472688674927,1.003,0.144,0.182,-0.063,-74.40490408448309
-0.018,0.025,28.10291862487793,1.011,-0.171,1.092,-0.588,-73.40856303252785
-0.012,0.053,28.10331702232361,1.022,-0.556,1.897,-0.343,-73.40856303252785
-0.014,0.054,28.103602170944214,1.01,-0.556,1.547,0.287,-73.40856303252785
-0.018,0.031,28.103866815567017,1.014,-0.206,1.127,-0.448,-73.40856303252785
-0.004,0.052,28.104125261306763,1.004,-0.276,1.687,-0.588,-73.40856303252785
-0.01,0.053,28.10439157485962,1.017,-0.416,1.582,-0.273,-73.40856303252785
-0.03,0.027,28.10464906692505,1.031,-0.766,1.022,0.497,-73.40856303252785
-0.02,0.053,28.10489773750305,1.006,0.109,0.812,-0.868,-73.40856303252785
0.006,0.046,28.105143547058105,1.008,-0.206,0.672,0.077,-73.40856303252785
-0.015,0.029,28.10538673400879,1.001,-1.081,1.407,0.462,-73.40856303252785
-0.036,0.045,28.718639135360718,1.016,-0.626,1.022,0.077,-71.9515150761889
-0.017,0.032,28.719269037246704,1.009,-0.206,2.387,-0.553,-73.30854925451725
-0.014,0.061,28.72144842147827,0.996,-0.136,0.427,-1.218,-73.30854925451725
-0.005,0.06,28.721816062927246,1.023,-0.766,2.037,0.672,-73.30854925451725
-0.021,0.028,28.72224736213684,1.023,-0.206,1.407,0.357,-73.30854925451725
-0.001,0.05,28.72263264656067,1.008,-0.731,1.617,-0.028,-73.30854925451725
-0.001,0.05,28.72293186187744,1.005,-0.836,1.512,0.112,-73.30854925451725
-0.01,0.045,28.723194122314453,1.016,-0.556,1.057,0.462,-73.30854925451725
-0.021,0.042,28.723443508148193,1.017,0.074,0.987,-0.168,-73.30854925451725
-0.014,0.042,28.723681688308716,1.018,-0.661,0.847,-0.483,-73.29085704465207
0.007,0.032,28.723917245864868,1.006,-0.416,1.442,-0.168,-73.29085704465207
-0.005,0.058,28.724158763885498,1.018,-0.521,1.267,0.567,-73.29085704465207
-0.034,0.018,29.344420671463013,1.009,-0.241,0.777,0.147,-73.29085704465207
-0.028,0.034,29.34498929977417,1.025,-0.171,1.792,-0.098,-73.9247523305804
-0.021,0.03,29.34704303741455,0.992,-1.046,0.707,-0.728,-73.9247523305804
0.0,0.034,29.347416639328003,0.991,-1.046,1.057,0.357,-73.9247523305804
-0.034,0.034,29.347753524780273,1.009,-0.241,1.757,0.532,-73.58948671308009
-0.009,0.043,29.348080158233643,1.021,-0.591,0.637,-0.203,-73.58948671308009
-0.012,0.027,29.348433017730713,1.005,-0.381,0.637,-0.273,-73.58948671308009
-0.018,0.04,29.348711252212524,1.014,-0.661,1.372,0.497,-73.58948671308009
-0.024,0.034,29.348955869674683,1.013,-0.521,1.197,-0.168,-73.58948671308009
-0.02,0.054,29.34919023513794,1.011,-0.416,0.462,-0.203,-73.58948671308009
-0.014,0.043,29.349424839019775,1.018,-0.136,0.917,0.322,-73.58948671308009
-0.017,0.031,29.928092002868652,1.01,-0.766,1.127,1.022,-73.58948671308009
0.004,0.045,29.930435180664062,1.011,-0.066,1.512,-0.938,-73.10669635612834
-0.036,-0.01,29.930845737457275,1.007,-0.591,1.127,0.602,-73.10669635612834
-0.03,0.038,29.931203842163086,1.007,-0.031,-0.238,0.042,-73.10669635612834
-0.001,0.001,29.931533575057983,0.994,-0.696,1.897,0.427,-73.10669635612834
0.002,0.079,29.931848287582397,1.014,-0.521,1.442,0.672,-74.55797764577059
-0.005,0.03,29.932121992111206,1.007,-1.011,2.212,0.007,-74.55797764577059
-0.011,0.069,29.93241000175476,1.01,0.109,-0.063,-0.098,-74.55797764577059
-0.026,0.052,29.93269991874695,1.021,-0.556,0.812,-0.133,-74.55797764577059
-0.017,0.037,29.932966709136963,1.012,-0.556,0.812,-0.133,-74.55797764577059
-0.001,0.041,29.93323016166687,1.01,-0.941,0.287,-0.623,-74.55797764577059
-0.03,0.033,29.937355756759644,1.03,0.459,0.742,-0.168,-74.55797764577059
-0.03,0.033,30.48297691345215,1.03,0.459,0.742,-0.168,-74.55797764577059
-0.015,0.013,30.4835467338562,0.995,-1.011,0.532,0.497,-74.22565250935776
-0.019,0.015,30.48568058013916,1.0,-1.046,0.707,-0.483,-74.22565250935776
-0.005,0.057,30.48604440689087,1.017,-0.311,1.932,-0.658,-74.22565250935776
-0.014,0.02,30.486335277557373,1.029,-0.241,0.252,0.042,-74.22565250935776
-0.005,0.007,30.486602783203125,1.017,-0.276,0.812,0.462,-74.22565250935776
-0.002,0.043,30.486868619918823,0.975,-0.766,2.492,-0.098,-74.22565250935776
-0.024,0.043,30.487144231796265,1.033,-0.346,0.427,-0.343,-73.36581456660119
-0.015,0.015,30.487526893615723,1.026,0.144,1.407,-0.728,-73.36581456660119
-0.014,0.057,30.48791766166687,1.017,-0.346,1.582,0.147,-73.36581456660119
-0.016,0.048,30.48827815055847,1.0,-0.976,0.742,1.302,-73.36581456660119
-0.036,0.018,30.492254734039307,1.005,-0.031,1.547,-0.343,-73.36581456660119
-0.002,0.038,31.039161682128906,1.007,-0.521,1.442,-0.973,-73.36581456660119
-0.032,0.048,31.039752960205078,1.024,-0.801,1.862,-0.238,-74.52466427150138
-0.016,0.048,31.041832208633423,1.018,-0.416,1.547,-0.763,-74.52466427150138
0.002,0.015,31.042142152786255,0.995,0.004,0.637,-0.763,-74.52466427150138
-0.021,0.039,31.042423486709595,1.01,-0.836,0.007,0.847,-74.52466427150138
-0.017,0.045,31.042693853378296,1.014,-0.556,1.477,0.707,-74.52466427150138
-0.017,0.036,31.042970418930054,1.003,-0.416,1.967,-0.448,-74.52466427150138
0.002,0.037,31.043235540390015,1.019,-0.416,0.217,-0.623,-74.52466427150138
-0.028,0.096,31.043495655059814,1.026,-0.731,1.617,0.007,-74.52466427150138
-0.022,0.002,31.043752908706665,0.998,-0.626,0.112,0.147,-74.52466427150138
0.02,0.038,31.04400944709778,0.998,-0.206,1.197,0.637,-74.52466427150138
-0.009,0.054,31.04426598548889,1.028,-0.521,1.092,-0.903,-73.85412398588149
-0.035,0.006,31.59127449989319,1.011,-0.801,1.302,0.847,-73.85412398588149
-0.022,0.054,31.593750715255737,1.028,0.074,1.022,0.217,-73.7116025161909
-0.025,0.017,31.594157934188843,0.996,-0.941,0.287,0.392,-73.7116025161909
-0.013,0.036,31.59442377090454,1.0,-0.766,0.427,0.287,-73.7116025161909
-0.005,0.026,31.594676733016968,1.006,-0.521,2.807,0.742,-73.81079374297306
-0.065,0.107,31.594985008239746,1.045,-0.276,-0.518,0.077,-73.81079374297306
-0.018,0.037,31.595309019088745,1.032,-0.311,-0.553,-0.063,-73.81079374297306
-0.06,-0.039,31.595622777938843,1.006,-0.451,1.162,0.077,-73.81079374297306
0.035,0.012,31.595927476882935,0.985,-0.836,0.672,0.847,-73.81079374297306
-0.065,0.043,31.59623146057129,1.028,-0.591,2.912,0.357,-73.81079374297306
-0.028,0.026,31.596554040908813,1.011,-0.451,0.252,-0.763,-73.81079374297306
0.005,0.052,32.148197174072266,1.027,-0.486,1.547,-0.413,-73.81079374297306
-0.007,0.016,32.1488618850708,1.016,0.004,0.882,-0.693,-74.78512222856105
-0.033,0.041,32.14925742149353,1.007,-1.256,2.877,0.847,-74.78512222856105
-0.042,0.068,32.151235580444336,1.01,-1.011,1.582,0.287,-74.78512222856105
0.013,0.049,32.15156149864197,1.033,0.144,1.092,-1.183,-74.78512222856105
-0.019,0.055,32.15183901786804,0.999,-0.241,-0.553,0.637,-74.78512222856105
-0.03,0.054,32.152106285095215,1.0,-0.836,1.862,0.707,-74.78512222856105
-0.031,0.028,32.15238571166992,1.011,-0.731,1.407,-0.588,-74.78512222856105
-0.009,0.046,32.15265417098999,1.017,0.249,-0.238,-0.938,-73.56354207121689
-0.02,0.06,32.15292143821716,0.999,-0.101,-0.308,0.427,-73.56354207121689
-0.016,0.015,32.15318417549133,1.003,-0.871,2.912,-0.063,-73.56354207121689
-0.018,0.062,32.15786623954773,0.988,0.144,1.617,-0.483,-73.56354207121689
-0.018,0.037,32.69819355010986,0.988,0.144,1.617,-0.483,-73.56354207121689
-0.015,0.031,32.70034408569336,1.003,-0.661,1.022,-0.063,-73.91530233940897
-0.005,0.062,32.700687646865845,1.023,-0.556,1.512,0.252,-74.9033057218696
-0.034,0.033,32.700942516326904,1.013,0.039,0.567,0.112,-74.9033057218696
-0.016,0.032,32.70118427276611,1.016,-0.521,1.127,-0.448,-74.9033057218696
-0.008,0.044,32.701416969299316,1.009,-0.276,2.597,0.252,-74.9033057218696
-0.021,0.083,32.70164895057678,1.014,-0.451,1.232,0.777,-74.9033057218696
-0.017,0.015,32.701876401901245,1.006,-0.801,-0.448,-0.168,-74.9033057218696
-0.005,0.042,32.70210361480713,1.002,-0.206,1.232,0.112,-74.9033057218696
-0.004,0.103,32.702330112457275,1.043,-0.381,1.092,0.462,-74.9033057218696
-0.034,0.014,32.70255255699158,1.01,-0.451,1.197,0.427,-74.9033057218696
-0.0,0.053,32.70517158508301,1.005,-0.696,0.252,-1.778,-73.16948296532603
0.011,0.082,33.24924063682556,1.02,-0.941,0.497,-0.693,-73.16948296532603
-0.025,0.022,33.25147986412048,1.018,-0.591,2.072,0.427,-72.78230820734872
-0.01,0.058,33.25187635421753,1.008,-0.276,0.147,-0.448,-72.78230820734872
-0.012,0.013,33.25223755836487,1.002,-0.381,1.407,0.182,-72.78230820734872
-0.006,0.072,33.252583742141724,1.03,-0.871,0.847,-0.028,-72.78230820734872
-0.011,0.048,33.25290608406067,1.019,-0.311,0.567,-0.448,-73.85308589701451
-0.009,0.059,33.253228425979614,0.998,-0.556,1.477,1.022,-73.85308589701451
-0.032,0.049,33.25354194641113,1.021,-0.486,1.127,0.147,-73.85308589701451
-0.011,0.016,33.25388312339783,1.005,-0.241,0.952,-0.413,-73.85308589701451
0.005,0.003,33.25419878959656,0.992,-0.836,0.427,-0.168,-73.85308589701451
-0.015,0.063,33.25451421737671,1.008,-0.486,1.617,0.602,-73.85308589701451
-0.032,0.048,33.25485825538635,1.006,0.354,2.457,0.077,-73.85308589701451
0.006,0.001,33.81322503089905,1.003,-0.101,-1.113,0.252,-73.85308589701451
-0.027,0.018,33.81540369987488,1.009,0.074,1.372,0.952,-73.1586891469096
-0.022,0.042,33.81574463844299,1.004,-0.486,1.232,0.077,-73.1586891469096
-0.013,0.041,33.816007137298584,1.004,-0.871,0.357,-0.343,-73.1586891469096
-0.007,0.037,33.816250801086426,1.013,-0.311,1.827,-0.378,-73.1586891469096
-0.01,0.046,33.81653165817261,1.029,-0.556,0.182,0.252,-73.1586891469096
-0.017,0.029,33.81677436828613,1.015,-0.066,1.722,-0.028,-73.1586891469096
-0.005,0.04,33.81700563430786,0.998,-1.011,0.707,0.182,-73.1586891469096
-0.011,0.049,33.81723594665527,1.007,-0.591,1.897,0.392,-72.81912544296965
-0.013,0.031,33.81746482849121,1.015,-0.206,1.127,-0.203,-72.81912544296965
-0.016,0.032,33.81769061088562,1.02,-0.486,0.637,-0.448,-72.81912544296965
-0.014,0.03,33.82064414024353,1.012,-0.276,1.547,0.042,-72.81912544296965
-0.015,0.036,34.3553147315979,0.998,-0.731,1.092,0.007,-72.81912544296965
-0.008,0.039,34.35756826400757,1.013,-0.416,1.057,0.042,-73.69717853630992
-0.012,0.039,34.357988119125366,1.013,-0.591,1.232,-0.028,-73.80574887917548
-0.011,0.036,34.35834217071533,1.009,-0.451,1.127,0.287,-72.85259596825631
-0.015,0.031,34.35867381095886,1.009,-0.521,0.637,-0.203,-72.85259596825631
-0.008,0.042,34.35899472236633,1.011,-0.486,1.302,0.147,-72.85259596825631
-0.017,0.031,34.35930824279785,1.005,-0.381,1.092,-0.203,-72.85259596825631
-0.015,0.036,34.359619140625,1.015,-0.381,1.162,-0.063,-72.85259596825631
-0.011,0.03,34.359925270080566,1.007,-0.521,1.127,0.217,-72.85259596825631
-0.011,0.041,34.36023211479187,1.012,-0.346,1.337,-0.063,-72.85259596825631
-0.008,0.035,34.36058974266052,1.009,-0.521,1.057,0.217,-72.85259596825631
-0.011,0.033,34.360918283462524,1.009,-0.451,0.707,-0.133,-72.85259596825631
-0.013,0.045,34.90214228630066,1.017,-0.381,1.652,0.077,-73.33598820319018
-0.007,0.035,34.90440630912781,1.009,-0.486,0.462,0.007,-73.07502210994224
-0.01,0.04,34.90480065345764,1.012,-0.416,1.407,0.042,-73.07502210994224
-0.016,0.034,34.905142307281494,1.016,-0.591,0.742,-0.028,-73.07502210994224
-0.014,0.044,34.905465841293335,1.011,-0.346,1.302,0.182,-73.07502210994224
-0.018,0.033,34.905805826187134,1.01,-0.521,1.022,-0.273,-73.07502210994224
-0.012,0.044,34.906105041503906,1.015,-0.556,0.952,0.252,-73.13449441174768
-0.017,0.043,34.90643262863159,1.015,-0.486,1.407,-0.238,-73.13449441174768
-0.017,0.03,34.90673875808716,1.01,-0.486,0.952,-0.098,-73.13449441174768
-0.012,0.034,34.90705442428589,1.008,-0.416,0.952,0.182,-73.13449441174768
-0.017,0.035,34.907363414764404,1.012,-0.591,1.302,-0.273,-73.13449441174768
-0.016,0.04,34.91098713874817,1.014,-0.416,1.057,0.252,-73.13449441174768
-0.016,0.035,35.434096336364746,1.01,-0.626,1.092,-0.343,-73.13449441174768
-0.013,0.034,35.43636226654053,1.006,-0.206,1.197,-0.238,-72.91955065892893
-0.012,0.046,35.43675518035889,1.014,-0.556,1.162,0.077,-73.3338702061801
-0.023,0.042,35.43708539009094,1.016,-0.451,0.707,0.287,-73.3338702061801
0.0,0.04,35.43739604949951,1.012,-0.486,1.512,-0.343,-73.3338702061801
-0.017,0.032,35.43770670890808,1.01,-0.591,0.812,0.497,-73.3338702061801
-0.018,0.032,35.43802046775818,1.014,-0.521,0.847,-0.028,-73.3338702061801
-0.014,0.034,35.43833065032959,1.009,-0.521,1.582,-0.203,-73.3338702061801
-0.008,0.035,35.438621520996094,1.012,-0.451,0.532,0.147,-73.3338702061801
-0.014,0.01,35.438902854919434,1.007,-0.381,1.407,0.112,-73.3338702061801
-0.022,0.035,35.43919610977173,1.005,-0.661,0.987,0.217,-73.3338702061801
-0.022,0.037,35.440699100494385,1.01,-0.346,0.917,-0.273,-73.3338702061801
-0.011,0.039,35.97429299354553,1.007,-0.591,1.442,-0.028,-74.02161229110362
-0.015,0.036,35.97493243217468,1.012,-0.381,1.267,-0.168,-73.3632140939971
-0.007,0.043,35.97697305679321,1.013,-0.311,1.127,-0.028,-73.3632140939971
-0.012,0.04,35.97730588912964,1.015,-0.521,0.777,0.042,-73.3632140939971
-0.009,0.031,35.97759509086609,1.009,-0.311,0.952,-0.028,-73.3632140939971
-0.014,0.032,35.977883100509644,1.005,-0.591,1.022,0.077,-73.3632140939971
-0.016,0.039,35.978230714797974,1.009,-0.381,1.057,0.042,-73.3632140939971
-0.019,0.038,35.97853469848633,1.011,-0.381,0.952,-0.028,-73.7116025161909
-0.012,0.033,35.97878813743591,1.01,-0.486,0.952,-0.028,-73.7116025161909
-0.009,0.038,35.97902584075928,1.012,-0.416,1.197,0.392,-73.7116025161909
-0.025,0.037,35.97925806045532,1.014,-0.381,1.197,-0.238,-73.7116025161909
-0.012,0.037,35.98088502883911,1.008,-0.346,0.672,0.042,-73.7116025161909
-0.012,0.037,36.53303098678589,1.013,-0.416,1.162,0.042,-73.7116025161909
-0.017,0.041,36.53556942939758,1.014,-0.346,1.407,-0.133,-74.3389895744059
-0.01,0.035,36.535967111587524,1.007,-0.591,0.777,0.077,-74.3389895744059
-0.005,0.036,36.5362594127655,1.004,-0.451,1.057,0.112,-74.3389895744059
-0.011,0.035,36.536545753479004,1.01,-0.591,1.232,-0.063,-74.3389895744059
-0.01,0.043,36.53681564331055,1.013,-0.416,0.952,-0.098,-74.3389895744059
-0.016,0.033,36.53707790374756,1.01,-0.416,0.812,-0.028,-74.3389895744059
-0.008,0.038,36.53733849525452,1.012,-0.521,1.337,0.322,-74.3389895744059
-0.013,0.039,36.537612438201904,1.011,-0.346,0.847,-0.098,-74.3389895744059
-0.012,0.032,36.53788685798645,1.008,-0.346,1.197,-0.098,-74.3389895744059
-0.013,0.04,36.53821802139282,1.016,-0.416,0.847,0.147,-73.65960134173945
-0.011,0.04,36.54220914840698,1.016,-0.381,1.372,-0.168,-73.65960134173945
-0.012,0.039,37.1182496547699,1.007,-0.416,1.232,0.217,-73.65960134173945
-0.009,0.039,37.11903738975525,1.011,-0.521,1.127,0.287,-73.76493853580473
-0.012,0.038,37.119521141052246,1.009,-0.521,0.777,0.007,-73.76493853580473
-0.01,0.042,37.121562004089355,1.016,-0.416,1.232,-0.238,-73.76493853580473
-0.009,0.035,37.121906042099,1.009,-0.486,1.022,0.112,-73.76493853580473
-0.009,0.04,37.122225522994995,1.012,-0.346,1.022,0.077,-73.76493853580473
-0.011,0.044,37.122519731521606,1.012,-0.381,1.197,-0.028,-73.76493853580473
-0.013,0.036,37.122809648513794,1.01,-0.451,0.952,-0.133,-73.76493853580473
-0.007,0.03,37.12309432029724,1.011,-0.346,1.127,0.042,-73.76493853580473
-0.01,0.04,37.12337899208069,1.01,-0.626,1.057,0.182,-73.76493853580473
-0.02,0.034,37.12366032600403,1.008,-0.556,0.952,-0.063,-74.05460409907715
-0.014,0.038,37.123955726623535,1.013,-0.521,1.197,-0.063,-74.05460409907715
-0.007,0.036,37.648683309555054,1.006,-0.556,0.882,0.042,-74.05460409907715
-0.014,0.034,37.64926266670227,1.008,-0.556,1.057,-0.098,-74.04067910554558
-0.01,0.036,37.6496045589447,1.012,-0.486,1.022,-0.063,-74.04067910554558
-0.025,0.034,37.65163707733154,1.012,-0.451,1.232,0.322,-74.04067910554558
-0.011,0.04,37.65196204185486,1.008,-0.556,0.847,-0.308,-74.04067910554558
-0.012,0.034,37.65223574638367,1.011,-0.346,1.232,0.217,-74.04067910554558
-0.013,0.026,37.65251016616821,1.006,-0.556,0.567,-0.168,-73.39404279787232
-0.016,0.038,37.65277695655823,1.007,-0.486,1.442,0.147,-73.39404279787232
-0.018,0.036,37.65307807922363,1.011,-0.451,0.812,0.112,-73.39404279787232
-0.016,0.037,37.65335416793823,1.012,-0.521,1.302,-0.168,-73.39404279787232
-0.011,0.036,37.65362906455994,1.012,-0.381,0.952,-0.028,-73.39404279787232
-0.013,0.037,37.65388512611389,1.013,-0.556,1.057,-0.028,-73.39404279787232
-0.01,0.038,38.20299768447876,1.015,-0.521,1.022,0.287,-73.39404279787232
-0.013,0.036,38.20537233352661,1.013,-0.311,1.232,0.077,-72.97389171462193
-0.014,0.033,38.20590782165527,1.006,-0.591,0.812,-0.098,-72.97389171462193
-0.02,0.042,38.20627284049988,1.008,-0.381,1.162,0.252,-72.97389171462193
-0.019,0.028,38.206613540649414,1.011,-0.311,1.057,-0.308,-72.97389171462193
-0.009,0.04,38.206942319869995,1.006,-0.626,0.952,0.217,-72.97389171462193
-0.016,0.034,38.20726561546326,1.013,-0.416,1.162,-0.098,-72.97389171462193
-0.011,0.037,38.20759725570679,1.012,-0.521,1.022,0.147,-72.97389171462193
-0.02,0.042,38.2079222202301,1.011,-0.416,1.267,-0.028,-72.97389171462193
-0.014,0.036,38.2082462310791,1.015,-0.451,1.267,-0.273,-73.13344964229219
-0.006,0.04,38.20858097076416,1.011,-0.521,0.777,0.427,-73.13344964229219
-0.015,0.032,38.21074819564819,1.013,-0.416,1.302,-0.518,-73.13344964229219
-0.014,0.044,38.74648904800415,1.007,-0.626,1.092,0.147,-73.13344964229219
-0.009,0.028,38.74872088432312,1.006,-0.591,1.162,0.077,-73.53864306258805
-0.015,0.033,38.749104261398315,1.008,-0.486,1.127,0.287,-73.53864306258805
-0.013,0.032,38.74939966201782,1.01,-0.451,0.812,-0.028,-73.53864306258805
-0.018,0.039,38.74967956542969,1.011,-0.311,1.407,0.007,-73.84646864613767
-0.004,0.038,38.74992561340332,1.014,-0.626,0.847,0.007,-73.84646864613767
-0.006,0.036,38.75017213821411,1.013,-0.451,0.987,0.112,-73.84646864613767
-0.015,0.036,38.750412940979004,1.018,-0.381,0.777,-0.203,-73.84646864613767
-0.009,0.036,38.75064563751221,1.009,-0.731,1.267,0.147,-73.84646864613767
-0.012,0.038,38.75087571144104,1.009,-0.521,1.057,0.182,-73.84646864613767
-0.013,0.04,38.75110721588135,1.009,-0.486,1.057,-0.238,-73.84646864613767
-0.007,0.028,38.75141406059265,1.011,-0.416,1.162,0.112,-73.84646864613767
-0.009,0.032,39.29819416999817,1.008,-0.521,0.987,-0.098,-73.84646864613767
-0.011,0.036,39.300373554229736,1.012,-0.556,1.267,0.007,-73.83521943152331
-0.017,0.034,39.300721883773804,1.011,-0.451,0.777,0.042,-73.83521943152331
-0.009,0.04,39.30102777481079,1.012,-0.556,1.372,0.007,-73.83521943152331
-0.009,0.036,39.30131196975708,1.011,-0.556,1.057,0.147,-73.83521943152331
-0.015,0.037,39.30158615112305,1.013,-0.451,1.162,-0.168,-73.83521943152331
-0.009,0.038,39.301856994628906,1.011,-0.591,1.197,0.042,-73.83521943152331
-0.009,0.036,39.30212616920471,1.01,-0.276,0.742,-0.028,-73.83521943152331
-0.009,0.04,39.3023943901062,1.013,-0.591,1.197,-0.098,-73.6058794845518
-0.011,0.038,39.302666902542114,1.009,-0.451,1.127,0.112,-73.6058794845518
-0.013,0.037,39.302929401397705,1.014,-0.521,1.057,-0.028,-73.6058794845518
-0.01,0.03,39.30319118499756,1.008,-0.556,1.442,0.182,-73.6058794845518
-0.013,0.042,39.869197845458984,1.011,-0.346,0.637,-0.098,-73.6058794845518
-0.015,0.041,39.87173795700073,1.011,-0.591,1.232,-0.098,-73.19537177456525
-0.007,0.038,39.87222075462341,1.006,-0.626,1.057,0.392,-73.19537177456525
-0.021,0.03,39.87259221076965,1.008,-0.486,1.022,-0.308,-73.19537177456525
-0.011,0.04,39.87293004989624,1.007,-0.556,1.232,-0.343,-73.19537177456525
-0.015,0.03,39.8732271194458,1.014,-0.451,0.917,0.392,-73.19537177456525
-0.014,0.031,39.873499393463135,1.001,-0.486,1.197,-0.343,-73.19537177456525
-0.018,0.039,39.87376594543457,1.011,-0.626,1.057,0.357,-73.19537177456525
-0.02,0.034,39.874027252197266,1.011,-0.416,0.742,-0.098,-73.19537177456525
-0.006,0.041,39.87428569793701,1.017,-0.591,1.372,0.042,-73.38759965106932
-0.012,0.031,39.87454652786255,1.009,-0.521,0.812,0.182,-73.81329590597399
-0.008,0.038,39.874847412109375,1.012,-0.346,1.197,-0.063,-73.81329590597399
-0.013,0.037,40.43500232696533,1.007,-0.626,1.057,0.287,-73.81329590597399
-0.012,0.034,40.43747925758362,1.008,-0.416,0.987,0.042,-73.68709648571446
-0.012,0.042,40.43791651725769,1.013,-0.346,1.197,-0.203,-73.68709648571446
-0.008,0.041,40.43824863433838,1.012,-0.416,1.162,-0.168,-73.68709648571446
-0.014,0.038,40.43854856491089,1.013,-0.556,1.092,0.007,-73.68709648571446
-0.011,0.039,40.438843965530396,1.011,-0.486,0.812,0.077,-73.68709648571446
-0.009,0.038,40.43916368484497,1.01,-0.591,1.337,0.112,-73.68709648571446
-0.009,0.041,40.439438343048096,1.012,-0.696,0.707,0.357,-73.68709648571446
-0.012,0.04,40.439730167388916,1.014,-0.311,1.197,0.112,-73.68709648571446
-0.02,0.035,40.44001841545105,1.007,-0.556,1.057,-0.168,-73.68709648571446
-0.011,0.034,40.440292835235596,1.011,-0.381,0.812,0.182,-73.68709648571446
-0.016,0.036,40.44097876548767,1.011,-0.626,1.197,0.147,-73.58520608845866
-0.015,0.042,41.02786183357239,1.017,-0.451,0.987,0.077,-73.58520608845866
-0.011,0.041,41.02867245674133,1.012,-0.416,0.882,0.182,-73.4949187677599
-0.018,0.034,41.02923274040222,1.012,-0.451,1.197,-0.238,-73.4949187677599
-0.014,0.037,41.030242681503296,1.008,-0.416,0.917,0.077,-73.4949187677599
-0.013,0.038,41.03126811981201,1.012,-0.276,1.477,-0.168,-73.4949187677599
-0.006,0.037,41.03187799453735,1.008,-0.451,0.847,0.252,-73.4949187677599
-0.027,0.039,41.040363788604736,1.015,-0.346,1.022,-0.273,-73.4949187677599
-0.016,0.038,41.04357624053955,1.013,-0.556,1.197,0.077,-73.4949187677599
-0.012,0.034,41.044002532958984,1.011,-0.486,1.302,-0.028,-73.4949187677599
-0.007,0.037,41.0443480014801,1.013,-0.416,1.057,0.077,-73.4949187677599
-0.014,0.045,41.04474496841431,1.014,-0.451,1.092,-0.028,-73.4949187677599
-0.016,0.03,41.0450713634491,1.011,-0.451,1.022,-0.238,-72.46716940934621
-0.009,0.041,41.045392751693726,1.012,-0.521,1.232,0.252,-72.46716940934621
-0.012,0.039,41.0540714263916,1.011,-0.451,1.372,-0.203,-72.46716940934621
-0.013,0.037,41.65777778625488,1.012,-0.451,0.602,0.042,-72.46716940934621
-0.023,0.029,41.65892171859741,1.012,-0.381,0.882,0.042,-72.66639010658123
-0.015,0.038,41.65970516204834,1.008,-0.626,1.302,0.007,-72.66639010658123
-0.013,0.038,41.661826372146606,1.012,-0.486,0.707,0.217,-72.66639010658123
-0.015,0.035,41.662201166152954,1.016,-0.416,0.987,-0.203,-72.66639010658123
-0.006,0.04,41.66253995895386,1.015,-0.661,1.162,0.007,-72.66639010658123
-0.006,0.036,41.66286873817444,1.013,-0.486,0.952,0.182,-72.66639010658123
-0.016,0.035,41.66319227218628,1.012,-0.591,1.057,-0.028,-73.56767487822081
-0.017,0.036,41.66352081298828,1.007,-0.416,1.127,0.007,-73.56767487822081
-0.01,0.036,41.66384983062744,1.007,-0.381,1.127,0.112,-73.56767487822081
-0.015,0.03,41.66417121887207,1.01,-0.451,1.162,-0.063,-73.56767487822081
-0.011,0.038,41.66450309753418,1.01,-0.486,0.952,0.007,-73.56767487822081
-0.01,0.035,42.215588092803955,1.013,-0.591,1.092,0.007,-73.56767487822081
-0.015,0.039,42.79006576538086,1.012,-0.451,0.952,0.147,-73.08789316820902
-0.018,0.035,42.790717124938965,1.013,-0.416,1.407,-0.028,-73.7447174685477
