ay,comp,vz,vx,time,az,ax,vy
-0.012,-73.31230073938939,-0.521,0.042,1.1042430400848389,1.013,0.036,0.777
-0.013,-73.31230073938939,-0.381,-0.063,1.1049613952636719,1.013,0.038,1.057
-0.014,-73.31230073938939,-0.521,-0.133,1.1053493022918701,1.012,0.04,1.092
-0.011,-73.31230073938939,-0.591,0.077,1.1057085990905762,1.014,0.041,0.987
-0.011,-73.31230073938939,-0.451,0.007,1.1060457229614258,1.009,0.029,0.987
-0.012,-73.64587185048067,-0.521,-0.098,1.106349229812622,1.012,0.04,0.847
-0.014,-73.64587185048067,-0.416,0.112,1.1067678928375244,1.013,0.034,1.057
-0.012,-73.64587185048067,-0.556,-0.168,1.1071171760559082,1.015,0.041,1.127
-0.01,-73.64587185048067,-0.381,-0.063,1.1074416637420654,1.011,0.034,0.882
-0.011,-73.64587185048067,-0.311,0.007,1.1077587604522705,1.017,0.039,1.057
-0.009,-73.64587185048067,-0.556,0.007,1.1080949306488037,1.011,0.037,1.092
-0.013,-73.64587185048067,-0.416,-0.098,1.1115877628326416,1.011,0.039,0.882
-0.012,-73.64587185048067,-0.556,0.042,1.1193041801452637,1.012,0.035,1.302
-0.013,-73.64587185048067,-0.486,0.007,1.7956206798553467,1.012,0.036,0.812
-0.014,-74.04078590054294,-0.591,0.217,1.7963085174560547,1.012,0.038,0.777
-0.015,-74.04078590054294,-0.311,-0.133,1.798311471939087,1.013,0.042,1.092
-0.013,-74.04078590054294,-0.416,-0.168,1.7987048625946045,1.005,0.026,1.267
-0.012,-73.15743430297873,-0.276,-0.098,1.7990686893463135,1.013,0.04,1.232
-0.013,-73.15743430297873,-0.626,0.287,1.799422264099121,1.01,0.036,0.917
-0.011,-73.15743430297873,-0.486,-0.063,1.7997064590454102,1.016,0.04,0.707
-0.011,-73.15743430297873,-0.486,-0.063,1.79996657371521,1.011,0.035,1.057
-0.012,-73.15743430297873,-0.416,0.077,1.8002252578735352,1.011,0.042,1.127
-0.012,-73.15743430297873,-0.556,-0.098,1.8005478382110596,1.017,0.045,0.812
-0.007,-73.15743430297873,-0.486,-0.028,1.8008692264556885,1.014,0.036,0.952
-0.011,-73.15743430297873,-0.521,0.357,1.8011693954467773,1.006,0.032,1.162
-0.017,-73.15743430297873,-0.486,0.112,2.4461276531219482,1.013,0.041,0.917
-0.011,-73.27562688756396,-0.521,0.077,2.446831464767456,1.013,0.039,0.952
-0.01,-73.27562688756396,-0.311,-0.133,2.4488909244537354,1.012,0.038,1.127
-0.012,-73.27562688756396,-0.591,0.147,2.4491934776306152,1.011,0.038,0.987
-0.011,-73.27562688756396,-0.381,0.042,2.4494714736938477,1.01,0.036,0.882
-0.01,-73.27562688756396,-0.416,0.042,2.4497411251068115,1.011,0.037,1.022
-0.013,-73.27562688756396,-0.626,0.252,2.450010299682617,1.011,0.039,0.987
-0.013,-73.27562688756396,-0.451,0.007,2.4502758979797363,1.012,0.036,1.267
-0.013,-73.27150332836098,-0.486,-0.098,2.4505984783172607,1.013,0.037,0.847
-0.013,-73.27150332836098,-0.521,-0.028,2.450899600982666,1.011,0.038,1.022
-0.014,-73.27150332836098,-0.521,-0.063,2.4511899948120117,1.012,0.04,1.022
-0.012,-73.27150332836098,-0.591,0.147,2.451463222503662,1.009,0.032,0.672
-0.013,-73.27150332836098,-0.381,-0.063,3.0923688411712646,1.012,0.033,1.092
-0.013,-73.39470204763322,-0.556,-0.098,3.093036651611328,1.011,0.037,1.127
-0.009,-73.39470204763322,-0.416,0.077,3.0934371948242188,1.01,0.036,0.987
-0.012,-73.39470204763322,-0.556,-0.133,3.09566068649292,1.012,0.038,1.267
-0.014,-73.39470204763322,-0.416,0.042,3.0960583686828613,1.012,0.039,0.882
-0.014,-73.39470204763322,-0.451,-0.098,3.0963375568389893,1.01,0.033,1.232
-0.012,-73.39470204763322,-0.521,-0.098,3.0965871810913086,1.012,0.04,1.162
-0.012,-73.39470204763322,-0.451,0.077,3.0968241691589355,1.009,0.036,0.952
-0.013,-73.39470204763322,-0.521,0.042,3.097057580947876,1.011,0.038,0.742
-0.013,-73.39470204763322,-0.276,-0.098,3.097288131713867,1.014,0.041,1.197
-0.009,-73.39470204763322,-0.556,-0.028,3.0975162982940674,1.01,0.034,1.092
-0.014,-73.71135259800347,-0.591,-0.028,3.0979769229888916,1.012,0.037,0.987
-0.014,-73.71135259800347,-0.416,0.147,3.705400228500366,1.011,0.038,1.022
-0.015,-73.70210387091346,-0.311,-0.098,3.7077784538269043,1.011,0.035,0.847
-0.012,-73.70210387091346,-0.451,-0.063,3.7082884311676025,1.011,0.033,1.197
-0.012,-73.70210387091346,-0.521,-0.028,3.708634614944458,1.007,0.034,1.057
-0.01,-73.70210387091346,-0.451,-0.063,3.7089574337005615,1.014,0.04,1.057
-0.014,-73.70210387091346,-0.556,0.112,3.709275960922241,1.013,0.038,1.022
-0.014,-73.70210387091346,-0.521,-0.063,3.7095847129821777,1.008,0.03,0.917
-0.009,-73.70210387091346,-0.591,0.077,3.709882974624634,1.011,0.037,1.057
-0.012,-73.70210387091346,-0.416,0.042,3.710177421569824,1.011,0.037,0.777
-0.015,-74.13776594427243,-0.451,0.042,3.7104976177215576,1.012,0.039,0.952
-0.011,-74.13776594427243,-0.521,-0.063,3.710834503173828,1.012,0.038,1.022
-0.011,-74.13776594427243,-0.346,-0.133,3.7111170291900635,1.011,0.034,1.057
-0.014,-74.13776594427243,-0.661,0.112,4.370195627212524,1.012,0.037,1.162
-0.014,-73.77945306502438,-0.591,0.042,4.3708837032318115,1.013,0.037,1.127
-0.012,-73.77945306502438,-0.486,0.042,4.371262073516846,1.011,0.039,0.777
-0.014,-73.77945306502438,-0.521,0.007,4.373196840286255,1.009,0.034,0.987
-0.01,-73.77945306502438,-0.416,-0.133,4.373523950576782,1.008,0.034,1.057
-0.012,-73.77945306502438,-0.486,0.077,4.373822212219238,1.012,0.039,1.092
-0.009,-73.77945306502438,-0.381,-0.098,4.374171495437622,1.015,0.04,1.022
-0.013,-73.77945306502438,-0.451,-0.098,4.374520540237427,1.011,0.039,1.267
-0.011,-73.77945306502438,-0.556,0.007,4.3748555183410645,1.012,0.037,0.882
-0.011,-73.77945306502438,-0.451,-0.028,4.3751540184021,1.012,0.034,1.022
-0.014,-73.29303162065692,-0.521,0.007,4.375473260879517,1.015,0.04,1.092
-0.012,-73.29303162065692,-0.521,-0.063,4.378063201904297,1.012,0.036,0.917
-0.012,-73.29303162065692,-0.381,-0.063,5.039374589920044,1.013,0.042,1.127
-0.01,-72.98425089429188,-0.556,0.042,5.041598796844482,1.013,0.039,1.092
-0.012,-72.97230474854679,-0.416,0.007,5.042088508605957,1.011,0.034,0.917
-0.015,-72.97230474854679,-0.486,0.042,5.042464017868042,1.012,0.036,1.127
-0.016,-72.97230474854679,-0.556,-0.028,5.042793273925781,1.013,0.038,0.952
-0.01,-72.97230474854679,-0.451,0.007,5.043107271194458,1.01,0.035,0.987
-0.013,-72.97230474854679,-0.486,0.007,5.043421983718872,1.01,0.036,0.917
-0.013,-72.97230474854679,-0.346,0.042,5.043735980987549,1.01,0.035,0.987
-0.013,-72.97230474854679,-0.486,-0.098,5.044057846069336,1.011,0.036,1.197
-0.012,-72.97230474854679,-0.381,-0.098,5.044393301010132,1.012,0.037,1.092
-0.012,-72.97230474854679,-0.346,0.042,5.044691801071167,1.009,0.034,0.917
-0.014,-72.97230474854679,-0.556,-0.028,5.652807950973511,1.012,0.035,1.162
-0.013,-73.58190031257676,-0.521,0.077,5.655174255371094,1.009,0.035,0.882
-0.012,-73.58190031257676,-0.416,0.007,5.655602216720581,1.013,0.038,0.952
-0.015,-73.58190031257676,-0.486,-0.063,5.655994892120361,1.015,0.04,1.162
-0.011,-73.58190031257676,-0.311,-0.098,5.656389474868774,1.016,0.043,0.987
-0.012,-73.58190031257676,-0.521,0.147,5.656767129898071,1.007,0.028,0.987
-0.015,-73.58190031257676,-0.486,-0.063,5.657136917114258,1.013,0.039,0.987
-0.014,-73.58190031257676,-0.521,-0.028,5.657542943954468,1.007,0.048,0.952
-0.01,-73.58190031257676,-0.556,0.042,5.657942771911621,1.011,0.03,1.022
-0.011,-73.58190031257676,-0.381,-0.028,5.658338308334351,1.012,0.037,1.127
-0.012,-72.86715102872125,-0.591,-0.028,5.658733129501343,1.01,0.04,1.092
-0.013,-72.86715102872125,-0.416,-0.098,5.659117937088013,1.012,0.033,0.917
-0.011,-72.86715102872125,-0.451,-0.133,6.288896560668945,1.018,0.04,1.127
-0.009,-72.86744113411758,-0.416,0.042,6.289508104324341,1.01,0.034,1.022
-0.01,-72.86744113411758,-0.381,-0.028,6.289823532104492,1.018,0.042,1.057
-0.011,-72.86744113411758,-0.451,-0.098,6.290102481842041,1.013,0.039,0.882
-0.013,-72.86744113411758,-0.486,-0.028,6.29036545753479,1.013,0.037,1.267
-0.011,-72.93580713159464,-0.486,0.077,6.290634393692017,1.011,0.038,0.742
-0.014,-72.93580713159464,-0.381,-0.098,6.290942668914795,1.008,0.032,1.302
-0.012,-72.93580713159464,-0.486,0.007,6.291318416595459,1.008,0.036,0.777
-0.013,-72.93580713159464,-0.521,-0.133,6.293524503707886,1.011,0.036,0.987
-0.009,-72.93580713159464,-0.416,0.042,6.293976306915283,1.01,0.038,0.917
-0.012,-72.93580713159464,-0.591,0.182,6.294357776641846,1.01,0.036,1.057
-0.014,-72.93580713159464,-0.451,-0.133,6.294764518737793,1.013,0.039,0.952
-0.011,-72.93580713159464,-0.521,0.007,6.298443555831909,1.006,0.032,1.057
-0.013,-72.93580713159464,-0.451,-0.028,6.942085266113281,1.012,0.039,0.987
-0.012,-74.02965070043139,-0.486,0.007,6.942736387252808,1.01,0.035,0.952
-0.011,-74.02965070043139,-0.381,0.042,6.944770812988281,1.015,0.039,0.847
-0.012,-74.02965070043139,-0.416,-0.063,6.945078372955322,1.01,0.036,1.127
-0.01,-74.02965070043139,-0.416,-0.098,6.945354223251343,1.009,0.032,0.987
-0.012,-74.02965070043139,-0.486,-0.238,6.945620536804199,1.011,0.037,1.302
-0.012,-74.02965070043139,-0.521,0.007,6.945875406265259,1.011,0.037,1.162
-0.013,-74.02965070043139,-0.346,-0.063,6.946124315261841,1.012,0.039,1.232
-0.009,-73.82470447558083,-0.451,0.042,6.94637393951416,1.014,0.036,0.812
-0.011,-73.82470447558083,-0.381,-0.098,6.946638345718384,1.01,0.037,1.232
-0.014,-73.82470447558083,-0.486,-0.098,6.946897745132446,1.007,0.031,1.127
-0.01,-73.82470447558083,-0.381,0.007,6.9479820728302,1.011,0.033,0.847
-0.011,-73.82470447558083,-0.311,-0.133,7.566021680831909,1.016,0.044,1.092
-0.013,-73.06910555667702,-0.381,-0.098,7.568372964859009,1.009,0.036,1.022
-0.012,-73.06910555667702,-0.346,0.112,7.56874418258667,1.009,0.037,0.917
-0.015,-73.06910555667702,-0.486,-0.133,7.569034099578857,1.01,0.041,1.197
-0.01,-73.63554338539444,-0.311,-0.133,7.569311141967773,1.011,0.034,1.127
-0.008,-73.63554338539444,-0.486,0.112,7.569582223892212,1.011,0.035,1.162
-0.01,-73.63554338539444,-0.486,0.112,7.569848537445068,1.009,0.032,0.812
-0.011,-73.63554338539444,-0.381,0.042,7.570109844207764,1.01,0.038,1.162
-0.012,-73.63554338539444,-0.381,-0.098,7.570368528366089,1.015,0.041,1.092
-0.011,-73.63554338539444,-0.381,0.007,7.5706517696380615,1.011,0.035,0.882
-0.01,-73.63554338539444,-0.556,-0.063,7.5709147453308105,1.015,0.042,1.127
-0.011,-73.63554338539444,-0.521,-0.028,8.14797329902649,1.009,0.031,0.882
-0.012,-73.50567265423336,-0.416,-0.063,8.148701667785645,1.013,0.039,1.057
-0.015,-73.50567265423336,-0.521,0.112,8.15076732635498,1.01,0.032,1.092
-0.013,-73.50567265423336,-0.521,0.077,8.151158809661865,1.012,0.037,0.952
-0.014,-73.03917792267154,-0.451,-0.098,8.151456594467163,1.011,0.039,0.987
-0.009,-73.03917792267154,-0.451,-0.063,8.151737451553345,1.009,0.034,1.302
-0.015,-73.03917792267154,-0.346,0.007,8.152003288269043,1.012,0.038,1.022
-0.013,-73.03917792267154,-0.486,-0.098,8.152265787124634,1.015,0.038,1.267
-0.01,-73.03917792267154,-0.521,0.042,8.152525663375854,1.015,0.04,0.812
-0.013,-73.03917792267154,-0.346,-0.168,8.152785778045654,1.01,0.033,0.952
-0.011,-73.03917792267154,-0.521,-0.028,8.153045177459717,1.012,0.034,1.197
-0.012,-73.03917792267154,-0.451,0.077,8.722371578216553,1.014,0.039,0.882
-0.013,-73.65595416133743,-0.521,-0.028,8.723024368286133,1.015,0.038,1.022
-0.011,-73.65595416133743,-0.416,0.042,8.724962711334229,1.009,0.035,1.127
-0.01,-73.65595416133743,-0.451,-0.098,8.725279092788696,1.013,0.046,0.917
-0.012,-73.65595416133743,-0.486,0.042,8.725571393966675,1.012,0.044,0.987
-0.014,-73.65595416133743,-0.556,0.112,8.725934267044067,1.013,0.04,1.092
-0.011,-73.85870770622215,-0.381,0.007,8.726220607757568,1.013,0.038,0.952
-0.01,-73.85870770622215,-0.346,-0.028,8.726514101028442,1.01,0.034,0.847
-0.011,-73.85870770622215,-0.521,-0.063,8.726787567138672,1.011,0.035,1.232
-0.013,-73.85870770622215,-0.416,0.042,8.72705602645874,1.012,0.037,0.847
-0.012,-73.85870770622215,-0.381,0.042,8.72732949256897,1.012,0.036,1.092
-0.013,-73.85870770622215,-0.556,0.147,8.728267431259155,1.01,0.036,0.777
-0.013,-73.85870770622215,-0.346,0.042,9.323148727416992,1.011,0.038,1.022
-0.011,-73.772347396424,-0.556,-0.168,9.325440406799316,1.01,0.035,0.987
-0.011,-73.772347396424,-0.451,0.112,9.325817108154297,1.008,0.037,1.022
-0.016,-73.772347396424,-0.486,0.077,9.326138734817505,1.012,0.04,0.812
-0.01,-73.772347396424,-0.521,0.077,9.326481580734253,1.009,0.033,0.952
-0.01,-72.72451896369391,-0.381,0.077,9.326822757720947,1.011,0.038,1.197
-0.014,-72.72451896369391,-0.556,0.112,9.327152013778687,1.011,0.039,0.882
-0.014,-72.72451896369391,-0.346,0.042,9.327452182769775,1.012,0.038,1.092
-0.011,-72.72451896369391,-0.521,0.042,9.327747344970703,1.011,0.04,1.162
-0.008,-72.72451896369391,-0.451,0.147,9.32804560661316,1.01,0.033,1.127
-0.017,-72.72451896369391,-0.346,-0.098,9.328348636627197,1.01,0.031,0.987
-0.012,-72.72451896369391,-0.626,-0.133,9.328754186630249,1.009,0.035,1.092
-0.011,-72.72451896369391,-0.486,0.042,9.907906293869019,1.01,0.037,0.952
-0.016,-73.31036592685439,-0.451,0.112,9.91017198562622,1.011,0.037,1.057
-0.014,-73.31036592685439,-0.486,0.077,9.910678386688232,1.012,0.037,0.917
-0.015,-73.31036592685439,-0.381,-0.063,9.911050796508789,1.014,0.041,1.197
-0.009,-73.31036592685439,-0.451,-0.028,9.911393642425537,1.008,0.031,1.022
-0.016,-73.41635286430576,-0.416,-0.098,9.911723375320435,1.013,0.037,0.952
-0.01,-73.41635286430576,-0.486,-0.063,9.91205096244812,1.012,0.035,1.127
-0.013,-73.41635286430576,-0.521,0.007,9.912370920181274,1.012,0.037,0.882
-0.011,-73.41635286430576,-0.381,0.077,9.912692070007324,1.012,0.037,1.162
-0.014,-73.41635286430576,-0.626,0.042,9.913013696670532,1.014,0.036,0.812
-0.014,-73.41635286430576,-0.381,-0.028,9.913332462310791,1.009,0.036,0.917
-0.013,-73.41635286430576,-0.381,-0.168,10.540485620498657,1.011,0.039,1.407
-0.013,-73.06493222333073,-0.451,0.007,10.541117668151855,1.011,0.04,1.162
-0.013,-73.06493222333073,-0.451,-0.028,10.543232440948486,1.01,0.038,0.917
-0.012,-73.06493222333073,-0.556,0.007,10.543571710586548,1.01,0.035,1.057
-0.009,-73.06493222333073,-0.416,0.077,10.543879985809326,1.012,0.033,0.812
-0.015,-73.06493222333073,-0.416,0.077,10.544179677963257,1.012,0.039,1.197
-0.013,-73.06493222333073,-0.486,0.077,10.544476509094238,1.01,0.037,0.882
-0.012,-73.06493222333073,-0.416,0.042,10.544764518737793,1.014,0.04,0.987
-0.013,-73.06493222333073,-0.451,0.007,10.54504942893982,1.011,0.034,1.057
-0.014,-73.06493222333073,-0.556,0.042,10.545338869094849,1.01,0.033,0.987
-0.01,-73.85412398588149,-0.381,-0.063,10.545663118362427,1.014,0.041,1.057
-0.01,-73.85412398588149,-0.556,0.042,10.549924612045288,1.011,0.035,0.952
-0.015,-73.85412398588149,-0.416,-0.028,11.184054851531982,1.012,0.035,0.917
-0.011,-73.203101477704,-0.311,0.007,11.184688329696655,1.012,0.039,0.987
-0.013,-73.203101477704,-0.661,0.147,11.186866521835327,1.01,0.035,1.092
-0.011,-73.203101477704,-0.416,0.112,11.187271118164062,1.01,0.035,0.637
-0.01,-73.203101477704,-0.451,-0.098,11.187610626220703,1.014,0.041,1.232
-0.015,-72.71417009567527,-0.556,0.077,11.18794870376587,1.01,0.036,0.672
-0.011,-72.71417009567527,-0.311,-0.063,11.188340425491333,1.01,0.031,1.197
-0.012,-72.71417009567527,-0.451,-0.028,11.188682794570923,1.014,0.04,1.162
-0.009,-72.71417009567527,-0.241,0.007,11.18901014328003,1.014,0.039,1.092
-0.01,-72.71417009567527,-0.451,0.147,11.189332962036133,1.01,0.037,1.057
-0.011,-72.71417009567527,-0.416,-0.028,11.189664840698242,1.015,0.044,1.302
-0.013,-72.71417009567527,-0.556,0.077,11.189984560012817,1.013,0.036,0.672
-0.011,-72.71417009567527,-0.521,0.077,11.80001187324524,1.012,0.034,1.022
-0.014,-73.22449180418529,-0.416,0.182,11.802503108978271,1.01,0.037,1.092
-0.012,-73.21980235356482,-0.556,0.077,11.802906513214111,1.017,0.044,0.882
-0.011,-73.21980235356482,-0.521,-0.063,11.80321741104126,1.007,0.031,1.127
-0.015,-73.21980235356482,-0.416,0.077,11.803512573242188,1.008,0.034,0.847
-0.013,-73.21980235356482,-0.556,0.147,11.803781747817993,1.01,0.032,1.197
-0.009,-73.21980235356482,-0.381,-0.028,11.804044961929321,1.018,0.042,0.637
-0.012,-73.21980235356482,-0.521,-0.028,11.80430817604065,1.011,0.035,1.162
-0.015,-73.21980235356482,-0.591,0.007,11.80456829071045,1.009,0.037,1.057
-0.01,-73.21980235356482,-0.451,-0.238,11.8048255443573,1.01,0.036,1.022
-0.009,-73.21980235356482,-0.451,0.007,11.805080890655518,1.016,0.041,1.022
-0.013,-73.67860939932476,-0.451,0.112,11.808756589889526,1.013,0.036,1.057
-0.013,-73.67860939932476,-0.626,-0.028,12.526391506195068,1.008,0.034,0.777
-0.012,-73.80138010742137,-0.451,0.077,12.527184247970581,1.013,0.037,0.987
-0.016,-73.80138010742137,-0.381,-0.028,12.529258489608765,1.011,0.038,1.162
-0.011,-73.80138010742137,-0.591,-0.203,12.529576539993286,1.011,0.037,0.882
-0.008,-73.80138010742137,-0.381,0.077,12.529836654663086,1.012,0.035,1.022
-0.017,-73.80138010742137,-0.311,0.112,12.530078411102295,1.014,0.04,1.057
-0.015,-73.80138010742137,-0.661,-0.098,12.530311346054077,1.011,0.034,1.092
-0.007,-73.80138010742137,-0.346,-0.203,12.530553817749023,1.014,0.038,0.952
-0.009,-73.75666542061046,-0.556,-0.063,12.530787944793701,1.014,0.037,1.267
-0.017,-73.75666542061046,-0.521,0.112,12.531017303466797,1.008,0.035,0.917
-0.012,-73.75666542061046,-0.451,-0.028,12.531255960464478,1.015,0.041,1.022
-0.011,-73.75666542061046,-0.556,0.042,12.531506061553955,1.012,0.037,0.917
-0.013,-73.75666542061046,-0.381,0.112,13.162101984024048,1.008,0.032,1.057
-0.013,-73.74784301682834,-0.451,-0.168,13.16433072090149,1.009,0.032,0.952
-0.01,-73.74784301682834,-0.486,-0.063,13.164665460586548,1.012,0.041,1.057
-0.015,-73.18807220399738,-0.381,0.147,13.164925336837769,1.012,0.036,1.057
-0.014,-73.18807220399738,-0.591,-0.028,13.165170192718506,1.013,0.038,1.057
-0.009,-73.18807220399738,-0.346,-0.028,13.165445804595947,1.015,0.036,0.987
-0.014,-73.18807220399738,-0.381,0.042,13.165714979171753,1.008,0.033,1.232
-0.015,-73.18807220399738,-0.486,-0.063,13.165983438491821,1.012,0.035,0.952
-0.01,-73.18807220399738,-0.416,-0.203,13.166260004043579,1.012,0.039,1.092
-0.009,-73.18807220399738,-0.591,0.007,13.166542053222656,1.01,0.036,0.952
-0.012,-73.18807220399738,-0.451,0.077,13.16681456565857,1.016,0.045,1.092
-0.013,-73.18807220399738,-0.521,-0.063,13.169314622879028,1.007,0.031,1.092
-0.011,-73.16457373438232,-0.416,-0.063,13.776789903640747,1.011,0.034,1.022
-0.013,-72.7839264122093,-0.346,0.042,13.779128313064575,1.011,0.039,1.092
-0.01,-72.7839264122093,-0.556,-0.028,13.779505014419556,1.01,0.033,0.847
-0.011,-72.7839264122093,-0.486,0.147,13.7798011302948,1.013,0.039,1.022
-0.015,-72.7839264122093,-0.416,0.042,13.780075311660767,1.011,0.036,1.127
-0.013,-72.7839264122093,-0.486,-0.133,13.78034234046936,1.011,0.032,0.917
-0.013,-72.7839264122093,-0.451,0.147,13.780607461929321,1.012,0.04,0.882
-0.013,-72.7839264122093,-0.521,0.077,13.780869483947754,1.013,0.036,1.057
-0.013,-72.7839264122093,-0.556,-0.028,13.781128644943237,1.012,0.037,0.987
-0.011,-73.01025099045104,-0.451,-0.063,13.781383752822876,1.013,0.037,0.987
-0.011,-73.01025099045104,-0.591,0.077,13.78164005279541,1.01,0.037,1.162
-0.011,-73.01025099045104,-0.311,-0.028,14.405813217163086,1.013,0.038,0.882
-0.013,-73.2271855009219,-0.416,0.077,14.408204555511475,1.013,0.038,0.917
-0.012,-73.2271855009219,-0.451,-0.098,14.40854024887085,1.013,0.038,1.162
-0.014,-73.2271855009219,-0.381,0.077,14.40879487991333,1.017,0.042,0.987
-0.012,-73.2271855009219,-0.486,0.077,14.409035682678223,1.01,0.034,0.882
-0.012,-73.2271855009219,-0.416,-0.168,14.4092698097229,1.011,0.037,1.372
-0.01,-72.38957934288106,-0.381,-0.063,14.409497499465942,1.012,0.039,0.917
-0.012,-72.38957934288106,-0.451,0.077,14.409727334976196,1.012,0.036,0.847
-0.015,-72.38957934288106,-0.416,-0.168,14.40995192527771,1.013,0.039,1.337
-0.014,-72.38957934288106,-0.416,-0.028,14.410179376602173,1.011,0.037,0.952
-0.011,-72.38957934288106,-0.661,0.007,14.410403490066528,1.008,0.032,0.917
-0.014,-72.38957934288106,-0.521,0.042,14.410745620727539,1.012,0.034,0.952
-0.01,-72.38957934288106,-0.521,0.007,15.042365074157715,1.013,0.039,1.127
-0.012,-72.9810629813628,-0.521,-0.133,15.044658660888672,1.013,0.04,1.162
-0.013,-72.9810629813628,-0.451,0.112,15.045013666152954,1.014,0.038,0.847
-0.011,-72.9810629813628,-0.556,-0.028,15.045304298400879,1.01,0.034,1.092
-0.014,-72.9810629813628,-0.451,-0.028,15.045581102371216,1.013,0.036,0.847
-0.012,-72.9810629813628,-0.416,0.112,15.045848608016968,1.01,0.037,1.197
-0.011,-72.9810629813628,-0.521,-0.098,15.04611349105835,1.011,0.035,0.917
-0.013,-72.9810629813628,-0.416,0.007,15.046387434005737,1.014,0.042,0.847
-0.013,-72.9810629813628,-0.416,0.042,15.046671390533447,1.012,0.038,1.162
-0.011,-72.9810629813628,-0.486,0.007,15.046932458877563,1.009,0.031,0.777
-0.011,-73.06996025842969,-0.346,0.007,15.047189474105835,1.014,0.041,1.267
-0.014,-72.79915936989937,-0.451,0.077,15.04841947555542,1.014,0.04,0.952
-0.013,-72.79915936989937,-0.521,-0.063,15.656171560287476,1.009,0.031,0.777
-0.013,-73.0733310476951,-0.451,-0.028,15.658582210540771,1.012,0.037,1.057
-0.012,-73.0733310476951,-0.451,-0.098,15.659110307693481,1.014,0.037,0.987
-0.009,-73.0733310476951,-0.486,-0.063,15.65947675704956,1.011,0.037,1.232
-0.015,-73.0733310476951,-0.661,0.077,15.65981912612915,1.008,0.035,1.127
-0.015,-73.0733310476951,-0.486,0.042,15.660152435302734,1.013,0.038,0.917
-0.01,-73.0733310476951,-0.381,-0.063,15.660482168197632,1.014,0.038,1.197
-0.013,-73.66800632966581,-0.486,-0.028,15.66080617904663,1.014,0.04,1.197
-0.011,-73.66800632966581,-0.381,0.042,15.661147117614746,1.014,0.038,1.092
-0.011,-73.66800632966581,-0.556,-0.028,15.661473035812378,1.01,0.033,1.057
-0.015,-73.66800632966581,-0.381,0.007,15.66180157661438,1.012,0.038,0.847
-0.016,-73.66800632966581,-0.556,-0.063,16.260916471481323,1.013,0.039,1.267
-0.013,-73.6206790918387,-0.416,-0.168,16.263588905334473,1.013,0.037,1.197
-0.012,-73.6206790918387,-0.521,0.042,16.264073371887207,1.013,0.037,1.022
-0.011,-73.6206790918387,-0.381,0.007,16.264452695846558,1.012,0.035,0.917
-0.014,-73.6206790918387,-0.451,-0.063,16.264808177947998,1.012,0.039,1.232
-0.013,-73.6206790918387,-0.556,0.077,16.265156030654907,1.011,0.035,0.952
-0.013,-72.9696701155293,-0.381,-0.133,16.265498399734497,1.013,0.036,1.162
-0.011,-72.9696701155293,-0.451,0.042,16.265846729278564,1.015,0.039,0.987
-0.01,-72.9696701155293,-0.381,-0.028,16.26619791984558,1.008,0.034,1.197
-0.013,-72.9696701155293,-0.451,-0.098,16.266557216644287,1.013,0.038,1.022
-0.011,-72.9696701155293,-0.451,0.007,16.26690101623535,1.014,0.038,1.057
-0.011,-72.9696701155293,-0.486,-0.028,16.268535614013672,1.009,0.033,0.952
-0.013,-72.9696701155293,-0.556,-0.098,16.847044706344604,1.012,0.037,1.057
-0.013,-73.21084331439386,-0.486,0.182,16.84941554069519,1.013,0.039,0.882
-0.014,-73.21084331439386,-0.451,-0.168,16.849992513656616,1.013,0.043,1.022
-0.012,-73.21084331439386,-0.626,-0.028,16.850374460220337,1.012,0.036,1.092
-0.012,-73.21084331439386,-0.346,0.147,16.850736379623413,1.012,0.037,0.952
-0.014,-73.21084331439386,-0.486,0.077,16.85107111930847,1.012,0.041,1.092
-0.01,-73.75114532497786,-0.521,-0.028,16.851401567459106,1.011,0.039,0.917
-0.012,-73.75114532497786,-0.451,0.147,16.85173487663269,1.012,0.035,1.127
-0.017,-73.75114532497786,-0.521,0.077,16.852059841156006,1.007,0.038,0.987
-0.012,-73.75114532497786,-0.346,-0.028,16.852392196655273,1.013,0.036,1.092
-0.01,-73.75114532497786,-0.556,0.042,16.852717399597168,1.01,0.041,0.987
-0.015,-73.75114532497786,-0.451,0.007,17.41715979576111,1.013,0.033,0.952
-0.014,-73.22561001271836,-0.451,0.077,17.419621467590332,1.01,0.034,1.057
-0.012,-73.22561001271836,-0.451,0.007,17.4200336933136,1.012,0.036,0.847
-0.01,-73.22561001271836,-0.486,-0.098,17.420371532440186,1.013,0.039,1.302
-0.012,-73.22561001271836,-0.346,-0.063,17.42068362236023,1.011,0.035,1.127
-0.014,-73.22561001271836,-0.521,0.112,17.420987367630005,1.012,0.035,1.022
-0.015,-73.22561001271836,-0.556,-0.028,17.42128896713257,1.015,0.045,0.777
-0.013,-72.95071164716994,-0.416,-0.028,17.421595096588135,1.007,0.035,0.917
-0.012,-72.95071164716994,-0.451,-0.028,17.421900272369385,1.012,0.037,0.987
-0.012,-72.95071164716994,-0.381,0.147,17.422200918197632,1.01,0.035,0.882
-0.015,-72.95071164716994,-0.556,-0.028,17.42251944541931,1.011,0.037,1.092
-0.01,-72.95071164716994,-0.521,0.042,18.011980772018433,1.011,0.037,0.567
-0.015,-72.82759882816367,-0.556,0.077,18.01433038711548,1.01,0.033,1.127
-0.012,-72.82759882816367,-0.381,0.042,18.01488947868347,1.013,0.04,0.987
-0.009,-72.82759882816367,-0.556,0.007,18.015257358551025,1.008,0.033,1.057
-0.011,-72.82759882816367,-0.451,-0.063,18.01561999320984,1.019,0.047,1.267
-0.013,-72.82759882816367,-0.451,0.007,18.01599431037903,1.007,0.032,1.057
-0.013,-72.82759882816367,-0.591,-0.098,18.01638126373291,1.01,0.035,1.267
-0.008,-73.6058794845518,-0.416,0.042,18.016778230667114,1.01,0.036,1.022
-0.012,-73.6058794845518,-0.346,0.007,18.01712155342102,1.01,0.035,0.987
-0.014,-73.6058794845518,-0.556,0.007,18.01741909980774,1.015,0.039,0.987
-0.009,-73.6058794845518,-0.346,-0.168,18.017678260803223,1.011,0.035,0.987
-0.009,-73.6058794845518,-0.486,0.007,18.01852560043335,1.017,0.041,0.952
-0.013,-73.6058794845518,-0.556,0.112,18.60665774345398,1.009,0.032,1.092
-0.012,-72.73551719541315,-0.416,0.182,18.60896325111389,1.013,0.038,1.022
-0.013,-72.73551719541315,-0.416,0.042,18.609501838684082,1.009,0.036,0.987
-0.013,-72.73551719541315,-0.381,-0.098,18.609872341156006,1.01,0.036,1.022
-0.01,-72.73551719541315,-0.486,0.042,18.6102135181427,1.01,0.033,1.057
-0.014,-72.73551719541315,-0.346,0.007,18.610559225082397,1.012,0.037,1.092
-0.014,-72.73551719541315,-0.381,-0.133,18.610889673233032,1.008,0.036,0.952
-0.01,-72.86146303841382,-0.311,0.147,18.611212730407715,1.01,0.036,0.987
-0.012,-72.86146303841382,-0.556,0.182,18.611531972885132,1.014,0.041,1.057
-0.014,-72.86146303841382,-0.416,-0.063,18.61184811592102,1.012,0.037,1.127
-0.009,-72.86146303841382,-0.591,-0.028,18.61216640472412,1.008,0.032,1.127
-0.012,-72.86146303841382,-0.416,0.042,18.612483024597168,1.013,0.039,1.162
-0.014,-72.86146303841382,-0.451,0.112,19.202478647232056,1.011,0.036,1.162
-0.012,-73.57415918487114,-0.381,-0.028,19.20325016975403,1.007,0.03,0.847
-0.01,-73.57415918487114,-0.381,0.007,19.203733444213867,1.012,0.031,1.092
-0.016,-73.57415918487114,-0.556,0.077,19.205750942230225,1.015,0.044,1.127
-0.015,-73.57415918487114,-0.381,0.042,19.206050395965576,1.01,0.032,0.987
-0.012,-73.57415918487114,-0.556,0.007,19.206327438354492,1.013,0.037,0.917
-0.012,-73.39199718908593,-0.521,0.112,19.206610679626465,1.014,0.037,1.057
-0.012,-73.39199718908593,-0.381,0.077,19.206881761550903,1.013,0.036,1.022
-0.015,-73.39199718908593,-0.591,0.042,19.207144737243652,1.012,0.038,1.197
-0.011,-73.39199718908593,-0.521,-0.098,19.207412719726562,1.011,0.038,0.917
-0.01,-73.39199718908593,-0.451,0.112,19.207676649093628,1.012,0.037,0.987
-0.013,-73.39199718908593,-0.451,0.112,19.20856237411499,1.011,0.036,0.917
-0.013,-73.39199718908593,-0.381,-0.063,19.80654501914978,1.013,0.037,1.197
-0.009,-73.7243081838488,-0.591,-0.238,19.807204008102417,1.012,0.039,1.022
-0.012,-73.7243081838488,-0.381,0.182,19.809279918670654,1.008,0.031,1.057
-0.013,-73.7243081838488,-0.556,-0.063,19.80963659286499,1.011,0.034,1.057
-0.012,-73.95262417796968,-0.486,-0.028,19.809990882873535,1.014,0.042,0.882
-0.011,-73.95262417796968,-0.381,-0.028,19.81031584739685,1.015,0.038,1.127
-0.012,-73.95262417796968,-0.346,0.007,19.810620069503784,1.012,0.034,1.022
-0.014,-73.95262417796968,-0.451,-0.028,19.810935258865356,1.01,0.037,1.022
-0.011,-73.95262417796968,-0.556,0.007,19.811230897903442,1.016,0.039,0.917
-0.013,-73.95262417796968,-0.486,0.042,19.811548471450806,1.012,0.036,1.092
-0.016,-73.95262417796968,-0.556,0.042,19.811856269836426,1.008,0.036,1.022
-0.012,-73.95262417796968,-0.521,0.007,19.812164306640625,1.013,0.034,0.952
-0.011,-73.95262417796968,-0.486,0.042,20.447909832000732,1.011,0.035,1.127
-0.014,-74.73775982789518,-0.451,0.077,20.450347185134888,1.008,0.029,0.637
-0.013,-74.73775982789518,-0.381,-0.098,20.450867891311646,1.011,0.04,1.057
-0.012,-74.73775982789518,-0.416,0.077,20.45123291015625,1.016,0.041,1.022
-0.014,-74.73775982789518,-0.311,-0.028,20.451577186584473,1.01,0.035,1.197
-0.015,-74.73775982789518,-0.556,-0.028,20.451913833618164,1.014,0.039,1.127
-0.008,-74.73775982789518,-0.416,-0.238,20.452245473861694,1.01,0.03,1.302
-0.011,-74.73775982789518,-0.451,0.007,20.45257258415222,1.016,0.037,1.197
-0.012,-73.9361254761823,-0.486,0.112,20.452895641326904,1.011,0.038,0.742
-0.01,-73.9361254761823,-0.486,-0.203,20.453242778778076,1.013,0.035,1.302
-0.013,-73.9361254761823,-0.416,-0.028,20.453571557998657,1.013,0.039,1.232
-0.014,-73.9361254761823,-0.591,0.007,21.053937673568726,1.012,0.038,1.162
-0.014,-74.35063811713181,-0.416,-0.063,21.054702043533325,1.01,0.034,1.197
-0.012,-74.35063811713181,-0.556,0.112,21.05696940422058,1.014,0.042,0.952
-0.016,-74.35063811713181,-0.486,0.007,21.057405471801758,1.015,0.043,0.952
-0.012,-74.35063811713181,-0.451,-0.098,21.057682991027832,1.008,0.031,0.987
-0.011,-74.35063811713181,-0.521,-0.098,21.057932138442993,1.014,0.037,1.127
-0.012,-74.35063811713181,-0.416,-0.098,21.058173656463623,1.012,0.039,0.882
-0.016,-74.00377242868164,-0.451,-0.133,21.058408498764038,1.012,0.037,0.987
-0.011,-74.00377242868164,-0.521,0.147,21.05866289138794,1.009,0.035,0.847
-0.013,-74.00377242868164,-0.451,0.112,21.058912754058838,1.008,0.033,0.917
-0.016,-74.00377242868164,-0.486,0.112,21.059161901474,1.012,0.036,1.232
-0.01,-74.00377242868164,-0.381,0.112,21.059399127960205,1.012,0.038,0.917
-0.014,-74.00377242868164,-0.556,0.112,21.66490936279297,1.01,0.035,0.882
-0.013,-73.9598128613709,-0.556,0.147,21.665549755096436,1.01,0.037,1.057
-0.011,-73.9598128613709,-0.451,-0.098,21.667961835861206,1.009,0.032,0.882
-0.011,-73.9598128613709,-0.346,-0.028,21.668431520462036,1.012,0.037,1.057
-0.014,-73.80182606447121,-0.591,0.147,21.66883611679077,1.01,0.034,1.057
-0.014,-73.80182606447121,-0.416,-0.168,21.66923236846924,1.007,0.029,0.672
-0.012,-73.80182606447121,-0.346,-0.063,21.669601678848267,1.013,0.04,1.337
-0.014,-73.80182606447121,-0.486,0.182,21.66997265815735,1.011,0.039,0.882
-0.014,-73.80182606447121,-0.416,-0.063,21.670332431793213,1.01,0.035,0.952
-0.008,-73.80182606447121,-0.381,-0.098,21.670708179473877,1.015,0.04,1.302
-0.013,-73.80182606447121,-0.521,0.042,21.671064615249634,1.012,0.036,0.777
-0.015,-73.80182606447121,-0.486,-0.063,21.671411275863647,1.011,0.039,1.127
-0.011,-73.80182606447121,-0.521,-0.028,22.247565746307373,1.012,0.034,0.847
-0.013,-73.94803872729265,-0.556,-0.063,22.248175859451294,1.01,0.036,1.092
-0.013,-73.94803872729265,-0.556,-0.028,22.24850082397461,1.011,0.036,1.022
-0.01,-73.94803872729265,-0.451,-0.063,22.250511169433594,1.01,0.038,1.057
-0.013,-73.94803872729265,-0.591,0.217,22.250877141952515,1.014,0.04,0.917
-0.01,-73.53418245090491,-0.381,0.042,22.251210689544678,1.01,0.035,0.952
-0.014,-73.53418245090491,-0.416,-0.028,22.251535415649414,1.011,0.038,1.232
-0.01,-73.53418245090491,-0.521,-0.133,22.251851081848145,1.011,0.035,0.777
-0.01,-73.53418245090491,-0.381,0.042,22.252169370651245,1.011,0.038,1.092
-0.011,-73.53418245090491,-0.626,0.042,22.252493858337402,1.012,0.037,0.707
-0.013,-73.53418245090491,-0.416,-0.028,22.252811431884766,1.014,0.036,1.057
-0.01,-73.53418245090491,-0.486,0.042,22.253130435943604,1.012,0.042,1.022
-0.01,-73.53418245090491,-0.556,0.112,22.814149379730225,1.01,0.035,1.092
-0.012,-74.1328502498372,-0.451,0.077,22.816587686538696,1.013,0.04,0.952
-0.01,-74.1328502498372,-0.556,0.182,22.81714129447937,1.01,0.03,1.337
-0.014,-74.1328502498372,-0.521,-0.028,22.817510843276978,1.016,0.041,0.847
-0.014,-74.1328502498372,-0.416,-0.028,22.817861318588257,1.012,0.039,1.092
-0.011,-74.1328502498372,-0.521,0.042,22.818196535110474,1.012,0.035,1.057
-0.011,-74.1328502498372,-0.486,-0.098,22.818536520004272,1.011,0.039,1.127
-0.012,-73.5506471819776,-0.486,0.007,22.818867683410645,1.017,0.04,1.267
-0.011,-73.5506471819776,-0.521,0.042,22.819193840026855,1.009,0.035,1.057
-0.011,-73.5506471819776,-0.556,-0.063,22.81951379776001,1.008,0.037,0.987
-0.013,-73.5506471819776,-0.556,-0.028,22.81984305381775,1.014,0.038,1.162
-0.008,-73.5506471819776,-0.346,-0.098,22.820170402526855,1.006,0.046,0.777
-0.01,-73.5506471819776,-0.416,-0.133,23.36809277534485,1.01,0.03,1.232
-0.014,-72.7073688345521,-0.416,0.077,23.370521545410156,1.01,0.033,1.127
-0.015,-72.7073688345521,-0.416,0.112,23.371018409729004,1.013,0.039,0.952
-0.012,-72.7073688345521,-0.556,0.042,23.37138819694519,1.009,0.031,0.987
-0.013,-72.7073688345521,-0.451,0.007,23.371747255325317,1.01,0.033,0.882
-0.011,-72.7073688345521,-0.416,-0.063,23.372079133987427,1.015,0.041,1.057
-0.013,-72.7073688345521,-0.521,-0.028,23.372401475906372,1.007,0.03,0.917
-0.013,-72.7073688345521,-0.381,-0.098,23.37272357940674,1.01,0.036,0.672
-0.012,-72.7073688345521,-0.416,0.077,23.373040199279785,1.013,0.042,1.442
-0.013,-72.7073688345521,-0.381,-0.063,23.373355627059937,1.015,0.04,0.882
-0.012,-73.68423497302871,-0.451,-0.028,23.373669385910034,1.013,0.035,0.812
-0.01,-73.68423497302871,-0.521,0.042,23.981472492218018,1.014,0.038,1.127
-0.012,-73.43342981229245,-0.346,0.042,23.98382544517517,1.012,0.037,0.917
-0.013,-73.43342981229245,-0.556,0.077,23.984193086624146,1.008,0.033,0.917
-0.01,-73.43342981229245,-0.416,-0.098,23.984468460083008,1.009,0.037,1.057
-0.011,-73.43342981229245,-0.451,0.042,23.984724760055542,1.011,0.039,1.197
-0.013,-73.43342981229245,-0.556,-0.028,23.98497200012207,1.012,0.039,1.022
-0.012,-73.43342981229245,-0.346,-0.203,23.985214710235596,1.01,0.036,1.267
-0.012,-73.32605878891115,-0.591,0.042,23.985454320907593,1.009,0.035,0.742
-0.013,-73.32605878891115,-0.346,-0.028,23.9856915473938,1.012,0.037,1.092
-0.014,-73.32605878891115,-0.416,-0.063,23.985990285873413,1.012,0.04,1.232
-0.012,-73.32605878891115,-0.521,0.007,23.98624277114868,1.013,0.04,0.777
-0.011,-73.32605878891115,-0.346,0.112,23.989127159118652,1.011,0.036,1.022
-0.013,-73.32605878891115,-0.556,0.007,24.6117103099823,1.006,0.029,1.267
-0.014,-73.54933865551298,-0.346,0.112,24.61408567428589,1.01,0.034,1.197
-0.015,-73.54933865551298,-0.556,0.007,24.614598989486694,1.011,0.036,1.022
-0.01,-73.3181309934412,-0.451,-0.098,24.61497139930725,1.012,0.038,0.952
-0.013,-73.3181309934412,-0.451,-0.028,24.61531925201416,1.011,0.036,1.022
-0.011,-73.3181309934412,-0.486,0.042,24.615651845932007,1.013,0.041,0.987
-0.013,-73.3181309934412,-0.346,-0.028,24.61597752571106,1.011,0.036,0.987
-0.01,-73.3181309934412,-0.521,0.007,24.616337299346924,1.008,0.033,0.917
-0.011,-73.3181309934412,-0.486,0.007,24.61666774749756,1.012,0.04,0.917
-0.012,-73.3181309934412,-0.451,-0.028,24.616994380950928,1.01,0.036,1.232
-0.011,-73.3181309934412,-0.311,-0.133,24.6173198223114,1.011,0.037,1.092
-0.012,-73.3181309934412,-0.381,-0.098,24.621854782104492,1.011,0.037,1.022
-0.014,-73.3181309934412,-0.346,0.042,25.273498058319092,1.011,0.036,1.337
-0.014,-73.52837573444288,-0.521,0.007,25.275590181350708,1.01,0.039,1.197
-0.013,-73.52837573444288,-0.416,-0.168,25.27605652809143,1.009,0.031,0.777
-0.015,-73.52837573444288,-0.416,-0.098,25.276424169540405,1.016,0.044,1.022
-0.013,-73.52837573444288,-0.486,0.077,25.276708364486694,1.015,0.042,1.092
-0.014,-73.52837573444288,-0.556,0.007,25.27696394920349,1.01,0.034,0.882
-0.01,-73.85773149051518,-0.451,-0.063,25.27720618247986,1.01,0.032,1.127
-0.016,-73.85773149051518,-0.416,-0.063,25.2774441242218,1.013,0.035,0.882
-0.016,-73.85773149051518,-0.451,0.112,25.27768039703369,1.013,0.042,0.952
-0.01,-73.85773149051518,-0.486,-0.098,25.277918100357056,1.017,0.044,1.092
-0.009,-73.85773149051518,-0.416,0.077,25.27816104888916,1.005,0.03,0.882
-0.014,-73.85773149051518,-0.696,0.077,25.278789520263672,1.009,0.039,0.847
-0.012,-73.85773149051518,-0.451,0.042,25.901410341262817,1.012,0.038,1.022
-0.013,-73.44503803381357,-0.626,-0.028,25.903692722320557,1.012,0.037,1.092
-0.011,-73.44503803381357,-0.381,-0.028,25.904198169708252,1.012,0.038,0.952
-0.013,-73.44503803381357,-0.521,0.007,25.904574394226074,1.012,0.037,1.162
-0.012,-73.44503803381357,-0.556,0.007,25.904929399490356,1.012,0.035,0.812
-0.011,-73.44503803381357,-0.311,-0.063,25.905284881591797,1.012,0.038,1.162
-0.012,-73.44503803381357,-0.486,-0.098,25.905623197555542,1.011,0.037,1.092
-0.014,-73.44503803381357,-0.416,-0.028,25.90596342086792,1.01,0.036,0.917
-0.013,-73.44503803381357,-0.626,0.007,25.906290531158447,1.011,0.037,0.987
-0.011,-73.44503803381357,-0.416,-0.028,25.90665340423584,1.014,0.04,1.022
-0.013,-73.44503803381357,-0.486,0.042,25.906991720199585,1.013,0.036,0.917
-0.013,-73.37460050945927,-0.556,0.042,25.91151237487793,1.008,0.032,1.022
-0.012,-73.37460050945927,-0.311,0.042,26.537492036819458,1.011,0.036,0.952
-0.01,-74.40718906073366,-0.626,-0.098,26.539785385131836,1.011,0.035,1.022
-0.013,-74.40718906073366,-0.381,0.042,26.540123224258423,1.013,0.038,1.232
-0.015,-74.40718906073366,-0.661,-0.063,26.5403835773468,1.012,0.039,1.022
-0.012,-74.40718906073366,-0.486,0.007,26.54062557220459,1.016,0.044,0.847
-0.012,-74.40718906073366,-0.346,0.007,26.540860414505005,1.01,0.037,1.057
-0.012,-74.40718906073366,-0.521,-0.028,26.541093349456787,1.01,0.033,1.162
-0.016,-73.76839415244697,-0.416,-0.028,26.541321277618408,1.011,0.034,0.882
-0.009,-73.76839415244697,-0.486,-0.063,26.541550636291504,1.015,0.042,1.057
-0.013,-73.76839415244697,-0.451,0.042,26.54177474975586,1.012,0.035,0.987
-0.011,-73.76839415244697,-0.451,0.007,26.54200029373169,1.011,0.038,1.197
-0.013,-73.76839415244697,-0.591,0.077,26.542940616607666,1.011,0.037,0.952
-0.008,-73.76839415244697,-0.381,-0.028,27.219316720962524,1.014,0.037,1.162
-0.017,-73.925090518308,-0.381,0.042,27.21995496749878,1.009,0.036,0.882
-0.014,-73.925090518308,-0.486,-0.028,27.22198462486267,1.008,0.033,1.092
-0.009,-73.925090518308,-0.451,-0.098,27.22229814529419,1.011,0.039,0.812
-0.012,-73.925090518308,-0.521,-0.133,27.222590923309326,1.014,0.04,1.022
-0.014,-73.925090518308,-0.416,-0.028,27.22286367416382,1.009,0.034,1.197
-0.01,-73.50653756799237,-0.451,0.007,27.22312593460083,1.009,0.033,1.232
-0.01,-73.50653756799237,-0.591,-0.133,27.223390102386475,1.011,0.039,0.847
-0.01,-73.50653756799237,-0.416,0.252,27.223649978637695,1.013,0.041,1.162
-0.011,-73.50653756799237,-0.626,-0.098,27.223906993865967,1.013,0.035,0.882
-0.013,-73.50653756799237,-0.381,-0.028,27.22416090965271,1.008,0.034,1.162
-0.01,-73.50653756799237,-0.521,0.252,27.89815926551819,1.013,0.037,1.232
-0.014,-74.2295611168446,-0.276,-0.028,27.89884066581726,1.015,0.04,1.337
-0.011,-74.2295611168446,-0.626,0.112,27.899176359176636,1.011,0.036,0.812
-0.012,-74.2295611168446,-0.451,0.007,27.901435375213623,1.013,0.036,1.127
-0.013,-74.2295611168446,-0.416,-0.028,27.901798963546753,1.013,0.037,1.092
-0.012,-74.2295611168446,-0.451,0.042,27.902097702026367,1.01,0.037,0.917
-0.011,-74.2295611168446,-0.521,-0.098,27.90239906311035,1.009,0.036,1.162
-0.013,-74.2295611168446,-0.556,0.182,27.902687549591064,1.011,0.038,0.637
-0.011,-74.0180670131993,-0.241,-0.098,27.902952194213867,1.015,0.039,0.812
-0.011,-74.0180670131993,-0.556,-0.168,27.903218507766724,1.012,0.036,1.407
-0.012,-74.0180670131993,-0.591,0.112,27.903486967086792,1.015,0.039,0.742
-0.012,-74.0180670131993,-0.346,0.042,27.903760194778442,1.006,0.032,1.267
-0.014,-74.0180670131993,-0.416,0.147,28.547647714614868,1.011,0.039,0.742
-0.013,-73.48622889924384,-0.486,0.077,28.54839038848877,1.01,0.034,1.092
-0.012,-73.92675537323099,-0.416,-0.028,28.54889965057373,1.01,0.036,1.022
-0.012,-73.92675537323099,-0.416,-0.098,28.549295663833618,1.01,0.038,0.987
-0.011,-73.92675537323099,-0.521,0.077,28.55133891105652,1.014,0.038,1.197
-0.014,-73.92675537323099,-0.486,0.007,28.551671981811523,1.007,0.033,0.707
-0.011,-73.92675537323099,-0.346,-0.273,28.552031993865967,1.015,0.039,1.407
-0.011,-73.92675537323099,-0.591,-0.028,28.552351474761963,1.012,0.041,1.127
-0.016,-73.92675537323099,-0.486,0.077,28.552682638168335,1.009,0.032,1.127
-0.013,-73.92675537323099,-0.626,0.077,28.55299663543701,1.008,0.033,1.057
-0.013,-73.92675537323099,-0.451,-0.028,28.553308248519897,1.015,0.042,0.707
-0.014,-73.35394602877776,-0.381,-0.098,28.55361819267273,1.011,0.039,1.232
-0.012,-73.35394602877776,-0.451,0.112,29.133312225341797,1.009,0.034,0.952
-0.014,-74.13450253956064,-0.556,0.112,29.1356258392334,1.014,0.039,0.917
-0.011,-74.13450253956064,-0.521,-0.028,29.13606548309326,1.013,0.039,1.162
-0.009,-74.13450253956064,-0.626,-0.098,29.136432886123657,1.015,0.039,1.197
-0.008,-74.13450253956064,-0.451,-0.028,29.136781215667725,1.011,0.034,1.162
-0.017,-74.13450253956064,-0.556,-0.133,29.137086153030396,1.012,0.039,1.022
-0.011,-74.13450253956064,-0.486,0.007,29.137372970581055,1.008,0.033,0.812
-0.01,-74.13450253956064,-0.381,-0.028,29.137662172317505,1.015,0.04,1.092
-0.015,-74.13450253956064,-0.521,-0.063,29.137932062149048,1.008,0.036,1.057
-0.012,-74.13450253956064,-0.346,-0.028,29.138196229934692,1.014,0.041,1.057
-0.013,-74.13450253956064,-0.486,-0.028,29.138469457626343,1.008,0.033,1.337
-0.015,-74.47917613369556,-0.346,0.007,29.138967514038086,1.008,0.035,1.127
-0.015,-74.47917613369556,-0.381,-0.028,29.72836208343506,1.012,0.037,1.232
-0.013,-74.06574138720843,-0.556,0.182,29.730676412582397,1.012,0.035,1.022
-0.013,-74.06574138720843,-0.451,-0.028,29.731064319610596,1.012,0.039,0.917
-0.011,-74.06574138720843,-0.521,-0.028,29.73135495185852,1.019,0.042,1.022
-0.012,-74.06574138720843,-0.276,0.007,29.73163414001465,1.009,0.031,1.022
-0.014,-74.06574138720843,-0.556,0.042,29.731899976730347,1.012,0.036,0.952
-0.009,-74.06574138720843,-0.521,-0.028,29.732162714004517,1.012,0.038,0.987
-0.012,-74.06574138720843,-0.346,-0.133,29.732421159744263,1.01,0.035,0.952
-0.01,-74.06574138720843,-0.626,0.042,29.73267936706543,1.013,0.039,0.987
-0.015,-74.06574138720843,-0.451,0.007,29.732938528060913,1.014,0.04,1.022
-0.01,-73.95446107037976,-0.556,-0.203,29.733197927474976,1.012,0.035,1.302
-0.013,-73.95446107037976,-0.416,0.042,30.319135665893555,1.008,0.033,0.952
-0.011,-73.72102022890566,-0.521,-0.098,30.321611881256104,1.016,0.042,1.057
-0.012,-73.72102022890566,-0.521,0.077,30.322185516357422,1.013,0.038,1.092
-0.011,-73.72102022890566,-0.381,0.007,30.3225998878479,1.005,0.03,1.232
-0.015,-73.72102022890566,-0.556,-0.028,30.322978496551514,1.012,0.037,0.952
-0.011,-73.72102022890566,-0.381,0.007,30.323257207870483,1.016,0.043,1.057
-0.012,-73.72102022890566,-0.416,0.182,30.32352113723755,1.009,0.039,1.092
-0.014,-73.72102022890566,-0.556,-0.028,30.323806524276733,1.012,0.034,1.127
-0.011,-73.72102022890566,-0.381,-0.098,30.324054479599,1.01,0.037,0.917
-0.012,-73.72102022890566,-0.486,0.077,30.324290990829468,1.012,0.035,1.022
-0.013,-73.08604886932666,-0.451,0.042,30.324522972106934,1.011,0.037,0.917
-0.015,-73.08604886932666,-0.486,0.007,30.910761833190918,1.015,0.042,1.232
-0.01,-73.27928717094734,-0.381,-0.028,30.913041591644287,1.013,0.041,1.232
-0.009,-73.27928717094734,-0.416,-0.098,30.913398265838623,1.01,0.035,1.057
-0.014,-73.27928717094734,-0.451,-0.098,30.913679361343384,1.01,0.035,0.707
-0.014,-73.27928717094734,-0.521,0.147,30.913942098617554,1.011,0.034,1.022
-0.013,-73.27928717094734,-0.556,0.112,30.914196491241455,1.015,0.043,0.707
-0.011,-73.27928717094734,-0.451,-0.133,30.914458513259888,1.011,0.037,1.092
-0.013,-73.27928717094734,-0.451,-0.063,30.914713382720947,1.011,0.035,1.127
-0.012,-73.27928717094734,-0.486,0.077,30.91496992111206,1.012,0.036,0.847
-0.011,-73.74387125237783,-0.381,-0.098,30.9152250289917,1.01,0.033,0.812
-0.01,-73.74387125237783,-0.381,-0.098,30.915478706359863,1.009,0.034,1.057
-0.012,-73.74387125237783,-0.381,0.147,30.919594287872314,1.012,0.039,0.987
-0.014,-73.74387125237783,-0.486,0.042,31.500414609909058,1.016,0.04,1.022
-0.011,-73.47161156865864,-0.521,-0.203,31.502825021743774,1.009,0.033,0.917
-0.01,-73.47161156865864,-0.276,0.007,31.503241539001465,1.012,0.038,1.057
-0.015,-73.47161156865864,-0.486,0.042,31.503576278686523,1.012,0.037,1.022
-0.013,-73.47161156865864,-0.486,-0.098,31.50391960144043,1.013,0.038,1.022
-0.01,-73.47161156865864,-0.346,-0.203,31.504239320755005,1.012,0.037,1.337
-0.012,-73.47161156865864,-0.521,-0.028,31.504531860351562,1.009,0.034,1.162
-0.013,-73.47161156865864,-0.416,-0.028,31.504849195480347,1.014,0.04,0.847
-0.009,-73.47161156865864,-0.381,-0.168,31.505099058151245,1.014,0.041,1.022
-0.013,-73.79074930359818,-0.311,0.007,31.50533652305603,1.011,0.035,1.057
-0.015,-73.79074930359818,-0.556,0.077,31.505571126937866,1.007,0.033,1.127
-0.01,-73.79074930359818,-0.591,-0.063,32.14270210266113,1.01,0.038,0.917
-0.012,-74.06301263724882,-0.486,0.112,32.1435444355011,1.012,0.035,1.092
-0.012,-74.06301263724882,-0.381,-0.028,32.14602565765381,1.01,0.033,0.882
-0.014,-74.06301263724882,-0.416,-0.168,32.14638328552246,1.011,0.035,1.057
-0.01,-73.73489528489992,-0.591,0.042,32.14669847488403,1.012,0.035,0.952
-0.013,-73.73489528489992,-0.311,-0.063,32.14697480201721,1.012,0.038,0.952
-0.012,-73.73489528489992,-0.381,-0.028,32.14722990989685,1.013,0.038,1.162
-0.012,-73.73489528489992,-0.451,0.042,32.14747667312622,1.012,0.036,1.057
-0.012,-73.73489528489992,-0.416,0.042,32.14772987365723,1.011,0.038,0.952
-0.012,-73.73489528489992,-0.416,-0.063,32.147988080978394,1.008,0.031,0.987
-0.011,-73.73489528489992,-0.486,-0.168,32.14828157424927,1.016,0.043,0.987
-0.013,-73.73489528489992,-0.451,0.042,32.14911389350891,1.008,0.031,1.162
-0.014,-73.73489528489992,-0.626,0.007,32.73394441604614,1.01,0.034,0.847
-0.014,-73.50873213592116,-0.556,0.042,32.73618459701538,1.011,0.035,1.162
-0.01,-73.50873213592116,-0.416,0.007,32.73657703399658,1.015,0.043,0.882
-0.011,-73.50873213592116,-0.591,0.042,32.73687672615051,1.011,0.034,1.057
-0.012,-72.90782718328887,-0.451,0.077,32.737154483795166,1.015,0.041,1.022
-0.011,-72.90782718328887,-0.486,0.147,32.737425565719604,1.009,0.031,1.197
-0.014,-72.90782718328887,-0.591,0.042,32.73768877983093,1.01,0.037,0.847
-0.012,-72.90782718328887,-0.416,-0.063,32.737947940826416,1.015,0.042,1.092
-0.011,-72.90782718328887,-0.521,-0.063,32.73820376396179,1.011,0.033,1.057
-0.013,-72.90782718328887,-0.451,-0.098,32.738492250442505,1.01,0.035,0.847
-0.012,-72.90782718328887,-0.486,0.042,32.73875427246094,1.007,0.036,0.987
-0.008,-72.90782718328887,-0.556,-0.133,32.73905539512634,1.013,0.04,0.987
-0.013,-72.90782718328887,-0.416,0.042,33.32262682914734,1.01,0.036,1.197
-0.011,-73.43603503784172,-0.346,0.042,33.32487463951111,1.011,0.036,1.057
-0.013,-73.43603503784172,-0.591,0.007,33.325379371643066,1.008,0.038,1.162
-0.009,-73.5930081122438,-0.381,-0.133,33.325807332992554,1.014,0.041,0.917
-0.01,-73.5930081122438,-0.486,0.042,33.32622742652893,1.014,0.036,1.302
-0.015,-73.5930081122438,-0.451,0.007,33.326685428619385,1.012,0.035,0.847
-0.011,-73.5930081122438,-0.416,-0.133,33.32707691192627,1.013,0.041,0.952
-0.011,-73.5930081122438,-0.521,0.007,33.327471017837524,1.014,0.032,1.057
-0.013,-73.5930081122438,-0.346,0.077,33.327863931655884,1.01,0.033,1.057
-0.015,-73.5930081122438,-0.556,-0.028,33.328227043151855,1.008,0.038,1.022
-0.009,-73.5930081122438,-0.416,-0.238,33.32858872413635,1.014,0.039,1.162
-0.012,-73.5930081122438,-0.521,-0.028,33.32954239845276,1.012,0.036,0.882
-0.015,-73.5930081122438,-0.521,0.112,33.91357731819153,1.012,0.035,1.232
-0.015,-72.62299512747306,-0.311,-0.028,33.91600465774536,1.014,0.038,0.952
-0.011,-72.62299512747306,-0.556,0.042,33.91656994819641,1.011,0.033,0.987
-0.014,-74.02625529157747,-0.381,0.042,33.91697883605957,1.01,0.04,0.987
-0.012,-74.02625529157747,-0.311,-0.203,33.91732716560364,1.012,0.037,1.547
-0.011,-74.02625529157747,-0.486,0.042,33.91766428947449,1.015,0.039,0.882
-0.011,-74.02625529157747,-0.521,-0.028,33.91799759864807,1.006,0.031,1.197
-0.014,-74.02625529157747,-0.521,-0.028,33.91833209991455,1.01,0.037,1.127
-0.014,-74.02625529157747,-0.486,-0.063,33.918678283691406,1.015,0.038,1.057
-0.013,-74.02625529157747,-0.451,0.042,33.91901183128357,1.012,0.036,1.057
-0.01,-74.02625529157747,-0.626,0.042,33.91933870315552,1.015,0.039,1.092
-0.012,-74.02625529157747,-0.451,-0.028,33.91966676712036,1.008,0.03,1.022
-0.012,-74.02625529157747,-0.486,-0.063,34.50951433181763,1.012,0.041,1.232
-0.01,-73.01615718793947,-0.381,-0.203,34.51223015785217,1.013,0.037,0.952
-0.009,-73.10308366452063,-0.416,0.042,34.51282286643982,1.012,0.036,1.022
-0.017,-73.10308366452063,-0.486,0.147,34.513232469558716,1.012,0.04,0.777
-0.016,-73.10308366452063,-0.311,-0.133,34.51362466812134,1.01,0.037,1.302
-0.008,-73.10308366452063,-0.521,0.007,34.5139639377594,1.012,0.037,0.777
-0.014,-73.10308366452063,-0.416,0.287,34.51426148414612,1.007,0.032,0.812
-0.015,-73.10308366452063,-0.556,0.042,34.5146050453186,1.01,0.036,0.952
-0.011,-73.10308366452063,-0.416,-0.168,34.51487946510315,1.015,0.042,1.092
-0.014,-73.10308366452063,-0.381,0.112,34.515124559402466,1.008,0.029,0.917
-0.015,-73.10308366452063,-0.381,0.182,34.51535892486572,1.011,0.037,1.162
-0.01,-73.10308366452063,-0.346,-0.308,35.10877799987793,1.011,0.036,1.022
-0.011,-73.38715986469718,-0.381,-0.133,35.11101675033569,1.012,0.035,1.022
-0.012,-73.38715986469718,-0.486,0.007,35.111374855041504,1.009,0.041,1.232
-0.013,-73.38715986469718,-0.521,0.007,35.1116898059845,1.009,0.034,0.777
-0.015,-73.38715986469718,-0.416,0.077,35.11195230484009,1.013,0.041,1.197
-0.008,-73.38715986469718,-0.591,0.042,35.112210512161255,1.007,0.033,0.882
-0.013,-73.38715986469718,-0.381,-0.063,35.112464427948,1.008,0.034,0.952
-0.013,-73.38715986469718,-0.381,-0.063,35.11271023750305,1.011,0.036,1.162
-0.012,-73.38715986469718,-0.486,-0.133,35.112953662872314,1.014,0.041,0.987
-0.013,-73.38715986469718,-0.416,0.007,35.11319637298584,1.009,0.036,1.022
-0.012,-72.93428380326228,-0.556,-0.028,35.11343598365784,1.01,0.036,1.022
-0.012,-72.93428380326228,-0.346,-0.028,35.7415246963501,1.011,0.036,1.057
-0.013,-72.4959771775899,-0.381,-0.028,35.743842124938965,1.012,0.038,1.022
-0.011,-72.4959771775899,-0.451,-0.063,35.744186878204346,1.011,0.035,1.267
-0.013,-72.4959771775899,-0.591,-0.098,35.74445867538452,1.011,0.038,1.022
-0.012,-72.4959771775899,-0.521,-0.098,35.744712591171265,1.012,0.037,1.127
-0.012,-72.4959771775899,-0.521,-0.133,35.74495816230774,1.007,0.031,1.022
-0.013,-73.24763490879872,-0.311,0.077,35.745200634002686,1.011,0.038,0.882
-0.014,-73.24763490879872,-0.451,0.042,35.745476961135864,1.013,0.037,0.882
-0.012,-73.24763490879872,-0.311,-0.098,35.745734214782715,1.014,0.04,0.987
-0.012,-73.24763490879872,-0.521,-0.098,35.7459774017334,1.011,0.038,1.127
-0.013,-73.24763490879872,-0.416,0.112,35.74621891975403,1.007,0.032,0.987
-0.013,-73.24763490879872,-0.416,0.077,35.7509343624115,1.011,0.039,0.882
-0.012,-73.24763490879872,-0.486,0.042,36.33531856536865,1.011,0.036,1.022
-0.013,-72.89578371740765,-0.521,-0.063,36.33771300315857,1.011,0.038,1.022
-0.011,-72.89578371740765,-0.381,0.007,36.33817768096924,1.014,0.034,0.882
-0.014,-72.89578371740765,-0.556,0.147,36.33850646018982,1.01,0.034,1.057
-0.011,-72.89578371740765,-0.626,-0.238,36.33878016471863,1.01,0.035,0.917
-0.011,-72.89578371740765,-0.346,-0.098,36.33903932571411,1.012,0.037,1.197
-0.01,-72.58279134272372,-0.521,0.077,36.33929109573364,1.009,0.039,1.057
-0.015,-72.58279134272372,-0.486,-0.028,36.339542627334595,1.01,0.037,1.162
-0.01,-72.58279134272372,-0.416,-0.238,36.33978891372681,1.011,0.035,1.232
-0.01,-72.58279134272372,-0.416,0.077,36.34003233909607,1.014,0.041,1.092
-0.014,-72.58279134272372,-0.416,0.182,36.34027409553528,1.008,0.034,0.987
-0.013,-72.58279134272372,-0.626,0.007,36.34051823616028,1.011,0.037,1.267
-0.01,-72.58279134272372,-0.381,-0.133,36.95310831069946,1.015,0.038,0.777
-0.016,-72.81449546801612,-0.451,-0.063,36.95372772216797,1.012,0.039,1.127
-0.011,-72.81449546801612,-0.486,0.007,36.95577692985535,1.012,0.036,1.197
-0.012,-73.13984021780082,-0.381,-0.203,36.95611786842346,1.007,0.033,1.057
-0.014,-73.13984021780082,-0.486,0.042,36.95643091201782,1.012,0.039,0.987
-0.016,-73.13984021780082,-0.521,-0.203,36.95672869682312,1.015,0.043,0.917
-0.012,-73.13984021780082,-0.381,-0.168,36.95702528953552,1.013,0.036,0.987
-0.009,-73.13984021780082,-0.381,0.042,36.957329511642456,1.013,0.037,0.882
-0.012,-73.13984021780082,-0.381,-0.028,36.957643270492554,1.007,0.031,0.952
-0.014,-73.13984021780082,-0.521,-0.028,36.95793151855469,1.014,0.04,1.162
-0.012,-73.13984021780082,-0.346,0.007,36.95826053619385,1.014,0.04,0.672
-0.012,-73.13984021780082,-0.416,-0.028,36.9599552154541,1.014,0.039,1.372
-0.014,-73.53775664733436,-0.556,-0.028,37.59999871253967,1.009,0.031,0.777
-0.008,-73.62415095875009,-0.416,-0.133,37.602336168289185,1.013,0.038,1.057
-0.013,-73.62415095875009,-0.521,0.182,37.6027467250824,1.013,0.044,1.162
-0.017,-73.62415095875009,-0.556,0.112,37.60306143760681,1.011,0.035,0.847
-0.014,-73.62415095875009,-0.311,-0.028,37.60336661338806,1.008,0.032,0.987
-0.009,-73.62415095875009,-0.416,-0.098,37.603665590286255,1.013,0.038,1.162
-0.014,-73.62415095875009,-0.276,0.042,37.60400581359863,1.013,0.038,0.987
-0.013,-73.62415095875009,-0.451,-0.098,37.60432815551758,1.011,0.035,1.022
-0.01,-73.62415095875009,-0.416,-0.168,37.60464906692505,1.012,0.04,1.057
-0.012,-73.62415095875009,-0.276,-0.028,37.60496544837952,1.012,0.034,1.022
-0.014,-73.58488430854995,-0.626,0.007,37.605284690856934,1.012,0.037,0.987
-0.009,-73.58488430854995,-0.521,-0.063,37.605602979660034,1.011,0.035,1.057
-0.01,-73.58488430854995,-0.451,-0.098,37.605913400650024,1.012,0.037,1.267
-0.012,-73.58488430854995,-0.346,0.077,37.608116149902344,1.014,0.041,1.232
-0.014,-73.58488430854995,-0.486,-0.098,37.608503580093384,1.011,0.036,1.197
-0.007,-73.58488430854995,-0.381,-0.098,37.610899209976196,1.006,0.028,1.092
-0.013,-73.58488430854995,-0.416,-0.063,38.2084276676178,1.012,0.039,1.092
-0.013,-73.74306452578364,-0.451,-0.203,38.20904064178467,1.009,0.038,1.197
-0.01,-73.74306452578364,-0.381,0.007,38.209381103515625,1.009,0.036,0.952
-0.011,-73.74306452578364,-0.416,-0.063,38.21137094497681,1.012,0.038,0.987
-0.014,-73.74306452578364,-0.486,-0.098,38.21168375015259,1.014,0.04,1.267
-0.012,-73.53998518795997,-0.311,-0.133,38.21196794509888,1.005,0.028,1.057
-0.013,-73.53998518795997,-0.556,0.042,38.21224284172058,1.009,0.038,1.162
-0.011,-73.53998518795997,-0.451,0.042,38.21250867843628,1.015,0.039,1.057
-0.011,-73.53998518795997,-0.416,0.077,38.21277141571045,1.012,0.035,0.742
-0.014,-73.53998518795997,-0.416,0.007,38.213030099868774,1.012,0.042,0.917
-0.011,-73.53998518795997,-0.451,0.112,38.213287115097046,1.01,0.032,0.812
-0.012,-73.53998518795997,-0.451,-0.203,38.213544607162476,1.013,0.041,0.987
-0.013,-73.53998518795997,-0.451,0.042,38.83883357048035,1.013,0.039,0.952
-0.014,-73.18401636048876,-0.451,-0.063,38.84109449386597,1.0,0.02,0.882
-0.013,-73.18401636048876,-0.486,0.077,38.84150767326355,1.012,0.04,1.267
-0.011,-73.18401636048876,-0.346,-0.098,38.84180402755737,1.011,0.036,1.267
-0.011,-73.18401636048876,-0.206,-0.063,38.84208703041077,1.016,0.042,1.022
-0.012,-73.18401636048876,-0.556,0.042,38.84235620498657,1.014,0.038,1.162
-0.013,-73.18401636048876,-0.486,-0.063,38.84266185760498,1.009,0.034,0.952
-0.016,-73.18401636048876,-0.381,-0.203,38.84293580055237,1.009,0.038,0.987
-0.011,-73.18401636048876,-0.451,-0.098,38.84320688247681,1.012,0.035,0.812
-0.012,-73.63461616977943,-0.381,0.112,38.8434693813324,1.014,0.04,1.057
-0.015,-73.63461616977943,-0.451,0.112,38.843737840652466,1.011,0.037,0.952
-0.014,-73.63461616977943,-0.381,-0.028,39.51011919975281,1.008,0.035,0.952
-0.011,-74.518346441817,-0.521,-0.028,39.512481689453125,1.011,0.038,1.127
-0.012,-74.518346441817,-0.451,0.007,39.51287126541138,1.011,0.035,0.847
-0.012,-74.518346441817,-0.591,0.147,39.51313924789429,1.011,0.037,0.952
-0.015,-74.518346441817,-0.381,0.042,39.513410329818726,1.013,0.042,0.847
-0.01,-74.518346441817,-0.521,0.077,39.51365280151367,1.009,0.032,1.092
-0.013,-74.518346441817,-0.486,-0.098,39.513885736465454,1.01,0.038,0.987
-0.013,-74.518346441817,-0.416,0.042,39.51411724090576,1.013,0.04,1.092
-0.013,-74.518346441817,-0.381,0.112,39.51434516906738,1.012,0.036,0.847
-0.013,-74.518346441817,-0.381,-0.063,39.514667987823486,1.01,0.036,1.092
-0.01,-74.518346441817,-0.381,-0.063,39.51501417160034,1.012,0.039,1.092
-0.014,-73.39644718649767,-0.416,-0.028,40.14968132972717,1.01,0.036,0.952
-0.012,-73.5861105554251,-0.381,-0.098,40.15187168121338,1.014,0.037,1.162
-0.013,-73.5861105554251,-0.556,0.147,40.15234994888306,1.014,0.039,1.022
-0.012,-73.5861105554251,-0.416,-0.133,40.15271210670471,1.012,0.038,1.022
-0.008,-73.5861105554251,-0.521,-0.098,40.15305185317993,1.01,0.032,1.162
-0.015,-73.5861105554251,-0.416,0.007,40.15338468551636,1.013,0.038,0.987
-0.012,-74.56073240019289,-0.416,0.112,40.153712034225464,1.015,0.041,0.987
-0.013,-74.56073240019289,-0.661,0.007,40.154053688049316,1.009,0.035,0.917
-0.012,-74.56073240019289,-0.451,0.007,40.154378175735474,1.011,0.036,1.057
-0.014,-74.56073240019289,-0.556,0.147,40.15471267700195,1.016,0.043,0.952
-0.013,-74.56073240019289,-0.381,-0.133,40.15503668785095,1.012,0.036,0.987
-0.012,-74.56073240019289,-0.451,-0.238,40.7577805519104,1.007,0.031,1.197
-0.012,-73.67373938226329,-0.521,0.042,40.760250091552734,1.007,0.032,1.232
-0.014,-73.67373938226329,-0.381,0.007,40.76067614555359,1.012,0.039,0.637
-0.013,-73.57574196903481,-0.416,-0.063,40.760955572128296,1.009,0.034,1.302
-0.014,-73.57574196903481,-0.486,-0.063,40.76121115684509,1.009,0.032,0.917
-0.012,-73.57574196903481,-0.521,-0.098,40.76146149635315,1.01,0.038,1.092
-0.009,-73.57574196903481,-0.521,-0.063,40.76170086860657,1.01,0.036,1.127
-0.011,-73.57574196903481,-0.381,0.147,40.76194190979004,1.009,0.035,0.952
-0.015,-73.57574196903481,-0.486,-0.063,40.76217746734619,1.006,0.035,1.127
-0.011,-73.57574196903481,-0.416,-0.028,40.762410402297974,1.011,0.042,1.022
-0.011,-73.57574196903481,-0.416,0.007,40.76266050338745,1.012,0.039,0.917
-0.012,-73.57574196903481,-0.521,0.077,41.37210702896118,1.01,0.033,1.022
-0.015,-74.77544479624673,-0.416,0.007,41.37443923950195,1.011,0.036,1.092
-0.013,-74.77544479624673,-0.416,-0.098,41.374948501586914,1.01,0.036,1.057
-0.013,-74.77544479624673,-0.346,0.042,41.375309228897095,1.008,0.033,0.847
-0.012,-74.77544479624673,-0.451,0.182,41.37564516067505,1.016,0.04,0.952
-0.01,-74.77544479624673,-0.591,-0.063,41.37599039077759,1.013,0.041,0.777
-0.011,-74.77544479624673,-0.381,-0.063,41.3763153553009,1.014,0.04,1.197
-0.01,-74.77544479624673,-0.451,0.042,41.37664556503296,1.014,0.037,0.917
-0.01,-74.77544479624673,-0.486,0.007,41.37696194648743,1.011,0.033,1.162
-0.015,-74.77544479624673,-0.451,0.007,41.377281188964844,1.008,0.034,0.812
-0.012,-74.77544479624673,-0.556,0.042,41.377583503723145,1.013,0.042,0.917
-0.011,-74.4053731591896,-0.416,0.042,41.379660844802856,1.012,0.037,1.092
-0.013,-74.4053731591896,-0.381,-0.098,41.989880323410034,1.009,0.033,1.022
-0.012,-73.72416924515585,-0.486,0.007,41.99231266975403,1.01,0.035,0.637
-0.009,-73.72416924515585,-0.346,-0.098,41.99272036552429,1.009,0.036,1.057
-0.013,-73.72416924515585,-0.556,0.007,41.992990493774414,1.014,0.04,0.917
-0.013,-73.72416924515585,-0.346,-0.028,41.99323534965515,1.009,0.036,0.952
-0.013,-73.72416924515585,-0.451,-0.203,41.993470907211304,1.012,0.035,1.197
-0.013,-73.72416924515585,-0.416,0.042,41.99370265007019,1.01,0.037,0.952
-0.013,-73.72416924515585,-0.381,0.112,41.99393010139465,1.011,0.036,1.057
-0.01,-73.75214263281859,-0.521,0.042,41.99415683746338,1.012,0.038,0.987
-0.012,-73.75214263281859,-0.381,-0.203,41.99438285827637,1.01,0.036,1.337
-0.011,-73.75214263281859,-0.451,0.112,41.99471187591553,1.011,0.034,1.267
-0.013,-73.75214263281859,-0.346,-0.098,42.622015953063965,1.012,0.037,1.302
-0.011,-73.71376137213788,-0.381,-0.028,42.62265133857727,1.012,0.038,1.197
-0.015,-73.71376137213788,-0.486,-0.063,42.62474775314331,1.012,0.041,1.092
-0.012,-73.13210082328492,-0.521,-0.028,42.625094175338745,1.009,0.035,1.057
-0.01,-73.13210082328492,-0.451,-0.098,42.625452280044556,1.01,0.037,1.197
-0.015,-73.13210082328492,-0.521,0.077,42.625779151916504,1.013,0.039,0.952
-0.011,-73.13210082328492,-0.346,0.007,42.6261043548584,1.008,0.031,0.952
-0.013,-73.13210082328492,-0.416,-0.098,42.62641763687134,1.013,0.036,1.267
-0.011,-73.13210082328492,-0.521,-0.098,42.62674427032471,1.01,0.035,0.812
-0.015,-73.13210082328492,-0.416,-0.028,42.62703204154968,1.016,0.045,1.092
-0.012,-73.13210082328492,-0.451,-0.063,42.62730669975281,1.01,0.036,1.197
-0.015,-73.13210082328492,-0.451,0.077,42.63046431541443,1.008,0.03,0.952
-0.012,-73.13210082328492,-0.486,-0.063,43.2773175239563,1.012,0.037,1.092
-0.014,-73.54487360299096,-0.381,0.007,43.27961778640747,1.012,0.037,0.952
-0.012,-73.54487360299096,-0.416,0.077,43.27996778488159,1.012,0.036,1.267
-0.01,-73.54487360299096,-0.451,-0.133,43.28032112121582,1.009,0.036,0.987
-0.011,-73.54487360299096,-0.381,0.007,43.280678510665894,1.012,0.037,1.092
-0.012,-73.54487360299096,-0.486,0.042,43.281047344207764,1.015,0.037,1.022
-0.014,-73.54487360299096,-0.311,-0.028,43.28142166137695,1.012,0.034,0.917
-0.011,-73.50730767107699,-0.486,0.042,43.28179430961609,1.013,0.038,1.092
-0.011,-73.50730767107699,-0.451,-0.133,43.282148599624634,1.01,0.034,0.952
-0.014,-73.50730767107699,-0.451,0.042,43.28250598907471,1.011,0.04,1.057
-0.011,-73.50730767107699,-0.626,-0.098,43.28285527229309,1.011,0.038,0.917
-0.011,-73.50730767107699,-0.206,-0.133,43.28320503234863,1.012,0.035,1.127
-0.013,-73.50730767107699,-0.381,0.112,43.90575051307678,1.008,0.031,0.847
-0.012,-73.87406244005636,-0.416,-0.063,43.908013582229614,1.007,0.029,1.022
-0.006,-73.87406244005636,-0.486,0.042,43.908344984054565,1.013,0.04,1.127
-0.013,-73.36368140032904,-0.416,0.112,43.90862488746643,1.012,0.037,1.022
-0.014,-73.36368140032904,-0.556,-0.098,43.908958196640015,1.014,0.039,0.952
-0.009,-73.36368140032904,-0.451,-0.133,43.9093062877655,1.009,0.037,0.917
-0.01,-73.36368140032904,-0.346,0.007,43.90958380699158,1.01,0.033,1.057
-0.013,-73.36368140032904,-0.416,-0.028,43.90986084938049,1.01,0.033,0.917
-0.015,-73.36368140032904,-0.451,0.112,43.9101026058197,1.01,0.041,0.917
-0.013,-73.36368140032904,-0.346,-0.028,43.910353899002075,1.009,0.034,1.092
-0.013,-73.36368140032904,-0.521,0.182,43.9106080532074,1.009,0.035,0.917
-0.015,-73.36368140032904,-0.346,-0.098,43.91084384918213,1.014,0.041,0.917
-0.012,-73.3065943304746,-0.556,0.007,44.524829387664795,1.011,0.036,0.987
-0.016,-73.65991106010227,-0.521,-0.098,44.525432109832764,1.014,0.035,0.812
-0.014,-73.65991106010227,-0.556,-0.028,44.52743577957153,1.008,0.038,1.162
-0.011,-73.65991106010227,-0.486,0.112,44.52771258354187,1.011,0.035,1.197
-0.013,-73.65991106010227,-0.381,0.147,44.52795886993408,1.012,0.034,0.777
-0.014,-73.65991106010227,-0.556,-0.168,44.5281937122345,1.012,0.039,1.127
-0.009,-73.65991106010227,-0.416,-0.098,44.528425455093384,1.01,0.039,1.022
-0.014,-73.65991106010227,-0.451,0.077,44.5287070274353,1.011,0.033,0.952
-0.014,-73.65991106010227,-0.486,-0.063,44.52896475791931,1.013,0.039,1.127
-0.012,-73.53024883548241,-0.346,-0.168,44.529210567474365,1.01,0.034,0.812
-0.011,-73.53024883548241,-0.451,0.007,44.52947998046875,1.013,0.038,1.162
-0.014,-73.53024883548241,-0.416,0.042,44.52974224090576,1.012,0.036,0.812
-0.012,-73.53024883548241,-0.521,-0.063,45.20407247543335,1.01,0.035,1.127
-0.01,-73.40730018365967,-0.486,-0.063,45.20470404624939,1.018,0.043,1.022
-0.015,-73.40730018365967,-0.556,-0.063,45.205132246017456,1.012,0.04,0.987
-0.013,-73.40730018365967,-0.451,-0.063,45.20730519294739,1.011,0.038,0.812
-0.012,-73.40730018365967,-0.381,-0.063,45.207661390304565,1.007,0.036,1.127
-0.014,-73.40730018365967,-0.556,-0.028,45.207990646362305,1.012,0.034,0.987
-0.013,-73.40730018365967,-0.416,-0.133,45.20831036567688,1.014,0.039,1.092
-0.01,-73.40730018365967,-0.591,0.007,45.20861840248108,1.011,0.035,1.022
-0.011,-73.40730018365967,-0.451,0.007,45.2089262008667,1.011,0.041,0.952
-0.015,-73.40730018365967,-0.486,0.007,45.20922803878784,1.007,0.037,1.162
-0.013,-73.91218872051527,-0.626,-0.098,45.20953416824341,1.012,0.036,0.952
-0.007,-73.91218872051527,-0.346,-0.098,45.209845542907715,1.011,0.04,0.847
-0.015,-73.91218872051527,-0.591,0.077,45.83727192878723,1.013,0.033,1.197
-0.013,-74.01570488032253,-0.451,0.042,45.83980870246887,1.009,0.037,1.232
-0.011,-74.01570488032253,-0.346,-0.063,45.84029221534729,1.014,0.039,1.057
-0.01,-74.01570488032253,-0.416,-0.063,45.84064340591431,1.009,0.035,1.267
-0.011,-74.01570488032253,-0.381,-0.063,45.84096932411194,1.007,0.031,1.057
-0.013,-73.48272026248479,-0.521,0.042,45.84129285812378,1.014,0.041,0.882
-0.011,-73.48272026248479,-0.381,-0.203,45.841607332229614,1.014,0.037,1.232
-0.012,-73.48272026248479,-0.311,-0.098,45.8419303894043,1.012,0.038,1.267
-0.012,-73.48272026248479,-0.451,0.077,45.842246294021606,1.01,0.034,0.952
-0.012,-73.48272026248479,-0.521,0.182,45.84259390830994,1.011,0.035,0.672
-0.014,-73.48272026248479,-0.416,-0.133,45.842915534973145,1.016,0.045,1.127
-0.009,-73.48272026248479,-0.486,0.007,45.8432240486145,1.01,0.034,0.987
-0.013,-73.48272026248479,-0.591,0.112,46.47155046463013,1.009,0.031,1.057
-0.012,-73.71223638618612,-0.416,-0.098,46.47376775741577,1.011,0.037,0.847
-0.01,-73.71223638618612,-0.381,-0.098,46.47421669960022,1.009,0.034,1.267
-0.015,-73.71223638618612,-0.416,-0.063,46.47457838058472,1.012,0.038,0.812
-0.012,-73.71223638618612,-0.451,-0.028,46.47491502761841,1.013,0.04,1.267
-0.01,-73.71223638618612,-0.521,0.112,46.47524881362915,1.009,0.034,0.707
-0.011,-73.71223638618612,-0.241,0.007,46.475565910339355,1.011,0.034,1.127
-0.011,-73.71223638618612,-0.521,0.112,46.475889444351196,1.011,0.036,1.162
-0.012,-73.71223638618612,-0.556,-0.028,46.4762077331543,1.011,0.035,1.162
-0.008,-73.71223638618612,-0.346,-0.273,46.47651743888855,1.009,0.033,1.127
-0.009,-73.45817203570687,-0.486,-0.028,46.47682452201843,1.016,0.044,1.407
-0.015,-73.45817203570687,-0.346,-0.098,46.48045301437378,1.011,0.033,0.707
-0.009,-73.45817203570687,-0.416,-0.238,47.11034059524536,1.014,0.04,1.127
-0.012,-73.38011006989444,-0.521,0.147,47.110936403274536,1.01,0.034,1.057
-0.013,-73.38011006989444,-0.451,-0.028,47.11298942565918,1.013,0.041,0.812
-0.01,-73.38011006989444,-0.451,-0.203,47.113303661346436,1.014,0.037,1.022
-0.011,-73.38011006989444,-0.486,0.007,47.11358976364136,1.012,0.035,0.952
-0.014,-72.96254336111286,-0.451,0.007,47.11386489868164,1.008,0.034,1.267
-0.012,-72.96254336111286,-0.591,0.112,47.114136934280396,1.012,0.038,0.882
-0.011,-72.96254336111286,-0.311,-0.098,47.11440324783325,1.013,0.035,0.847
-0.013,-72.96254336111286,-0.556,0.252,47.114686489105225,1.012,0.037,1.057
-0.015,-72.96254336111286,-0.486,0.077,47.1149480342865,1.012,0.038,0.462
-0.01,-72.96254336111286,-0.416,-0.238,47.11521029472351,1.011,0.038,1.232
-0.009,-72.96254336111286,-0.521,-0.028,47.73941230773926,1.016,0.042,1.057
-0.013,-72.99990554636125,-0.521,0.007,47.74174427986145,1.012,0.036,0.952
-0.011,-72.99990554636125,-0.451,-0.168,47.742085456848145,1.011,0.036,0.882
-0.011,-72.99990554636125,-0.451,0.077,47.74234938621521,1.012,0.036,1.022
-0.011,-72.99990554636125,-0.486,0.077,47.742613554000854,1.009,0.034,1.092
-0.015,-72.99990554636125,-0.556,0.147,47.742870807647705,1.014,0.039,0.882
-0.013,-72.99990554636125,-0.311,0.007,47.74311566352844,1.013,0.039,0.952
-0.012,-72.99990554636125,-0.346,-0.063,47.743359327316284,1.009,0.034,1.197
-0.014,-72.99990554636125,-0.451,0.007,47.743614196777344,1.01,0.033,0.882
-0.01,-72.99990554636125,-0.241,-0.063,47.743863105773926,1.012,0.036,1.092
-0.01,-73.10260411086631,-0.486,-0.063,47.744099617004395,1.012,0.042,1.092
-0.011,-73.10260411086631,-0.661,0.147,48.37539052963257,1.013,0.034,0.812
-0.013,-73.33652091711207,-0.556,-0.028,48.37787699699402,1.013,0.041,0.602
-0.011,-73.33652091711207,-0.381,0.007,48.378283739089966,1.011,0.034,0.987
-0.012,-73.33652091711207,-0.556,0.112,48.37865877151489,1.009,0.036,0.917
-0.013,-73.33652091711207,-0.381,0.007,48.378987550735474,1.01,0.037,0.987
-0.014,-73.33652091711207,-0.556,0.112,48.37930965423584,1.012,0.039,1.302
-0.012,-72.69468072190433,-0.346,0.042,48.37967872619629,1.009,0.036,0.882
-0.014,-72.69468072190433,-0.416,-0.168,48.3800003528595,1.012,0.038,1.057
-0.011,-72.69468072190433,-0.521,0.007,48.380311012268066,1.013,0.041,0.987
-0.012,-72.69468072190433,-0.451,0.007,48.38062262535095,1.013,0.038,0.812
-0.015,-72.69468072190433,-0.486,0.077,48.380924463272095,1.01,0.034,1.057
-0.011,-72.69468072190433,-0.486,-0.133,48.38124060630798,1.01,0.035,0.917
-0.011,-72.69468072190433,-0.381,-0.133,49.032936096191406,1.011,0.036,0.987
-0.01,-73.88876611089152,-0.451,-0.028,49.03526544570923,1.007,0.034,1.127
-0.014,-73.88876611089152,-0.556,0.042,49.03560447692871,1.016,0.04,1.092
-0.014,-73.88876611089152,-0.381,0.007,49.035863399505615,1.009,0.034,0.952
-0.011,-73.88876611089152,-0.416,-0.028,49.036104679107666,1.013,0.038,0.917
-0.01,-73.88876611089152,-0.521,0.077,49.03635215759277,1.016,0.035,1.057
-0.011,-73.88876611089152,-0.451,0.042,49.03658580780029,1.013,0.036,0.917
-0.01,-73.88876611089152,-0.556,-0.063,49.036816358566284,1.007,0.03,0.917
-0.011,-73.88876611089152,-0.451,-0.028,49.037116050720215,1.009,0.035,1.057
-0.014,-73.0733382973815,-0.521,0.077,49.03740310668945,1.011,0.039,1.162
-0.015,-73.0733382973815,-0.451,-0.133,49.03767156600952,1.01,0.04,0.952
-0.01,-73.0733382973815,-0.381,-0.063,49.042285203933716,1.01,0.036,1.127
-0.011,-73.0733382973815,-0.556,0.042,49.67216682434082,1.01,0.036,0.952
-0.011,-73.46697568283719,-0.556,-0.133,49.67435956001282,1.014,0.041,0.917
-0.013,-73.46697568283719,-0.451,0.042,49.67474436759949,1.01,0.038,1.232
-0.011,-73.13984021780082,-0.556,-0.028,49.675039291381836,1.012,0.039,0.812
-0.011,-73.13984021780082,-0.486,0.112,49.675437927246094,1.009,0.036,1.022
-0.012,-73.13984021780082,-0.556,-0.028,49.67576289176941,1.016,0.04,0.987
-0.011,-73.13984021780082,-0.521,-0.098,49.67613196372986,1.007,0.032,1.022
-0.011,-73.13984021780082,-0.416,0.112,49.67649245262146,1.012,0.039,1.057
-0.012,-73.13984021780082,-0.451,-0.028,49.67692947387695,1.011,0.035,0.847
-0.011,-73.13984021780082,-0.416,0.007,49.67729640007019,1.01,0.037,1.022
-0.011,-73.13984021780082,-0.486,-0.028,49.677677154541016,1.01,0.037,1.162
-0.011,-73.13984021780082,-0.486,0.007,50.32495331764221,1.012,0.034,0.917
-0.007,-73.1683312417585,-0.416,-0.168,50.325568199157715,1.012,0.039,1.022
-0.014,-73.1683312417585,-0.416,-0.063,50.32767724990845,1.011,0.034,1.022
-0.014,-73.1683312417585,-0.486,-0.063,50.32799744606018,1.011,0.039,0.742
-0.008,-73.1683312417585,-0.346,-0.168,50.32829928398132,1.016,0.046,1.092
-0.015,-73.1683312417585,-0.556,0.112,50.328558683395386,1.009,0.031,0.952
-0.013,-73.1683312417585,-0.416,0.252,50.328798055648804,1.01,0.033,0.952
-0.011,-73.58311302282036,-0.451,-0.133,50.3290319442749,1.014,0.038,1.302
-0.011,-73.58311302282036,-0.556,-0.168,50.32926821708679,1.011,0.036,1.022
-0.013,-73.58311302282036,-0.381,-0.098,50.329503536224365,1.014,0.039,1.162
-0.015,-73.58311302282036,-0.346,-0.168,50.32973575592041,1.012,0.035,1.162
-0.01,-73.58311302282036,-0.521,-0.133,50.330098390579224,1.009,0.033,1.057
-0.011,-73.58311302282036,-0.276,0.077,50.98739004135132,1.01,0.036,1.022
-0.009,-73.3141906117251,-0.416,-0.168,50.98804593086243,1.012,0.037,0.882
-0.011,-73.3141906117251,-0.381,0.077,50.990142822265625,1.01,0.034,1.162
-0.015,-73.3141906117251,-0.451,0.112,50.99044847488403,1.011,0.033,0.707
-0.013,-73.3141906117251,-0.521,-0.063,50.99074149131775,1.014,0.041,0.882
-0.01,-73.3141906117251,-0.276,0.077,50.991039991378784,1.013,0.037,0.987
-0.015,-73.3141906117251,-0.416,0.077,50.99129772186279,1.009,0.034,1.022
-0.012,-73.3141906117251,-0.521,-0.098,50.991554737091064,1.014,0.042,0.812
-0.01,-73.3141906117251,-0.206,-0.133,50.99180340766907,1.014,0.039,1.162
-0.015,-73.40641326648742,-0.486,0.252,50.992045402526855,1.008,0.035,0.917
-0.014,-73.40641326648742,-0.346,-0.028,50.992287397384644,1.01,0.035,0.847
-0.01,-73.40641326648742,-0.451,-0.063,50.99252986907959,1.01,0.04,0.882
-0.012,-73.40641326648742,-0.346,-0.028,51.63806343078613,1.014,0.035,1.057
-0.012,-73.01079590371161,-0.416,-0.028,51.63870286941528,1.011,0.036,1.337
-0.016,-73.01079590371161,-0.416,-0.028,51.63904047012329,1.009,0.032,0.882
-0.016,-72.7339298705941,-0.276,-0.098,51.64101839065552,1.011,0.038,1.057
-0.009,-72.7339298705941,-0.556,0.077,51.64131832122803,1.011,0.037,1.092
-0.013,-72.7339298705941,-0.381,0.007,51.64158248901367,1.012,0.039,0.987
-0.013,-72.7339298705941,-0.381,-0.028,51.64183497428894,1.014,0.04,1.162
-0.011,-72.7339298705941,-0.661,0.007,51.64208364486694,1.01,0.035,0.777
-0.012,-72.7339298705941,-0.416,0.077,51.64232802391052,1.009,0.035,0.742
-0.012,-72.7339298705941,-0.451,0.042,51.64261341094971,1.011,0.035,0.987
-0.015,-72.7339298705941,-0.311,-0.133,51.642916202545166,1.014,0.039,0.917
-0.009,-72.7339298705941,-0.486,0.042,51.64320683479309,1.01,0.033,0.812
-0.011,-72.7339298705941,-0.486,0.007,52.30685758590698,1.013,0.039,1.127
-0.012,-73.09119770512739,-0.416,0.042,52.30924844741821,1.014,0.038,0.952
-0.014,-73.09119770512739,-0.381,-0.028,52.30958890914917,1.008,0.034,0.917
-0.009,-73.09119770512739,-0.416,-0.133,52.309847354888916,1.01,0.04,0.987
-0.013,-73.09119770512739,-0.486,0.112,52.310187578201294,1.013,0.038,1.092
-0.014,-73.8896240283795,-0.591,0.077,52.3105263710022,1.012,0.037,1.162
-0.012,-73.8896240283795,-0.171,-0.203,52.31081938743591,1.008,0.032,1.092
-0.013,-73.8896240283795,-0.451,0.042,52.31113600730896,1.013,0.043,1.127
-0.013,-73.8896240283795,-0.451,0.112,52.311447858810425,1.016,0.046,0.707
-0.013,-73.8896240283795,-0.311,-0.133,52.31175780296326,1.015,0.042,1.022
-0.009,-73.8896240283795,-0.486,-0.098,52.31207537651062,1.008,0.031,1.127
-0.015,-73.8896240283795,-0.346,0.112,52.31238603591919,1.01,0.038,0.672
-0.016,-73.8896240283795,-0.556,-0.028,52.96371388435364,1.011,0.038,1.127
-0.012,-73.83693319926007,-0.556,-0.063,52.96615290641785,1.016,0.04,1.162
-0.012,-73.83693319926007,-0.556,-0.028,52.96658706665039,1.01,0.037,0.812
-0.01,-73.83693319926007,-0.451,0.042,52.96686339378357,1.012,0.04,1.057
-0.013,-73.83693319926007,-0.486,-0.028,52.967111110687256,1.014,0.039,1.197
-0.009,-73.83693319926007,-0.416,-0.133,52.96746325492859,1.013,0.036,0.847
-0.009,-73.83693319926007,-0.486,0.007,52.967788219451904,1.01,0.035,1.232
-0.015,-74.07170051179227,-0.521,0.112,52.96804857254028,1.015,0.041,0.742
-0.014,-74.07170051179227,-0.556,0.077,52.96829628944397,1.009,0.034,1.127
-0.012,-74.07170051179227,-0.521,-0.133,52.96853470802307,1.014,0.044,0.742
-0.009,-74.07170051179227,-0.381,-0.063,52.96877408027649,1.013,0.039,1.022
-0.017,-74.07170051179227,-0.661,0.112,52.97036671638489,1.008,0.032,0.917
-0.011,-74.07170051179227,-0.451,-0.133,53.60846018791199,1.013,0.038,1.057
-0.013,-73.01510510274622,-0.591,0.147,53.61087965965271,1.009,0.031,0.987
-0.013,-73.01510510274622,-0.486,-0.063,53.61125206947327,1.012,0.04,1.127
-0.01,-73.01510510274622,-0.346,-0.098,53.61161947250366,1.014,0.042,0.987
-0.009,-73.01510510274622,-0.556,-0.028,53.611926555633545,1.01,0.032,1.232
-0.016,-73.01510510274622,-0.381,0.112,53.612221479415894,1.011,0.038,0.707
-0.011,-73.01510510274622,-0.416,-0.168,53.61251211166382,1.012,0.039,1.092
-0.009,-73.01510510274622,-0.591,-0.063,53.61279511451721,1.012,0.037,0.987
-0.014,-73.01510510274622,-0.416,0.112,53.61308312416077,1.012,0.038,1.127
-0.016,-73.01510510274622,-0.556,0.112,53.61335492134094,1.011,0.034,1.022
-0.012,-73.01510510274622,-0.521,-0.028,53.613605976104736,1.011,0.035,0.917
-0.01,-73.5672278799299,-0.486,0.077,54.26745080947876,1.013,0.041,1.092
-0.01,-72.86291656991172,-0.276,0.007,54.26985025405884,1.012,0.032,1.162
-0.012,-72.86291656991172,-0.486,0.042,54.270339250564575,1.013,0.042,0.917
-0.012,-72.86291656991172,-0.381,-0.063,54.270721435546875,1.011,0.034,1.127
-0.012,-72.96790633345664,-0.591,0.042,54.27107095718384,1.01,0.036,1.092
-0.013,-72.96790633345664,-0.346,0.077,54.271406412124634,1.011,0.035,0.812
-0.015,-72.96790633345664,-0.416,0.112,54.27173328399658,1.011,0.035,1.127
-0.013,-72.96790633345664,-0.486,-0.028,54.27206039428711,1.008,0.034,0.882
-0.009,-72.96790633345664,-0.346,-0.063,54.2723822593689,1.013,0.039,0.882
-0.012,-72.96790633345664,-0.591,-0.063,54.27270460128784,1.01,0.032,1.232
-0.014,-72.96790633345664,-0.486,0.042,54.273025035858154,1.009,0.034,0.917
-0.014,-72.96790633345664,-0.521,0.007,54.2733416557312,1.012,0.04,1.127
-0.012,-72.96790633345664,-0.486,-0.028,54.98673892021179,1.01,0.037,0.987
-0.014,-73.65521033078868,-0.416,0.112,54.989338874816895,1.009,0.035,1.162
-0.018,-73.65521033078868,-0.556,-0.098,54.98983359336853,1.012,0.033,0.742
-0.009,-73.65521033078868,-0.451,-0.063,54.99019122123718,1.012,0.036,1.057
-0.01,-73.65521033078868,-0.486,0.042,54.99053168296814,1.009,0.036,1.057
-0.015,-73.65521033078868,-0.486,0.007,54.99084258079529,1.013,0.038,1.057
-0.011,-73.65521033078868,-0.416,-0.028,54.99116921424866,1.01,0.04,0.987
-0.01,-73.65521033078868,-0.591,0.007,54.99149703979492,1.012,0.036,1.092
-0.017,-73.65521033078868,-0.521,0.042,54.991819620132446,1.009,0.041,1.022
-0.012,-73.65521033078868,-0.451,-0.063,54.99213433265686,1.013,0.037,1.162
-0.01,-73.65521033078868,-0.591,0.147,54.99245643615723,1.012,0.036,0.952
-0.011,-73.84945528454725,-0.416,0.042,54.992769956588745,1.015,0.037,1.162
-0.012,-73.84945528454725,-0.556,-0.063,55.64386606216431,1.011,0.038,0.987
-0.014,-73.38889400975366,-0.451,0.007,55.64608860015869,1.01,0.035,0.987
-0.014,-73.38889400975366,-0.556,0.007,55.646490812301636,1.009,0.035,1.022
-0.011,-73.61615994446612,-0.346,-0.098,55.6468288898468,1.013,0.038,0.917
-0.01,-73.61615994446612,-0.556,0.077,55.64717483520508,1.011,0.034,1.232
-0.015,-73.61615994446612,-0.346,0.252,55.647541761398315,1.006,0.034,0.847
-0.014,-73.61615994446612,-0.521,-0.168,55.64782977104187,1.012,0.039,1.127
-0.009,-73.61615994446612,-0.486,0.007,55.648133277893066,1.01,0.036,0.952
-0.011,-73.61615994446612,-0.486,0.112,55.64840865135193,1.012,0.036,1.127
-0.016,-73.61615994446612,-0.556,-0.028,55.648669481277466,1.011,0.038,1.022
-0.011,-73.61615994446612,-0.416,-0.028,55.64892268180847,1.008,0.032,1.057
-0.012,-73.61615994446612,-0.486,0.042,55.65066695213318,1.014,0.038,0.917
-0.014,-73.61615994446612,-0.486,0.042,56.33101725578308,1.008,0.035,1.162
-0.01,-73.37487452028729,-0.451,0.147,56.33161926269531,1.013,0.038,0.847
-0.01,-73.37487452028729,-0.486,0.042,56.333662271499634,1.014,0.04,1.092
-0.009,-73.50577318601991,-0.416,-0.063,56.33400559425354,1.014,0.04,0.917
-0.011,-73.50577318601991,-0.381,-0.028,56.334391832351685,1.009,0.035,1.092
-0.012,-73.50577318601991,-0.591,0.007,56.33478569984436,1.012,0.038,0.882
-0.013,-73.50577318601991,-0.346,-0.238,56.3351514339447,1.014,0.045,1.267
-0.011,-73.50577318601991,-0.416,-0.028,56.335538387298584,1.013,0.041,1.162
-0.011,-73.50577318601991,-0.521,-0.098,56.335930585861206,1.007,0.027,0.777
-0.012,-73.50577318601991,-0.381,-0.028,56.336310386657715,1.012,0.034,1.057
-0.014,-73.50577318601991,-0.521,-0.063,56.33668279647827,1.015,0.039,1.162
-0.013,-73.50577318601991,-0.416,0.077,56.962297439575195,1.007,0.034,1.022
-0.011,-73.78230381639274,-0.591,0.147,56.964592933654785,1.012,0.035,0.777
-0.011,-73.78230381639274,-0.451,-0.168,56.964986085891724,1.01,0.032,1.092
-0.011,-73.78230381639274,-0.451,-0.063,56.96527671813965,1.013,0.04,1.057
-0.014,-73.78230381639274,-0.591,0.007,56.96554708480835,1.013,0.038,0.917
-0.013,-73.78230381639274,-0.381,-0.028,56.96581196784973,1.01,0.036,1.232
-0.012,-73.78230381639274,-0.486,-0.028,56.966068744659424,1.01,0.038,0.987
-0.008,-73.78230381639274,-0.451,0.112,56.96632695198059,1.014,0.036,0.987
-0.009,-73.70777134155657,-0.381,0.077,56.96659588813782,1.009,0.032,1.057
-0.013,-72.53279325358903,-0.486,-0.063,56.966856479644775,1.015,0.044,1.057
-0.012,-72.53279325358903,-0.381,0.007,56.967114210128784,1.008,0.033,0.917
-0.011,-72.53279325358903,-0.626,0.112,56.97143602371216,1.012,0.039,0.882
-0.012,-72.53279325358903,-0.381,-0.098,57.58613181114197,1.008,0.034,1.092
-0.011,-73.02102948365685,-0.416,0.007,57.586841106414795,1.013,0.043,0.952
-0.012,-73.02102948365685,-0.626,0.042,57.58909797668457,1.011,0.036,1.022
-0.014,-73.02102948365685,-0.346,-0.028,57.589484214782715,1.009,0.037,1.022
-0.012,-73.02102948365685,-0.556,0.077,57.58981800079346,1.009,0.034,0.882
-0.011,-73.26958817406452,-0.346,-0.063,57.590144634246826,1.014,0.039,1.022
-0.01,-73.26958817406452,-0.416,-0.063,57.59048080444336,1.014,0.039,0.672
-0.011,-73.26958817406452,-0.521,-0.098,57.59081196784973,1.014,0.039,1.232
-0.011,-73.26958817406452,-0.521,0.007,57.5910758972168,1.007,0.031,0.847
-0.014,-73.26958817406452,-0.416,0.007,57.59134364128113,1.01,0.032,1.092
-0.013,-73.26958817406452,-0.346,-0.098,57.591707944869995,1.011,0.041,1.162
-0.013,-73.26958817406452,-0.416,0.077,57.592907667160034,1.013,0.04,1.057
-0.015,-73.26958817406452,-0.556,0.042,58.230063915252686,1.013,0.038,0.882
-0.01,-73.91956379135097,-0.451,-0.098,58.23065400123596,1.013,0.037,1.092
-0.011,-73.91956379135097,-0.486,0.077,58.23269701004028,1.01,0.035,0.847
-0.01,-73.91956379135097,-0.556,0.007,58.232996463775635,1.011,0.037,1.092
-0.008,-73.91956379135097,-0.521,0.042,58.233256101608276,1.014,0.041,0.952
-0.008,-73.91956379135097,-0.486,-0.028,58.23350501060486,1.014,0.039,1.267
-0.011,-73.91956379135097,-0.416,0.077,58.23374581336975,1.013,0.037,0.987
-0.011,-73.91956379135097,-0.486,-0.133,58.23398733139038,1.013,0.038,1.162
-0.011,-73.91956379135097,-0.556,0.007,58.2342255115509,1.007,0.031,1.092
-0.014,-73.91956379135097,-0.276,0.007,58.23447251319885,1.017,0.045,1.057
-0.014,-73.9339065087359,-0.451,-0.028,58.23471522331238,1.011,0.035,1.197
-0.013,-73.9339065087359,-0.591,0.007,58.234965324401855,1.008,0.032,0.987
-0.011,-73.9339065087359,-0.486,0.042,58.91579580307007,1.008,0.031,1.022
-0.011,-73.77482811329082,-0.591,-0.028,58.91641187667847,1.014,0.039,0.952
-0.011,-73.77482811329082,-0.451,-0.028,58.9184672832489,1.012,0.036,0.987
-0.013,-73.77482811329082,-0.276,-0.133,58.91882514953613,1.013,0.036,1.057
-0.011,-73.77482811329082,-0.451,-0.203,58.91917943954468,1.011,0.038,1.057
-0.01,-73.77482811329082,-0.346,0.077,58.91948938369751,1.012,0.038,0.987
-0.013,-73.77482811329082,-0.416,-0.098,58.919816732406616,1.013,0.034,1.302
-0.01,-73.77482811329082,-0.451,-0.098,58.92011570930481,1.006,0.03,1.092
-0.012,-73.77482811329082,-0.381,0.182,58.92039251327515,1.011,0.043,1.022
-0.016,-73.84321271943429,-0.451,-0.063,58.92064189910889,1.011,0.039,1.267
-0.009,-73.84321271943429,-0.416,-0.063,58.92087960243225,1.013,0.037,0.637
-0.008,-73.84321271943429,-0.521,0.007,58.92235827445984,1.01,0.034,1.162
-0.014,-73.84321271943429,-0.556,-0.063,59.557671785354614,1.01,0.034,1.197
-0.01,-73.57698644094374,-0.521,0.147,59.559929609298706,1.014,0.041,0.917
-0.015,-73.57698644094374,-0.486,-0.098,59.56037211418152,1.01,0.035,1.162
-0.011,-73.57698644094374,-0.521,-0.063,59.56076169013977,1.011,0.036,1.057
-0.011,-73.82203335170479,-0.451,-0.098,59.561142444610596,1.012,0.038,0.952
-0.013,-73.82203335170479,-0.626,0.042,59.56150770187378,1.011,0.037,0.987
-0.014,-73.82203335170479,-0.451,0.112,59.56185698509216,1.014,0.037,0.952
-0.015,-73.82203335170479,-0.416,-0.028,59.562166929244995,1.011,0.038,0.987
-0.013,-73.82203335170479,-0.521,0.007,59.56243419647217,1.013,0.038,1.092
-0.01,-73.82203335170479,-0.346,0.007,59.56268262863159,1.01,0.032,1.092
-0.009,-73.82203335170479,-0.486,-0.028,59.56292986869812,1.018,0.045,1.057
-0.01,-73.82203335170479,-0.451,0.042,59.56317591667175,1.015,0.037,0.847
-0.01,-73.82203335170479,-0.486,0.112,60.26058650016785,1.012,0.037,1.092
-0.013,-74.21627504980302,-0.521,0.077,60.2611620426178,1.011,0.037,0.847
-0.017,-73.34917035895272,-0.451,0.007,60.26323199272156,1.012,0.036,1.092
-0.009,-73.34917035895272,-0.451,-0.098,60.263553857803345,1.013,0.034,0.882
-0.01,-73.34917035895272,-0.591,0.112,60.263829708099365,1.014,0.04,1.057
-0.017,-73.34917035895272,-0.381,-0.028,60.26409029960632,1.01,0.036,0.847
-0.011,-73.34917035895272,-0.416,-0.063,60.26435470581055,1.014,0.036,1.162
-0.009,-73.34917035895272,-0.486,-0.063,60.26461124420166,1.01,0.036,0.812
-0.016,-73.34917035895272,-0.416,0.077,60.26486825942993,1.013,0.038,1.337
-0.013,-73.34917035895272,-0.626,0.042,60.26514768600464,1.012,0.037,1.057
-0.013,-73.34917035895272,-0.416,-0.098,60.265434980392456,1.011,0.035,0.917
-0.011,-73.85617553063733,-0.346,0.042,60.91159009933472,1.01,0.035,1.127
-0.015,-73.67529574303813,-0.451,-0.098,60.91285800933838,1.011,0.034,1.092
-0.014,-73.67529574303813,-0.486,0.007,60.914116621017456,1.012,0.036,0.847
-0.011,-73.67529574303813,-0.276,-0.063,60.91485953330994,1.011,0.038,1.162
-0.012,-73.67529574303813,-0.521,0.042,60.91698408126831,1.011,0.033,1.057
-0.014,-73.2556378991063,-0.451,-0.028,60.91730761528015,1.01,0.035,0.987
-0.012,-73.2556378991063,-0.416,-0.028,60.917612075805664,1.009,0.039,0.987
-0.012,-73.2556378991063,-0.591,0.007,60.91793084144592,1.012,0.038,0.987
-0.013,-73.2556378991063,-0.416,0.147,60.91835880279541,1.014,0.039,1.092
-0.013,-73.2556378991063,-0.521,0.007,60.91870141029358,1.013,0.037,1.302
-0.01,-73.2556378991063,-0.311,-0.133,60.9189989566803,1.007,0.034,0.847
-0.014,-73.2556378991063,-0.486,-0.063,60.921619176864624,1.014,0.037,0.917
-0.013,-73.2556378991063,-0.486,0.077,61.62952375411987,1.017,0.041,1.162
-0.015,-73.18680874808743,-0.486,0.042,61.630229473114014,1.007,0.029,0.952
-0.013,-73.18680874808743,-0.486,-0.098,61.63064169883728,1.009,0.034,0.952
-0.011,-73.37691056408194,-0.521,-0.063,61.63319969177246,1.013,0.041,1.057
-0.013,-73.37691056408194,-0.381,0.007,61.633556842803955,1.015,0.041,1.092
-0.011,-73.37691056408194,-0.486,0.042,61.63389563560486,1.011,0.034,1.022
-0.013,-73.37691056408194,-0.661,-0.063,61.63430404663086,1.005,0.03,1.232
-0.01,-73.37691056408194,-0.381,-0.028,61.63459348678589,1.018,0.047,1.057
-0.013,-73.37691056408194,-0.486,-0.063,61.634843826293945,1.009,0.033,0.987
-0.013,-73.37691056408194,-0.451,0.042,61.635079860687256,1.01,0.038,0.917
-0.011,-73.37691056408194,-0.346,-0.028,61.63531255722046,1.012,0.039,1.057
-0.012,-73.37691056408194,-0.451,-0.063,61.63554072380066,1.01,0.037,0.882
-0.011,-74.01232147895122,-0.521,-0.028,62.340649366378784,1.015,0.038,0.987
-0.014,-73.68997146678456,-0.591,-0.203,62.342937707901,1.015,0.041,1.267
-0.011,-73.68997146678456,-0.451,0.077,62.34334468841553,1.013,0.039,0.812
-0.014,-73.68997146678456,-0.451,-0.028,62.343655824661255,1.012,0.041,1.197
-0.011,-73.68997146678456,-0.661,0.007,62.34399676322937,1.011,0.043,0.952
-0.011,-73.68997146678456,-0.381,-0.028,62.344308376312256,1.011,0.036,0.882
-0.011,-73.68997146678456,-0.451,0.147,62.34462070465088,1.007,0.03,1.197
-0.011,-73.68997146678456,-0.381,-0.098,62.344929695129395,1.013,0.038,0.987
-0.014,-73.68997146678456,-0.451,-0.168,62.34523034095764,1.012,0.035,1.057
-0.015,-73.80762896466445,-0.591,0.007,62.345529317855835,1.009,0.038,1.127
-0.01,-73.80762896466445,-0.416,0.042,62.34582829475403,1.007,0.033,1.197
-0.016,-73.80762896466445,-0.521,0.007,62.99180579185486,1.015,0.043,0.987
-0.011,-73.00863295002284,-0.451,0.112,62.99416160583496,1.013,0.039,0.742
-0.012,-73.00863295002284,-0.311,-0.098,62.99453067779541,1.011,0.038,1.232
-0.013,-72.68356544458496,-0.591,-0.063,62.994813680648804,1.008,0.033,0.882
-0.011,-72.68356544458496,-0.451,0.077,62.995076417922974,1.012,0.038,0.917
-0.012,-72.68356544458496,-0.451,-0.063,62.995325803756714,1.01,0.036,1.162
-0.014,-72.68356544458496,-0.416,0.042,62.995572328567505,1.012,0.036,1.267
-0.012,-72.68356544458496,-0.381,0.042,62.99581480026245,1.009,0.037,0.637
-0.012,-72.68356544458496,-0.556,0.077,62.996055364608765,1.013,0.038,1.057
-0.012,-72.68356544458496,-0.486,-0.098,62.99630951881409,1.008,0.035,0.742
-0.009,-72.68356544458496,-0.486,-0.063,62.99656367301941,1.012,0.037,1.092
-0.01,-72.68356544458496,-0.486,0.112,63.661773920059204,1.012,0.041,0.847
-0.015,-72.97001716852564,-0.486,0.112,63.66395330429077,1.012,0.041,1.022
-0.014,-72.97001716852564,-0.346,-0.028,63.66432809829712,1.011,0.035,1.022
-0.01,-72.97001716852564,-0.451,0.007,63.664674282073975,1.011,0.037,1.022
-0.01,-74.46081315054457,-0.591,0.042,63.6649866104126,1.013,0.037,1.127
-0.013,-74.46081315054457,-0.276,0.042,63.66529154777527,1.014,0.039,1.092
-0.01,-74.46081315054457,-0.591,-0.168,63.66561484336853,1.013,0.038,0.777
-0.009,-74.46081315054457,-0.381,0.007,63.66595244407654,1.012,0.034,1.127
-0.013,-74.46081315054457,-0.556,0.077,63.666258573532104,1.012,0.038,0.707
-0.014,-74.46081315054457,-0.451,0.007,63.66659116744995,1.011,0.038,1.057
-0.009,-74.46081315054457,-0.381,0.007,63.66691446304321,1.01,0.037,0.882
-0.016,-74.46081315054457,-0.346,0.007,64.3346426486969,1.014,0.04,1.022
-0.011,-73.63338072707519,-0.276,-0.098,64.33532500267029,1.011,0.037,1.127
-0.009,-73.63338072707519,-0.521,0.007,65.00359797477722,1.012,0.036,1.092
-0.012,-73.63119563158786,-0.416,-0.063,65.00429487228394,1.012,0.037,0.952
